# Blender 4.4.3
# www.blender.org
o bunny
v -0.369590 0.003079 0.220942
v -0.370692 0.003327 0.243674
v -0.372354 0.005768 0.361835
v -0.499557 -0.002021 0.716684
v -0.461005 0.008164 0.448521
v -0.456151 0.048174 0.495053
v -0.471268 0.020724 0.481860
v -0.458841 0.050482 0.526811
v -0.478275 0.022621 0.526808
v -0.458291 0.047622 0.558753
v -0.474334 0.024120 0.573635
v -0.471813 0.015894 0.618273
v -0.470665 0.014693 0.662426
v -0.477795 0.014792 0.706405
v -0.420947 0.008427 0.402018
v -0.421996 0.057082 0.446152
v -0.437392 0.027047 0.430065
v -0.411846 0.086782 0.492243
v -0.432526 0.067789 0.481253
v -0.448753 0.040701 0.462810
v -0.411378 0.088912 0.516616
v -0.432046 0.073568 0.528001
v -0.435518 0.063901 0.573876
v -0.454104 0.043331 0.590840
v -0.423880 0.059084 0.615157
v -0.447674 0.038784 0.623716
v -0.417094 0.052480 0.648491
v -0.437824 0.036679 0.664570
v -0.414459 0.045794 0.724083
v -0.438470 0.036381 0.707722
v -0.375213 0.054311 0.401347
v -0.390998 0.024554 0.386949
v -0.373714 0.092246 0.451029
v -0.390890 0.071715 0.430252
v -0.407958 0.042671 0.414537
v -0.385335 0.098065 0.483497
v -0.405208 0.081095 0.463371
v -0.386061 0.099639 0.527026
v -0.408896 0.087302 0.544259
v -0.377068 0.098238 0.567884
v -0.404290 0.083177 0.577479
v -0.369876 0.093438 0.600738
v -0.390637 0.077524 0.619036
v -0.388959 0.061793 0.664007
v -0.412650 0.047438 0.674725
v -0.388314 0.051134 0.707945
v -0.412993 0.044853 0.697134
v -0.499152 -0.002596 0.741158
v -0.478256 0.013379 0.753413
v -0.470752 0.010046 0.798885
v -0.464196 0.006535 0.839397
v -0.454909 0.001819 0.869787
v -0.416241 0.046957 0.758367
v -0.443851 0.034448 0.753669
v -0.419171 0.053417 0.800548
v -0.443971 0.033664 0.799631
v -0.412712 0.220376 0.878692
v -0.415491 0.195799 0.871629
v -0.417246 0.157757 0.867034
v -0.420736 0.114166 0.860829
v -0.425547 0.069880 0.844967
v -0.443270 0.033167 0.844836
v -0.413561 0.231360 0.901244
v -0.423484 0.199955 0.898388
v -0.430439 0.158931 0.896190
v -0.433524 0.114140 0.894309
v -0.434085 0.068569 0.887762
v -0.432238 0.021996 0.888005
v -0.409446 0.274546 0.954685
v -0.417309 0.246048 0.938394
v -0.429272 0.204557 0.935547
v -0.433110 0.160160 0.933689
v -0.425228 0.115654 0.933025
v -0.422983 0.073900 0.920489
v -0.421396 0.042916 0.911147
v -0.414672 0.280023 0.981074
v -0.418777 0.246715 0.979477
v -0.422621 0.205258 0.970161
v -0.423381 0.165435 0.963576
v -0.420048 0.135402 0.955933
v -0.410462 0.283442 1.002144
v -0.415006 0.263385 1.000708
v -0.387034 0.048636 0.752650
v -0.365655 0.044015 0.764475
v -0.387976 0.056021 0.796998
v -0.366875 0.044391 0.786982
v -0.400871 0.220757 0.878518
v -0.397977 0.195431 0.869740
v -0.390272 0.157197 0.864195
v -0.391150 0.115419 0.854259
v -0.390930 0.077876 0.834975
v -0.391264 0.233746 0.898604
v -0.382739 0.203629 0.886777
v -0.377548 0.174312 0.880175
v -0.373669 0.094988 0.913361
v -0.376339 0.062405 0.905959
v -0.387206 0.022474 0.900870
v -0.377425 0.311924 0.961064
v -0.387844 0.291113 0.950360
v -0.390304 0.258327 0.928356
v -0.372653 0.230272 0.960702
v -0.373203 0.198584 0.954485
v -0.377794 0.158115 0.946930
v -0.387737 0.113727 0.936351
v -0.394914 0.073378 0.924281
v -0.399646 0.044002 0.915536
v -0.378450 0.318931 0.981028
v -0.394883 0.301837 0.979817
v -0.378511 0.277689 0.991487
v -0.386205 0.245553 0.983448
v -0.393279 0.204207 0.973918
v -0.397315 0.165005 0.966116
v -0.399724 0.134606 0.956544
v -0.378533 0.315179 0.999293
v -0.389201 0.296570 1.005007
v -0.396227 0.267778 1.001840
v -0.320949 0.046375 0.221323
v -0.340050 0.019526 0.214908
v -0.322895 0.047571 0.243752
v -0.345472 0.023857 0.255442
v -0.337196 0.012909 0.297835
v -0.325391 0.046864 0.359252
v -0.341666 0.018720 0.342892
v -0.270967 0.087323 0.222717
v -0.289747 0.060941 0.218218
v -0.296425 0.021801 0.203660
v -0.271659 0.087930 0.241626
v -0.293345 0.064579 0.252478
v -0.316896 0.042286 0.266832
v -0.286671 0.057803 0.297163
v -0.312098 0.036260 0.297634
v -0.294596 0.058341 0.343984
v -0.315385 0.036875 0.329236
v -0.228367 0.131724 0.222188
v -0.244203 0.105224 0.218453
v -0.249317 0.066044 0.209182
v -0.251074 0.022548 0.201816
v -0.228212 0.132552 0.241746
v -0.245750 0.107260 0.249206
v -0.263316 0.081902 0.264032
v -0.232346 0.097734 0.278929
v -0.250857 0.076046 0.297105
v -0.255190 0.073254 0.340443
v -0.199704 0.141567 0.219884
v -0.204171 0.109434 0.209100
v -0.205267 0.067662 0.209487
v -0.205638 0.022746 0.209226
v -0.200640 0.145644 0.251176
v -0.218490 0.122467 0.265367
v -0.188163 0.138198 0.280997
v -0.204743 0.112286 0.296605
v -0.223527 0.089058 0.310132
v -0.200395 0.109082 0.342725
v -0.223062 0.086876 0.341765
v -0.158908 0.145680 0.219278
v -0.159792 0.110714 0.208989
v -0.160033 0.068106 0.214889
v -0.160168 0.022837 0.218241
v -0.159044 0.156359 0.253972
v -0.158084 0.152958 0.296509
v -0.179445 0.130719 0.310725
v -0.138466 0.183042 0.359917
v -0.155017 0.160608 0.342806
v -0.177039 0.132243 0.342625
v -0.114242 0.145340 0.220150
v -0.114259 0.110316 0.209781
v -0.114296 0.068001 0.216421
v -0.114323 0.022865 0.221313
v -0.114278 0.161888 0.253829
v -0.097607 0.185260 0.317134
v -0.114686 0.171154 0.294423
v -0.110044 0.193051 0.346986
v -0.128012 0.175678 0.326905
v -0.069439 0.142673 0.222001
v -0.068578 0.109483 0.210834
v -0.068550 0.067765 0.216061
v -0.068521 0.022853 0.221527
v -0.068619 0.161296 0.252157
v -0.065059 0.187592 0.313958
v -0.068826 0.174937 0.285878
v -0.067842 0.198544 0.347502
v -0.027586 0.139096 0.225991
v -0.023060 0.109154 0.213910
v -0.022823 0.067736 0.214913
v -0.022697 0.022810 0.218235
v -0.023207 0.157136 0.253688
v -0.027804 0.185566 0.315721
v -0.023735 0.173352 0.287414
v -0.024773 0.194587 0.348654
v -0.339981 0.061931 0.388153
v -0.357722 0.035490 0.372586
v -0.339509 0.099973 0.444289
v -0.348418 0.082309 0.417635
v -0.342602 0.110287 0.482280
v -0.342981 0.113312 0.526184
v -0.340159 0.110027 0.570724
v -0.339285 0.100510 0.613336
v -0.359122 0.085527 0.633932
v -0.326357 0.092598 0.643268
v -0.344001 0.076126 0.666213
v -0.343600 0.056607 0.708073
v -0.325411 0.045476 0.731502
v -0.279953 0.092331 0.409550
v -0.297207 0.076671 0.386756
v -0.296836 0.102581 0.436313
v -0.314186 0.088369 0.412962
v -0.298008 0.116525 0.479760
v -0.298197 0.122294 0.525495
v -0.296995 0.119328 0.570857
v -0.296339 0.109244 0.612951
v -0.292554 0.097011 0.647044
v -0.297364 0.080893 0.674374
v -0.297118 0.061040 0.704369
v -0.292058 0.040902 0.729759
v -0.246717 0.098718 0.404659
v -0.256740 0.083419 0.378158
v -0.253931 0.109925 0.438670
v -0.256159 0.121641 0.480469
v -0.255979 0.127176 0.525681
v -0.252292 0.124402 0.571082
v -0.251445 0.113355 0.613417
v -0.250517 0.099042 0.648591
v -0.251450 0.082341 0.676364
v -0.251384 0.060592 0.702498
v -0.250687 0.034767 0.724756
v -0.189895 0.140931 0.405422
v -0.208178 0.114365 0.389930
v -0.226651 0.093118 0.372021
v -0.194603 0.149415 0.438993
v -0.217651 0.124639 0.435266
v -0.197707 0.153534 0.480159
v -0.222180 0.132504 0.480077
v -0.193777 0.150794 0.521339
v -0.220551 0.134353 0.525939
v -0.187518 0.143599 0.552886
v -0.207664 0.130485 0.571869
v -0.206148 0.116575 0.613889
v -0.205636 0.099977 0.648462
v -0.205724 0.080853 0.675365
v -0.205807 0.056026 0.699549
v -0.206045 0.022806 0.720440
v -0.145439 0.189976 0.392954
v -0.169499 0.161096 0.389000
v -0.183966 0.134499 0.374321
v -0.149456 0.197666 0.434267
v -0.174762 0.173194 0.434540
v -0.149091 0.198227 0.476149
v -0.174100 0.176017 0.480642
v -0.142991 0.190994 0.508942
v -0.160487 0.170021 0.525996
v -0.156963 0.151245 0.561529
v -0.166346 0.134393 0.586834
v -0.161215 0.119978 0.617689
v -0.160145 0.101472 0.649088
v -0.159982 0.080445 0.674751
v -0.159953 0.054725 0.696789
v -0.159794 0.021664 0.715436
v -0.110787 0.205877 0.389362
v -0.112273 0.213558 0.434037
v -0.112305 0.212162 0.478424
v -0.111516 0.198505 0.516966
v -0.120749 0.177107 0.543247
v -0.116404 0.155245 0.573185
v -0.133345 0.138140 0.592955
v -0.099745 0.140696 0.595909
v -0.115975 0.125487 0.617205
v -0.114614 0.104352 0.650326
v -0.114272 0.082410 0.676698
v -0.114043 0.056019 0.698735
v -0.113350 0.021854 0.718853
v -0.067988 0.209275 0.389220
v -0.068285 0.215470 0.434442
v -0.068714 0.213614 0.480562
v -0.070266 0.198754 0.524280
v -0.087619 0.181407 0.547130
v -0.056131 0.183655 0.549345
v -0.071233 0.164827 0.569763
v -0.066306 0.142941 0.597267
v -0.069327 0.125637 0.624021
v -0.068771 0.105982 0.654140
v -0.068591 0.085339 0.679784
v -0.068517 0.061244 0.701871
v -0.068002 0.033351 0.721728
v -0.023890 0.202946 0.389628
v -0.023578 0.208208 0.434280
v -0.023872 0.207585 0.479275
v -0.025107 0.197390 0.520211
v -0.025025 0.182949 0.549639
v -0.025288 0.162369 0.572683
v -0.027742 0.142362 0.598187
v -0.023638 0.125532 0.624654
v -0.023080 0.106637 0.655591
v -0.022838 0.087323 0.681886
v -0.022943 0.064532 0.704344
v -0.022771 0.038945 0.724706
v -0.358191 0.047951 0.738495
v -0.337997 0.038572 0.758340
v -0.363211 0.053073 0.815401
v -0.341888 0.034531 0.799357
v -0.371042 0.139814 0.872518
v -0.367398 0.107267 0.865151
v -0.360544 0.067718 0.848734
v -0.335694 0.032439 0.845288
v -0.371934 0.228378 0.914645
v -0.367086 0.197762 0.905616
v -0.364724 0.156808 0.894547
v -0.363786 0.111263 0.893745
v -0.358355 0.065869 0.884167
v -0.341663 0.020647 0.889911
v -0.365678 0.311096 0.961825
v -0.366731 0.287181 0.953105
v -0.367161 0.246868 0.940719
v -0.365006 0.203876 0.931463
v -0.365237 0.163039 0.923659
v -0.369177 0.128844 0.918895
v -0.319805 0.004657 0.912652
v -0.365207 0.317755 0.980570
v -0.365386 0.294454 0.979101
v -0.369480 0.263639 0.967931
v -0.367785 0.319080 0.996577
v -0.371562 0.305707 0.997876
v -0.295526 0.020368 0.758885
v -0.305551 0.010841 0.800189
v -0.297954 0.010464 0.845058
v -0.296198 0.018800 0.889109
v -0.292203 0.011755 0.928267
v -0.274609 0.011340 0.954283
v -0.255985 0.009349 0.743971
v -0.268007 0.006271 0.863189
v -0.233824 0.045159 0.910315
v -0.251521 0.022023 0.892582
v -0.238214 0.053019 0.938248
v -0.262197 0.031076 0.932775
v -0.234431 0.049304 0.966696
v -0.249086 0.023400 0.967684
v -0.223340 0.001368 0.733923
v -0.202734 0.051065 0.910921
v -0.206980 0.023827 0.897757
v -0.204466 0.065891 0.941950
v -0.193514 0.012252 0.952929
v -0.206935 0.062213 0.980232
v -0.207948 0.026251 0.980823
v -0.189341 0.061012 1.005525
v -0.194232 0.040813 1.001680
v -0.166942 0.053423 0.916012
v -0.168535 0.026361 0.910202
v -0.145311 0.092301 0.960176
v -0.164114 0.075213 0.943839
v -0.164599 0.022161 0.940165
v -0.149007 0.100155 0.987747
v -0.175072 0.081556 0.982241
v -0.146739 0.058743 0.993384
v -0.165360 0.036255 0.977496
v -0.146019 0.099367 1.021038
v -0.160845 0.072699 1.017186
v -0.172494 0.047711 1.003713
v -0.136126 0.100033 1.043443
v -0.145551 0.084275 1.039166
v -0.096394 -0.000311 0.730824
v -0.140000 0.054779 0.923184
v -0.145644 0.038448 0.919379
v -0.117885 0.096231 0.959528
v -0.123852 0.068818 0.944646
v -0.138402 0.042682 0.939909
v -0.101972 0.130915 1.005172
v -0.103356 0.095325 0.998846
v -0.115933 0.115331 0.988953
v -0.118453 0.071367 0.982385
v -0.137770 0.048901 0.966763
v -0.102093 0.135324 1.027205
v -0.106459 0.103964 1.025923
v -0.120779 0.118677 1.023152
v -0.127428 0.082266 1.019589
v -0.102262 0.131321 1.046069
v -0.114519 0.113112 1.049119
v -0.127908 0.092234 1.043151
v -0.063228 0.006497 0.735345
v -0.096146 0.099576 0.965296
v -0.100916 0.082406 0.955765
v -0.088377 0.130506 1.005577
v -0.089826 0.112645 0.989135
v -0.097236 0.088500 0.975347
v -0.087581 0.137372 1.026725
v -0.089527 0.121920 1.021998
v -0.090481 0.136700 1.044007
v -0.095582 0.124816 1.044399
v -0.021960 0.010712 0.739177
v -0.397663 -0.037658 0.224542
v -0.395409 -0.052314 0.224986
v -0.396944 -0.037719 0.237796
v -0.394654 -0.051965 0.236942
v -0.410457 -0.038331 0.370927
v -0.411094 -0.061632 0.368087
v -0.381430 -0.027183 0.218271
v -0.377930 -0.062211 0.219994
v -0.365016 -0.090965 0.221907
v -0.360319 -0.178044 0.221868
v -0.362073 -0.202859 0.220933
v -0.356978 -0.224176 0.223238
v -0.383050 -0.027444 0.248864
v -0.379166 -0.061611 0.246112
v -0.367339 -0.090311 0.240641
v -0.362298 -0.178486 0.239214
v -0.362528 -0.203543 0.239951
v -0.357053 -0.224546 0.236853
v -0.368920 -0.034945 0.271924
v -0.367535 -0.055603 0.270488
v -0.386159 -0.028378 0.356412
v -0.389415 -0.070976 0.352609
v -0.379274 -0.110428 0.354252
v -0.367894 -0.141786 0.360415
v -0.502470 -0.041132 0.500858
v -0.505041 -0.070037 0.497468
v -0.503505 -0.100226 0.499154
v -0.505945 -0.037713 0.531667
v -0.509988 -0.072459 0.530345
v -0.507861 -0.112132 0.528008
v -0.502413 -0.139170 0.541824
v -0.505559 -0.038601 0.572638
v -0.510949 -0.072484 0.572254
v -0.510135 -0.110561 0.571944
v -0.503664 -0.142843 0.576619
v -0.505701 -0.040015 0.617171
v -0.512924 -0.073351 0.617414
v -0.513078 -0.113345 0.617806
v -0.506260 -0.153639 0.620211
v -0.500306 -0.185426 0.635360
v -0.510299 -0.035447 0.661888
v -0.521697 -0.071670 0.662695
v -0.524686 -0.114376 0.662919
v -0.520656 -0.158180 0.663675
v -0.514137 -0.201324 0.665057
v -0.506802 -0.236406 0.675917
v -0.513822 -0.025630 0.706171
v -0.528948 -0.068324 0.708175
v -0.534856 -0.114058 0.708301
v -0.532271 -0.159911 0.708348
v -0.526003 -0.205452 0.708231
v -0.513726 -0.248305 0.708326
v -0.499682 -0.270116 0.717246
v -0.452969 -0.040793 0.412090
v -0.454843 -0.069571 0.410072
v -0.454528 -0.098484 0.413227
v -0.468786 -0.026844 0.438279
v -0.474056 -0.069349 0.437476
v -0.469911 -0.112875 0.438007
v -0.463318 -0.152528 0.449191
v -0.452217 -0.180337 0.456622
v -0.489461 -0.022313 0.480376
v -0.492858 -0.068983 0.470680
v -0.491269 -0.115478 0.476574
v -0.478765 -0.155582 0.482992
v -0.460177 -0.187734 0.485831
v -0.495276 -0.009729 0.525959
v -0.498210 -0.131506 0.506973
v -0.489259 -0.159348 0.523813
v -0.466634 -0.190968 0.526528
v -0.493874 -0.008994 0.571774
v -0.487932 -0.166319 0.567444
v -0.466699 -0.194141 0.571848
v -0.491943 -0.012435 0.616165
v -0.489744 -0.173569 0.602689
v -0.476361 -0.202497 0.617221
v -0.465173 -0.233333 0.634205
v -0.493805 -0.009457 0.657265
v -0.492239 -0.219883 0.646367
v -0.480596 -0.253025 0.660370
v -0.466678 -0.275410 0.680048
v -0.497431 -0.004658 0.689863
v -0.494318 -0.265042 0.689917
v -0.477430 -0.282617 0.709297
v -0.430180 -0.028230 0.392143
v -0.430215 -0.071542 0.386034
v -0.432958 -0.113411 0.395988
v -0.420232 -0.153070 0.402186
v -0.412131 -0.181514 0.413904
v -0.446580 -0.008501 0.418402
v -0.449796 -0.128714 0.418495
v -0.441847 -0.159495 0.426428
v -0.427782 -0.192945 0.440465
v -0.432869 -0.211677 0.479575
v -0.413688 -0.229882 0.494367
v -0.439695 -0.214864 0.524985
v -0.415422 -0.232215 0.525414
v -0.435111 -0.216375 0.568863
v -0.413454 -0.230227 0.556109
v -0.440216 -0.219690 0.603968
v -0.431621 -0.241481 0.625318
v -0.434708 -0.262177 0.653167
v -0.435531 -0.282272 0.677540
v -0.437522 -0.291349 0.711199
v -0.403442 -0.009753 0.377660
v -0.409165 -0.087253 0.369241
v -0.403540 -0.118674 0.374316
v -0.387709 -0.156657 0.381800
v -0.382600 -0.190516 0.402330
v -0.389949 -0.214155 0.432282
v -0.373602 -0.232757 0.451091
v -0.405560 -0.223396 0.462222
v -0.386109 -0.239605 0.481744
v -0.384428 -0.243727 0.525926
v -0.411266 -0.227470 0.580628
v -0.387434 -0.238859 0.571233
v -0.412604 -0.229137 0.601686
v -0.390258 -0.242062 0.615896
v -0.388570 -0.260534 0.661095
v -0.405324 -0.279398 0.680868
v -0.376237 -0.264973 0.707824
v -0.401372 -0.284529 0.712188
v -0.512472 -0.026636 0.750891
v -0.526201 -0.068310 0.754571
v -0.532575 -0.114031 0.754342
v -0.530136 -0.160143 0.754354
v -0.523104 -0.205608 0.754027
v -0.511044 -0.247227 0.750642
v -0.498548 -0.269671 0.739973
v -0.508970 -0.037169 0.785524
v -0.517151 -0.068466 0.800832
v -0.524825 -0.113920 0.799456
v -0.521824 -0.160108 0.799647
v -0.512990 -0.205028 0.799004
v -0.504224 -0.237326 0.785267
v -0.511995 -0.077581 0.840393
v -0.517583 -0.115805 0.840295
v -0.511845 -0.158083 0.841633
v -0.504155 -0.192009 0.831392
v -0.501803 -0.084184 0.867529
v -0.504338 -0.113939 0.870114
v -0.500942 -0.143936 0.866790
v -0.495766 -0.008917 0.770762
v -0.491989 -0.263541 0.770045
v -0.476642 -0.282189 0.749967
v -0.492598 -0.019267 0.804583
v -0.502679 -0.045722 0.818538
v -0.493823 -0.224847 0.819000
v -0.480249 -0.253769 0.803036
v -0.466657 -0.275085 0.781599
v -0.481700 -0.022105 0.842427
v -0.495713 -0.051576 0.848424
v -0.491669 -0.177141 0.858197
v -0.479492 -0.209246 0.847856
v -0.467277 -0.237115 0.831112
v -0.465022 -0.027881 0.874087
v -0.477657 -0.067375 0.879581
v -0.475290 -0.113174 0.885658
v -0.475763 -0.156955 0.878602
v -0.464349 -0.188592 0.869784
v -0.437970 -0.289529 0.750453
v -0.435147 -0.260689 0.809377
v -0.436233 -0.279596 0.784458
v -0.434206 -0.218957 0.856366
v -0.434785 -0.242887 0.836302
v -0.431383 -0.023757 0.892074
v -0.434342 -0.068348 0.895708
v -0.433812 -0.113797 0.896604
v -0.433594 -0.157140 0.889565
v -0.430927 -0.193165 0.876749
v -0.379123 -0.260570 0.753831
v -0.403555 -0.281084 0.749895
v -0.371343 -0.226171 0.817000
v -0.390460 -0.251399 0.798965
v -0.407646 -0.272703 0.780757
v -0.388267 -0.218678 0.848423
v -0.402691 -0.239991 0.829907
v -0.389404 -0.023049 0.900136
v -0.388355 -0.068242 0.901248
v -0.388988 -0.113808 0.899037
v -0.388914 -0.157282 0.890799
v -0.391646 -0.193547 0.875790
v -0.342516 -0.023158 0.203236
v -0.341484 -0.067763 0.205477
v -0.341346 -0.112486 0.215178
v -0.340630 -0.159465 0.215613
v -0.336671 -0.200710 0.210578
v -0.334335 -0.231721 0.220201
v -0.361841 -0.008280 0.266430
v -0.360301 -0.081148 0.262561
v -0.351289 -0.114467 0.252120
v -0.348177 -0.160100 0.253504
v -0.341337 -0.203797 0.259584
v -0.335285 -0.232682 0.244328
v -0.353823 -0.025185 0.294056
v -0.353978 -0.067827 0.292139
v -0.342754 -0.112624 0.293462
v -0.331801 -0.156802 0.296902
v -0.324133 -0.190559 0.285175
v -0.357288 -0.024278 0.331475
v -0.360981 -0.068790 0.327731
v -0.352489 -0.112947 0.331370
v -0.338775 -0.155186 0.344137
v -0.324278 -0.184223 0.360546
v -0.297246 -0.022859 0.197564
v -0.297153 -0.068493 0.198679
v -0.297673 -0.114070 0.201304
v -0.297569 -0.159366 0.201938
v -0.296291 -0.202439 0.204381
v -0.295863 -0.236133 0.219721
v -0.314165 -0.220206 0.271966
v -0.297567 -0.240163 0.253325
v -0.312671 -0.179364 0.309002
v -0.297171 -0.208316 0.300355
v -0.282189 -0.229652 0.280256
v -0.314630 -0.175631 0.334961
v -0.295625 -0.200551 0.344715
v -0.251302 -0.022859 0.198807
v -0.251387 -0.068553 0.199500
v -0.251557 -0.114223 0.200039
v -0.251538 -0.159520 0.200225
v -0.251306 -0.202846 0.204134
v -0.251048 -0.238100 0.219348
v -0.251867 -0.245627 0.252880
v -0.253662 -0.222498 0.311113
v -0.247929 -0.235504 0.285248
v -0.252853 -0.220485 0.342916
v -0.239516 -0.229765 0.363460
v -0.205619 -0.022851 0.206108
v -0.205575 -0.068547 0.203658
v -0.205586 -0.114273 0.202954
v -0.205577 -0.159938 0.203538
v -0.205556 -0.205076 0.206354
v -0.204506 -0.247270 0.217867
v -0.184688 -0.271804 0.223525
v -0.207856 -0.257540 0.254462
v -0.185393 -0.275806 0.244299
v -0.213438 -0.229650 0.315907
v -0.207212 -0.243683 0.290345
v -0.210208 -0.227270 0.342685
v -0.215948 -0.231449 0.363682
v -0.160139 -0.022860 0.215710
v -0.160015 -0.068534 0.212114
v -0.159975 -0.114271 0.211076
v -0.160010 -0.159940 0.211919
v -0.159959 -0.205111 0.211031
v -0.159531 -0.247479 0.211429
v -0.154804 -0.279567 0.222377
v -0.178007 -0.267558 0.270594
v -0.157156 -0.285676 0.253590
v -0.184415 -0.236606 0.319037
v -0.166839 -0.255466 0.302820
v -0.146115 -0.277477 0.284512
v -0.181046 -0.232519 0.343611
v -0.158706 -0.248838 0.344833
v -0.114348 -0.022848 0.220925
v -0.114391 -0.068560 0.219521
v -0.114422 -0.114283 0.219360
v -0.114420 -0.159971 0.219857
v -0.114339 -0.205173 0.216762
v -0.114130 -0.247666 0.212508
v -0.114056 -0.281606 0.222318
v -0.113838 -0.291268 0.255666
v -0.136188 -0.268510 0.313821
v -0.112507 -0.285684 0.298092
v -0.131585 -0.266850 0.344551
v -0.105439 -0.287264 0.343796
v -0.068497 -0.022841 0.221364
v -0.068497 -0.068565 0.220429
v -0.068537 -0.114288 0.220915
v -0.068568 -0.159966 0.221833
v -0.068471 -0.205062 0.218393
v -0.068237 -0.247038 0.214889
v -0.072448 -0.278369 0.224389
v -0.068354 -0.289403 0.255762
v -0.068245 -0.294605 0.297714
v -0.067866 -0.303365 0.341423
v -0.022760 -0.022838 0.216058
v -0.022805 -0.068573 0.214447
v -0.022784 -0.114323 0.216327
v -0.022759 -0.160014 0.219828
v -0.022545 -0.205508 0.218021
v -0.021583 -0.249169 0.219074
v -0.038230 -0.273821 0.228726
v -0.004152 -0.268590 0.234908
v -0.022233 -0.284617 0.254115
v -0.023016 -0.298872 0.297081
v -0.024633 -0.312656 0.340507
v -0.013348 -0.320184 0.364096
v -0.355491 -0.170810 0.371777
v -0.341687 -0.198617 0.388260
v -0.349052 -0.220898 0.417550
v -0.340455 -0.238421 0.443935
v -0.342901 -0.249341 0.481694
v -0.342426 -0.252104 0.526043
v -0.342910 -0.245434 0.571588
v -0.321082 -0.227736 0.638555
v -0.342299 -0.238072 0.617708
v -0.324060 -0.224253 0.669077
v -0.351425 -0.242457 0.662978
v -0.325378 -0.220699 0.709683
v -0.350451 -0.243357 0.707826
v -0.302063 -0.215651 0.383841
v -0.283061 -0.231398 0.403245
v -0.316753 -0.226696 0.411338
v -0.298658 -0.240366 0.434473
v -0.297709 -0.251799 0.479339
v -0.297219 -0.253879 0.525107
v -0.297152 -0.246752 0.568492
v -0.290724 -0.222891 0.634420
v -0.296676 -0.235849 0.606030
v -0.291663 -0.209678 0.667569
v -0.276967 -0.174586 0.725145
v -0.295331 -0.197766 0.707880
v -0.268955 -0.223653 0.371713
v -0.248680 -0.234348 0.391769
v -0.252293 -0.243879 0.434331
v -0.252364 -0.251714 0.479630
v -0.252056 -0.252319 0.524959
v -0.251352 -0.245237 0.567183
v -0.250295 -0.219207 0.632053
v -0.251304 -0.233883 0.602380
v -0.235305 -0.180269 0.685870
v -0.250611 -0.199062 0.665097
v -0.234856 -0.129949 0.727775
v -0.247225 -0.162410 0.710881
v -0.265569 -0.186104 0.693473
v -0.196509 -0.230864 0.366056
v -0.204849 -0.237182 0.390153
v -0.208233 -0.247645 0.434207
v -0.209961 -0.255218 0.479684
v -0.209107 -0.255298 0.524913
v -0.205439 -0.248058 0.567124
v -0.206521 -0.219495 0.630985
v -0.205715 -0.234978 0.602251
v -0.204867 -0.178794 0.682676
v -0.205246 -0.199626 0.659894
v -0.191001 -0.006634 0.727620
v -0.189576 -0.086955 0.729598
v -0.201999 -0.116076 0.722873
v -0.203858 -0.153659 0.703974
v -0.176740 -0.236034 0.368587
v -0.162242 -0.251055 0.389294
v -0.139360 -0.273995 0.406286
v -0.170701 -0.260797 0.434847
v -0.143712 -0.283298 0.439186
v -0.175240 -0.267555 0.479803
v -0.148984 -0.288103 0.479746
v -0.172376 -0.266713 0.524855
v -0.145092 -0.285828 0.520053
v -0.159269 -0.258853 0.568549
v -0.139262 -0.276881 0.550181
v -0.165151 -0.221787 0.635303
v -0.160591 -0.240000 0.606531
v -0.173879 -0.179560 0.682624
v -0.159467 -0.200464 0.664428
v -0.159800 -0.010747 0.725788
v -0.161449 -0.086289 0.728813
v -0.162400 -0.119075 0.719553
v -0.158237 -0.157999 0.701306
v -0.142232 -0.183122 0.685956
v -0.134786 -0.268642 0.376171
v -0.112664 -0.290856 0.389864
v -0.114902 -0.305274 0.433298
v -0.094828 -0.319983 0.448365
v -0.121937 -0.308150 0.479123
v -0.097338 -0.322121 0.478532
v -0.111453 -0.304655 0.523487
v -0.093605 -0.319342 0.507061
v -0.114822 -0.264113 0.583915
v -0.108581 -0.285559 0.557024
v -0.132356 -0.226683 0.639218
v -0.115546 -0.243650 0.618015
v -0.115167 -0.213581 0.663918
v -0.099113 -0.231757 0.644181
v -0.128671 -0.006978 0.726765
v -0.134966 -0.090655 0.730843
v -0.127679 -0.119521 0.725223
v -0.112328 -0.156162 0.714162
v -0.109248 -0.188798 0.692037
v -0.074850 -0.311803 0.382591
v -0.054961 -0.322617 0.402128
v -0.087267 -0.315800 0.415215
v -0.066413 -0.325923 0.434902
v -0.064256 -0.327965 0.476510
v -0.067989 -0.311092 0.539010
v -0.063667 -0.323683 0.512360
v -0.072869 -0.270538 0.590137
v -0.067539 -0.291010 0.566109
v -0.068947 -0.252950 0.618374
v -0.069056 -0.218854 0.674183
v -0.064630 -0.236420 0.648554
v -0.067673 -0.169828 0.720771
v -0.067715 -0.196471 0.699622
v -0.042555 -0.317664 0.369617
v -0.022657 -0.324409 0.390812
v -0.023808 -0.328973 0.433650
v -0.022558 -0.329264 0.476949
v -0.021850 -0.312398 0.542125
v -0.025466 -0.324359 0.513516
v -0.038794 -0.274018 0.593107
v -0.022734 -0.290771 0.573060
v -0.023000 -0.259641 0.615745
v -0.012332 -0.275244 0.594232
v -0.023051 -0.222141 0.678487
v -0.022243 -0.239393 0.649900
v -0.022767 -0.176739 0.725368
v -0.022833 -0.200871 0.703826
v -0.332441 -0.215388 0.754217
v -0.354950 -0.239026 0.750222
v -0.325969 -0.179493 0.815203
v -0.342751 -0.206870 0.800370
v -0.362190 -0.232642 0.785010
v -0.331855 -0.172009 0.846680
v -0.352934 -0.199204 0.841592
v -0.349018 -0.022716 0.902661
v -0.341745 -0.066516 0.901719
v -0.346391 -0.112774 0.892410
v -0.346440 -0.156288 0.879145
v -0.360480 -0.185875 0.869498
v -0.321146 -0.021986 0.917218
v -0.321681 -0.047067 0.912717
v -0.277484 -0.008522 0.771697
v -0.276011 -0.128729 0.770159
v -0.286691 -0.161301 0.758203
v -0.307295 -0.191670 0.749965
v -0.283895 -0.025206 0.800232
v -0.281729 -0.068637 0.807787
v -0.287737 -0.113272 0.800367
v -0.305301 -0.157034 0.799274
v -0.318476 -0.186288 0.783908
v -0.282646 -0.025804 0.835027
v -0.286295 -0.067140 0.845718
v -0.299380 -0.110141 0.841050
v -0.312837 -0.146843 0.839200
v -0.300190 -0.070324 0.887331
v -0.313893 -0.109088 0.875729
v -0.321898 -0.139887 0.868064
v -0.290738 -0.019631 0.932608
v -0.296639 -0.047015 0.914335
v -0.275105 -0.007215 0.952758
v -0.250160 -0.025787 0.757576
v -0.244543 -0.067470 0.756938
v -0.252278 -0.110182 0.752159
v -0.261921 -0.145036 0.740109
v -0.267984 -0.039042 0.780600
v -0.267630 -0.068202 0.781765
v -0.270048 -0.097724 0.777792
v -0.262317 -0.021962 0.859163
v -0.270893 -0.047718 0.862412
v -0.245503 -0.018381 0.891775
v -0.269776 -0.047699 0.889220
v -0.252620 -0.022750 0.930030
v -0.271638 -0.041431 0.914160
v -0.250734 -0.004468 0.959047
v -0.207025 -0.028188 0.737669
v -0.205130 -0.064927 0.737903
v -0.221452 -0.095882 0.737584
v -0.210370 -0.004511 0.904189
v -0.211723 -0.007513 0.935058
v -0.222366 0.002419 0.962041
v -0.160113 -0.035120 0.733066
v -0.160497 -0.062081 0.733800
v -0.183953 0.005188 0.909896
v -0.183865 0.003309 0.928368
v -0.113337 -0.029600 0.734957
v -0.115818 -0.070382 0.736945
v -0.101520 -0.108681 0.735421
v -0.092960 -0.137758 0.729520
v -0.067930 -0.027686 0.743052
v -0.069082 -0.068937 0.746433
v -0.064909 -0.109844 0.744097
v -0.062166 -0.143930 0.735754
v -0.022877 -0.025861 0.749377
v -0.023133 -0.068667 0.753664
v -0.022353 -0.111693 0.750561
v -0.021787 -0.148766 0.740317
v 0.006126 0.135582 0.230354
v 0.022569 0.112111 0.217938
v 0.022531 0.068592 0.211126
v 0.022989 0.022991 0.210375
v 0.022184 0.149709 0.254583
v 0.040042 0.132020 0.234790
v 0.003667 0.181627 0.320547
v 0.021214 0.169328 0.296807
v 0.015748 0.186783 0.350275
v 0.035585 0.176586 0.330035
v 0.064157 0.103986 0.219113
v 0.066128 0.066485 0.208787
v 0.069330 0.023021 0.205846
v 0.063503 0.144392 0.264717
v 0.072553 0.125996 0.240691
v 0.065959 0.158964 0.301635
v 0.044620 0.181825 0.363050
v 0.067772 0.170903 0.345381
v 0.095499 0.096410 0.227929
v 0.104129 0.065345 0.218395
v 0.116319 0.024540 0.213536
v 0.095266 0.134796 0.272694
v 0.110697 0.111191 0.254096
v 0.128553 0.074176 0.240371
v 0.136744 0.044857 0.229889
v 0.106930 0.143985 0.303580
v 0.123326 0.122956 0.285252
v 0.107533 0.154255 0.345179
v 0.156705 0.011079 0.221540
v 0.139878 0.096897 0.271420
v 0.158980 0.067220 0.261917
v 0.165903 0.036509 0.240845
v 0.133428 0.132613 0.317156
v 0.148942 0.110383 0.302683
v 0.172716 0.080856 0.296368
v 0.138875 0.136799 0.348599
v 0.163962 0.112122 0.343454
v 0.180474 0.088629 0.326994
v 0.188971 0.003036 0.230262
v 0.189339 0.049166 0.270991
v 0.205484 0.022021 0.252643
v 0.202914 0.058016 0.302646
v 0.219411 0.036279 0.284018
v 0.186459 0.094772 0.358723
v 0.203856 0.072224 0.343505
v 0.244695 0.008586 0.266029
v 0.227926 0.045782 0.316914
v 0.248748 0.028064 0.301670
v 0.230280 0.049899 0.348635
v 0.256554 0.030263 0.344319
v 0.272428 -0.001452 0.276299
v 0.282353 0.007260 0.303523
v 0.286997 0.011038 0.343079
v 0.016860 0.193755 0.390836
v 0.018044 0.197844 0.434395
v 0.017528 0.197042 0.478502
v 0.016670 0.188521 0.519959
v 0.036099 0.171705 0.539143
v 0.004955 0.177982 0.547972
v 0.020135 0.157562 0.568638
v 0.037640 0.137379 0.589951
v 0.005238 0.141271 0.594556
v 0.021937 0.124527 0.617397
v 0.021845 0.105399 0.653365
v 0.023073 0.087108 0.681376
v 0.022304 0.064769 0.704211
v 0.022905 0.039147 0.724525
v 0.049452 0.185160 0.394759
v 0.077670 0.173883 0.389766
v 0.052144 0.187255 0.434484
v 0.081057 0.174913 0.434363
v 0.050989 0.186484 0.474773
v 0.078977 0.172611 0.479038
v 0.046523 0.182190 0.507208
v 0.069097 0.166413 0.522552
v 0.063313 0.149984 0.558429
v 0.072348 0.130813 0.584911
v 0.067507 0.115282 0.617289
v 0.063926 0.099846 0.649948
v 0.069048 0.081640 0.675803
v 0.065190 0.060537 0.700120
v 0.068196 0.033692 0.719601
v 0.111198 0.158371 0.389055
v 0.112777 0.159289 0.434043
v 0.111591 0.156242 0.478372
v 0.109161 0.148034 0.520476
v 0.128259 0.130445 0.540158
v 0.096679 0.140842 0.551616
v 0.114351 0.122649 0.573318
v 0.110762 0.103969 0.613759
v 0.129779 0.083625 0.633413
v 0.097839 0.091797 0.644112
v 0.115436 0.069794 0.664560
v 0.131529 0.040431 0.682832
v 0.100024 0.052102 0.692184
v 0.112688 0.021415 0.708660
v 0.141216 0.140840 0.389568
v 0.166246 0.119810 0.388673
v 0.142293 0.142232 0.433218
v 0.167617 0.122655 0.434028
v 0.140679 0.140675 0.474359
v 0.165595 0.122349 0.479044
v 0.136914 0.136867 0.507078
v 0.157340 0.119267 0.523790
v 0.155839 0.104561 0.566860
v 0.175226 0.082749 0.585026
v 0.143357 0.096035 0.599955
v 0.160782 0.075593 0.617603
v 0.154630 0.055227 0.650382
v 0.161991 0.022179 0.672296
v 0.143504 0.007942 0.695095
v 0.189942 0.098240 0.392843
v 0.211002 0.073814 0.388734
v 0.192178 0.100397 0.434933
v 0.214129 0.075402 0.434195
v 0.192226 0.101013 0.478938
v 0.215009 0.076901 0.479561
v 0.187932 0.098124 0.520277
v 0.211302 0.074185 0.524000
v 0.183890 0.090137 0.553057
v 0.202969 0.065873 0.568390
v 0.217368 0.036397 0.583861
v 0.191156 0.053735 0.609732
v 0.210633 0.019360 0.615173
v 0.180269 0.043955 0.637673
v 0.189523 0.016523 0.647266
v 0.232800 0.049865 0.389650
v 0.256836 0.026812 0.388075
v 0.234201 0.049308 0.434043
v 0.256259 0.018809 0.433031
v 0.233991 0.050746 0.478650
v 0.250697 0.017289 0.479086
v 0.231267 0.049663 0.519911
v 0.245138 0.017304 0.523697
v 0.224686 0.046026 0.552334
v 0.235282 0.017350 0.565139
v 0.228305 0.004441 0.594813
v 0.283727 0.006960 0.383280
v 0.277602 -0.000581 0.415637
v 0.021818 0.010916 0.739877
v 0.062533 0.007430 0.736086
v 0.093480 0.002439 0.728028
v 0.022773 -0.022806 0.207722
v 0.022727 -0.068582 0.206599
v 0.022770 -0.114306 0.208927
v 0.022891 -0.159535 0.214342
v 0.023001 -0.203340 0.215341
v 0.023077 -0.241782 0.220280
v 0.028508 -0.265561 0.240123
v 0.018985 -0.282757 0.263895
v 0.021974 -0.297095 0.300042
v 0.022835 -0.311520 0.341509
v 0.010644 -0.319561 0.364826
v 0.068734 -0.022685 0.204110
v 0.068548 -0.068533 0.204134
v 0.068511 -0.114237 0.204906
v 0.068420 -0.159366 0.208751
v 0.068261 -0.202289 0.212796
v 0.065021 -0.237969 0.223216
v 0.069151 -0.259908 0.251864
v 0.051368 -0.277188 0.271238
v 0.083559 -0.267720 0.282754
v 0.064026 -0.285429 0.301647
v 0.064875 -0.298646 0.343628
v 0.114709 -0.022206 0.206618
v 0.114261 -0.068385 0.204789
v 0.114150 -0.114071 0.205866
v 0.113472 -0.158929 0.210786
v 0.112132 -0.201633 0.219225
v 0.098528 -0.230404 0.228981
v 0.129313 -0.217181 0.242615
v 0.111153 -0.241767 0.257193
v 0.114177 -0.257447 0.298559
v 0.093819 -0.276042 0.314754
v 0.127529 -0.264062 0.342039
v 0.099707 -0.282732 0.347416
v 0.159113 -0.025904 0.211915
v 0.159051 -0.068867 0.208395
v 0.158755 -0.113005 0.212055
v 0.155641 -0.155448 0.221422
v 0.142554 -0.187922 0.230113
v 0.174570 -0.173996 0.242387
v 0.157773 -0.203154 0.256769
v 0.138786 -0.227583 0.270818
v 0.172459 -0.215030 0.294177
v 0.146255 -0.237125 0.302414
v 0.179545 -0.223517 0.326492
v 0.159418 -0.243129 0.343300
v 0.200838 -0.027288 0.221973
v 0.199726 -0.068569 0.217495
v 0.200648 -0.110159 0.222230
v 0.188990 -0.142677 0.229762
v 0.220009 -0.008214 0.238569
v 0.220807 -0.129424 0.237824
v 0.208961 -0.160801 0.250868
v 0.191233 -0.187706 0.267447
v 0.224189 -0.176807 0.277343
v 0.208382 -0.196411 0.298726
v 0.207106 -0.210074 0.342406
v 0.184922 -0.229461 0.359033
v 0.228373 -0.039595 0.229817
v 0.230313 -0.068471 0.227572
v 0.228275 -0.097436 0.229670
v 0.249279 -0.025838 0.245986
v 0.255837 -0.068612 0.242757
v 0.249621 -0.111750 0.244760
v 0.247142 -0.147848 0.261891
v 0.254624 -0.168431 0.287753
v 0.245081 -0.184925 0.310112
v 0.267820 -0.174261 0.358174
v 0.245818 -0.189653 0.344136
v 0.281677 -0.028646 0.267845
v 0.285643 -0.068507 0.262597
v 0.282000 -0.108975 0.264807
v 0.275786 -0.139586 0.275359
v 0.305891 -0.023503 0.299147
v 0.309719 -0.067867 0.286359
v 0.304943 -0.112390 0.289037
v 0.289668 -0.153028 0.302765
v 0.271503 -0.173845 0.312755
v 0.311510 -0.010067 0.342590
v 0.292048 -0.161922 0.342713
v 0.271415 -0.178129 0.332550
v 0.323767 -0.040168 0.316045
v 0.327784 -0.071542 0.311077
v 0.324549 -0.108524 0.312911
v 0.313924 -0.137052 0.317433
v 0.329012 -0.034623 0.346439
v 0.336844 -0.070324 0.345377
v 0.332934 -0.109204 0.346411
v 0.318997 -0.140350 0.344166
v 0.038384 -0.315514 0.372180
v 0.018350 -0.322765 0.392360
v 0.017189 -0.325918 0.434453
v 0.040238 -0.316434 0.498479
v 0.019925 -0.324863 0.477464
v 0.024673 -0.310210 0.531040
v 0.007784 -0.321810 0.508611
v 0.037451 -0.271088 0.590232
v 0.021364 -0.288397 0.569034
v 0.021361 -0.257362 0.614443
v 0.010472 -0.273843 0.592900
v 0.022630 -0.220995 0.676556
v 0.021429 -0.237428 0.647822
v 0.022796 -0.177289 0.725681
v 0.022774 -0.200567 0.703307
v 0.068122 -0.307462 0.387935
v 0.045669 -0.318364 0.404317
v 0.075854 -0.308482 0.433977
v 0.047650 -0.319913 0.434363
v 0.069815 -0.309441 0.480598
v 0.046706 -0.319438 0.464556
v 0.068550 -0.299257 0.523883
v 0.072336 -0.267233 0.585926
v 0.064021 -0.284762 0.559947
v 0.066358 -0.249639 0.615335
v 0.067349 -0.216245 0.670311
v 0.062468 -0.232802 0.644244
v 0.067614 -0.171023 0.721240
v 0.067270 -0.195750 0.698488
v 0.132653 -0.270011 0.382726
v 0.104679 -0.288244 0.388269
v 0.135964 -0.273466 0.415586
v 0.113636 -0.289718 0.432460
v 0.109265 -0.292010 0.478646
v 0.129642 -0.268463 0.541991
v 0.110347 -0.284296 0.521828
v 0.115047 -0.260909 0.574705
v 0.097988 -0.278028 0.553289
v 0.127423 -0.221014 0.631277
v 0.109303 -0.240696 0.612722
v 0.111313 -0.209541 0.659523
v 0.095108 -0.228216 0.639637
v 0.124083 -0.023255 0.718887
v 0.128040 -0.068411 0.722652
v 0.124601 -0.113231 0.720651
v 0.110236 -0.155707 0.713483
v 0.107536 -0.187462 0.690604
v 0.160035 -0.251950 0.387717
v 0.159212 -0.259234 0.432374
v 0.138702 -0.276308 0.447373
v 0.163102 -0.258457 0.478879
v 0.139053 -0.276781 0.478601
v 0.157421 -0.256824 0.524748
v 0.137170 -0.273741 0.508980
v 0.172104 -0.219992 0.586479
v 0.155202 -0.242666 0.567711
v 0.158551 -0.211214 0.618694
v 0.141984 -0.232760 0.600096
v 0.174929 -0.022334 0.679366
v 0.179055 -0.068263 0.682192
v 0.176667 -0.113419 0.679606
v 0.167854 -0.154851 0.670689
v 0.152183 -0.190251 0.655401
v 0.152099 -0.026373 0.700708
v 0.155327 -0.069043 0.703178
v 0.152679 -0.113072 0.701167
v 0.143914 -0.152574 0.694144
v 0.136817 -0.179547 0.681338
v 0.210787 -0.210720 0.388622
v 0.186776 -0.232703 0.393068
v 0.211932 -0.210571 0.434391
v 0.188021 -0.235490 0.434742
v 0.213042 -0.210118 0.480534
v 0.190064 -0.235899 0.479129
v 0.225307 -0.180218 0.544349
v 0.212438 -0.204587 0.527267
v 0.187983 -0.233412 0.521357
v 0.218262 -0.173283 0.575668
v 0.198017 -0.203919 0.570837
v 0.182413 -0.228150 0.554188
v 0.216973 -0.023721 0.626783
v 0.219130 -0.068482 0.629871
v 0.216657 -0.113015 0.625891
v 0.209891 -0.155650 0.612767
v 0.188645 -0.189623 0.610468
v 0.196972 -0.023825 0.655013
v 0.199608 -0.068499 0.657788
v 0.197499 -0.112944 0.654865
v 0.190688 -0.152507 0.646205
v 0.178384 -0.179990 0.639322
v 0.262870 -0.167363 0.391693
v 0.237666 -0.188689 0.388153
v 0.270170 -0.011384 0.446800
v 0.270811 -0.127848 0.448488
v 0.256894 -0.156722 0.433853
v 0.233826 -0.185465 0.433188
v 0.264534 -0.024885 0.480353
v 0.267217 -0.069167 0.487864
v 0.264011 -0.113781 0.481385
v 0.248642 -0.154828 0.480182
v 0.231846 -0.185319 0.476067
v 0.255927 -0.024016 0.524777
v 0.258491 -0.068892 0.527027
v 0.253509 -0.114330 0.525477
v 0.240163 -0.157758 0.526649
v 0.229336 -0.184098 0.510893
v 0.245558 -0.024196 0.566398
v 0.248021 -0.068173 0.567505
v 0.243950 -0.110777 0.566357
v 0.234362 -0.147288 0.566038
v 0.233544 -0.027890 0.600159
v 0.234924 -0.068350 0.601853
v 0.232399 -0.108111 0.599455
v 0.226871 -0.138657 0.594640
v 0.306004 -0.014370 0.386414
v 0.306783 -0.125468 0.402933
v 0.293299 -0.149223 0.385138
v 0.291935 -0.029181 0.426848
v 0.297263 -0.069758 0.434746
v 0.293336 -0.110941 0.430546
v 0.281050 -0.139507 0.416686
v 0.278356 -0.040595 0.455921
v 0.279688 -0.069461 0.460460
v 0.279070 -0.098794 0.457615
v 0.325556 -0.037540 0.382684
v 0.333536 -0.071670 0.383245
v 0.328331 -0.110398 0.385281
v 0.317507 -0.136246 0.373046
v 0.314695 -0.043317 0.410276
v 0.320138 -0.070275 0.413004
v 0.316796 -0.098942 0.412006
v 0.022008 -0.025761 0.750901
v 0.022237 -0.068676 0.755371
v 0.022154 -0.111962 0.751952
v 0.021872 -0.149409 0.741161
v 0.063694 -0.027233 0.745769
v 0.064739 -0.068661 0.749509
v 0.064014 -0.110376 0.746627
v 0.062492 -0.145507 0.737451
v 0.097636 -0.028710 0.735248
v 0.099973 -0.068569 0.737968
v 0.098212 -0.108377 0.736245
v 0.092675 -0.138802 0.730689
vn -0.8257 0.5479 -0.1344
vn -0.8138 0.5784 0.0564
vn -0.6512 0.6227 -0.4337
vn -0.7364 0.6022 -0.3085
vn -0.7603 0.4790 -0.4388
vn -0.6374 0.7667 -0.0768
vn -0.6571 0.7477 -0.0955
vn -0.6386 0.7632 0.0989
vn -0.7041 0.6859 0.1836
vn -0.5942 0.7671 0.2417
vn -0.7254 0.6608 0.1927
vn -0.5398 0.8135 0.2165
vn -0.6240 0.7735 0.1108
vn -0.5149 0.8561 -0.0440
vn -0.4732 0.5964 -0.6484
vn -0.5833 0.6095 -0.5368
vn -0.5891 0.4650 -0.6608
vn -0.4341 0.8246 -0.3628
vn -0.5094 0.8145 -0.2775
vn -0.5770 0.7023 -0.4169
vn -0.3890 0.9198 -0.0516
vn -0.4895 0.8669 0.0944
vn -0.4150 0.8985 0.1432
vn -0.5526 0.8196 0.1509
vn -0.4234 0.8732 0.2413
vn -0.5099 0.8202 0.2593
vn -0.4687 0.8348 0.2888
vn -0.4415 0.8643 0.2409
vn -0.3861 0.9043 0.1823
vn -0.2816 0.9583 -0.0488
vn -0.3545 0.9344 0.0357
vn -0.6099 0.7922 0.0216
vn -0.3820 0.9238 -0.0252
vn -0.5008 0.8656 -0.0003
vn -0.5172 0.8528 -0.0728
vn -0.5886 0.8041 0.0837
vn -0.7876 0.5960 -0.1561
vn -0.7278 0.6794 0.0934
vn -0.9349 0.2557 -0.2461
vn -0.9226 0.1328 -0.3622
vn -0.9181 0.1033 -0.3827
vn -0.9563 0.1233 -0.2652
vn -0.9808 0.1870 0.0556
vn -0.7681 0.5483 0.3306
vn -0.9347 0.2960 -0.1968
vn -0.9840 0.1301 -0.1217
vn -0.9956 -0.0556 0.0755
vn -0.9603 -0.0771 0.2681
vn -0.9126 -0.0873 0.3995
vn -0.9683 0.2211 -0.1162
vn -0.9820 0.1777 0.0640
vn -0.9695 0.0285 0.2436
vn -0.9220 -0.1771 0.3443
vn -0.9818 0.1527 0.1127
vn -0.1195 0.9927 0.0160
vn -0.0944 0.9824 -0.1614
vn 0.3592 0.9283 -0.0961
vn -0.0670 0.3017 -0.9510
vn -0.1024 0.1232 -0.9871
vn -0.1633 0.1914 -0.9678
vn -0.2823 0.3919 -0.8756
vn -0.2293 0.8724 -0.4317
vn -0.1097 0.8759 -0.4699
vn 0.6551 0.3780 -0.6542
vn 0.6343 0.2525 -0.7307
vn -0.5097 0.5160 -0.6884
vn -0.3615 0.7975 -0.4831
vn 0.6470 -0.2770 0.7104
vn -0.1139 -0.2789 0.9535
vn 0.5459 -0.2804 0.7895
vn -0.1527 -0.2764 0.9488
vn -0.1737 -0.6586 0.7321
vn -0.7153 0.6125 -0.3364
vn -0.6638 0.6666 -0.3392
vn 0.7072 -0.2188 0.6723
vn -0.1284 -0.2040 0.9705
vn 0.6474 -0.2113 0.7323
vn -0.1158 -0.1711 0.9784
vn 0.6323 -0.2972 0.7155
vn -0.0724 -0.2743 0.9589
vn -0.0805 -0.7316 0.6769
vn -0.7624 0.6070 0.2242
vn -0.6428 0.7475 0.1673
vn 0.5968 -0.2823 0.7510
vn -0.0650 -0.0783 0.9948
vn -0.0244 -0.7153 0.6983
vn -0.7709 0.6203 -0.1446
vn -0.5474 0.8287 -0.1164
vn -0.2563 0.3823 -0.8878
vn -0.7777 0.6185 -0.1121
vn -0.4491 0.8855 -0.1194
vn -0.5715 0.7550 0.3214
vn -0.6122 0.7590 0.2217
vn -0.6253 0.7282 0.2805
vn -0.6598 0.7440 -0.1053
vn -0.5773 0.6975 -0.4246
vn -0.6439 0.7542 -0.1284
vn -0.2815 0.2944 -0.9133
vn -0.1392 0.2672 -0.9535
vn -0.8411 0.5381 -0.0539
vn -0.5729 0.8167 -0.0693
vn -0.5939 0.6936 0.4077
vn -0.5635 0.7183 0.4080
vn -0.4937 0.8310 0.2565
vn -0.4044 0.9140 -0.0321
vn -0.2197 0.3055 -0.9265
vn -0.1143 0.1170 -0.9865
vn 0.0839 0.0836 -0.9930
vn -0.3656 0.9259 -0.0949
vn -0.5703 0.6441 0.5098
vn -0.5824 0.6794 0.4463
vn -0.6280 0.6140 0.4782
vn -0.5726 0.7337 0.3658
vn -0.7228 0.6849 0.0922
vn -0.4163 0.9084 0.0388
vn -0.0271 0.3015 -0.9531
vn 0.0602 -0.0751 -0.9954
vn 0.1571 -0.0347 -0.9870
vn -0.1673 0.9616 -0.2178
vn -0.3739 0.9045 0.2050
vn -0.6133 0.7045 0.3571
vn -0.7621 0.6471 -0.0226
vn -0.6602 0.7475 0.0732
vn 0.0200 0.2828 -0.9590
vn 0.0244 -0.1461 -0.9890
vn 0.0499 -0.0908 -0.9946
vn -0.0508 0.9278 -0.3696
vn -0.2608 0.9631 -0.0662
vn -0.3781 0.8660 -0.3274
vn -0.5290 0.7772 -0.3409
vn -0.4592 0.8670 -0.1938
vn 0.0422 0.3013 -0.9526
vn 0.0059 -0.1398 -0.9902
vn -0.0019 -0.1143 -0.9934
vn 0.0325 0.8752 -0.4826
vn -0.1327 0.8983 -0.4188
vn -0.0661 0.9534 -0.2944
vn -0.1099 0.9457 -0.3060
vn 0.0911 0.3510 -0.9320
vn 0.0208 -0.0747 -0.9970
vn -0.0483 -0.0973 -0.9941
vn 0.1082 0.8353 -0.5391
vn 0.0562 0.9136 -0.4027
vn 0.0716 0.9124 -0.4031
vn 0.0815 0.9544 -0.2871
vn -0.4740 0.6456 -0.5987
vn -0.4322 0.6113 -0.6629
vn -0.5394 0.5084 -0.6713
vn -0.3170 0.8162 -0.4830
vn -0.3669 0.7045 -0.6074
vn -0.2677 0.9255 -0.2678
vn -0.2897 0.9556 -0.0539
vn -0.3041 0.9480 0.0941
vn -0.3072 0.9284 0.2090
vn -0.3563 0.8763 0.3243
vn -0.2969 0.8769 0.3779
vn -0.3345 0.8723 0.3565
vn -0.2119 0.9211 0.3266
vn -0.3888 0.7959 -0.4642
vn -0.1471 0.8770 -0.4574
vn -0.1741 0.8693 -0.4627
vn -0.2561 0.7825 -0.5676
vn -0.1309 0.9482 -0.2893
vn -0.1705 0.9805 -0.0973
vn -0.2025 0.9763 0.0769
vn -0.1991 0.9539 0.2243
vn -0.1734 0.9256 0.3365
vn -0.1696 0.8598 0.4816
vn -0.1090 0.8713 0.4784
vn 0.0374 0.8495 0.5263
vn -0.2333 0.8764 -0.4213
vn -0.2936 0.8962 -0.3325
vn -0.1760 0.9042 -0.3891
vn -0.1289 0.9481 -0.2905
vn -0.1159 0.9857 -0.1225
vn -0.1138 0.9911 0.0688
vn -0.1008 0.9647 0.2433
vn -0.0741 0.9295 0.3613
vn -0.0544 0.8604 0.5068
vn -0.0095 0.8033 0.5955
vn 0.1085 0.7220 0.6834
vn -0.6649 0.7184 -0.2045
vn -0.4220 0.8140 -0.3991
vn -0.3569 0.9016 -0.2446
vn -0.6929 0.6635 -0.2822
vn -0.4217 0.8490 -0.3185
vn -0.6784 0.7171 -0.1602
vn -0.3438 0.9098 -0.2325
vn -0.5870 0.8083 0.0458
vn -0.2510 0.9652 -0.0733
vn -0.4326 0.8714 0.2313
vn -0.1639 0.9813 0.1011
vn -0.1026 0.9531 0.2848
vn -0.0436 0.9130 0.4055
vn 0.0119 0.8363 0.5482
vn 0.0778 0.7316 0.6773
vn 0.1707 0.5822 0.7949
vn -0.7054 0.6621 -0.2530
vn -0.7794 0.5809 -0.2347
vn -0.7447 0.6111 -0.2683
vn -0.6947 0.6922 -0.1957
vn -0.7067 0.6697 -0.2281
vn -0.7703 0.5867 -0.2497
vn -0.6810 0.7320 -0.0202
vn -0.7301 0.6793 -0.0745
vn -0.6109 0.7407 0.2795
vn -0.5910 0.7818 0.1988
vn -0.4250 0.8216 0.3801
vn -0.2738 0.8714 0.4070
vn -0.1581 0.9154 0.3702
vn -0.0707 0.8799 0.4699
vn -0.0095 0.7947 0.6070
vn 0.0397 0.6743 0.7374
vn 0.0857 0.5103 0.8557
vn -0.4255 0.8638 -0.2699
vn -0.4059 0.8948 -0.1859
vn -0.3742 0.9273 0.0104
vn -0.3266 0.8981 0.2945
vn -0.3481 0.7686 0.5368
vn -0.3000 0.7939 0.5288
vn -0.2105 0.8360 0.5068
vn -0.1116 0.8228 0.5573
vn -0.1371 0.8658 0.4813
vn -0.0827 0.8477 0.5240
vn -0.0630 0.7692 0.6358
vn -0.0553 0.6446 0.7625
vn -0.0582 0.4981 0.8651
vn -0.0990 0.9579 -0.2694
vn -0.0599 0.9863 -0.1534
vn -0.0394 0.9986 0.0357
vn -0.0553 0.9436 0.3266
vn -0.1351 0.8123 0.5674
vn -0.0988 0.7986 0.5937
vn -0.1405 0.7720 0.6199
vn -0.1018 0.7839 0.6124
vn -0.0799 0.8401 0.5365
vn -0.0784 0.8367 0.5421
vn -0.0860 0.7705 0.6316
vn -0.1095 0.6537 0.7488
vn -0.1531 0.5330 0.8321
vn 0.1182 0.9673 -0.2244
vn 0.1504 0.9807 -0.1250
vn 0.1472 0.9887 0.0281
vn 0.0953 0.9537 0.2854
vn 0.0471 0.8833 0.4665
vn 0.0024 0.7404 0.6722
vn -0.0000 0.7846 0.6201
vn -0.0031 0.8417 0.5399
vn -0.0173 0.8453 0.5340
vn -0.0465 0.7916 0.6093
vn -0.0759 0.6868 0.7229
vn -0.1061 0.5968 0.7954
vn -0.0377 0.9894 0.1402
vn 0.1391 0.9369 0.3207
vn 0.1752 0.9647 0.1965
vn 0.4144 0.8541 -0.3143
vn 0.2699 0.9598 0.0771
vn 0.5017 0.2138 -0.8382
vn 0.4887 0.4032 -0.7737
vn 0.4302 0.8043 -0.4099
vn 0.7112 0.6778 -0.1868
vn 0.7138 0.3629 -0.5990
vn 0.8120 0.2229 -0.5394
vn 0.7371 0.2759 -0.6169
vn 0.9713 0.0804 -0.2239
vn 0.9808 0.1708 -0.0946
vn 0.8449 -0.0851 0.5281
vn 0.8809 0.4580 0.1196
vn 0.4571 0.0381 0.8886
vn 0.1505 0.3611 -0.9203
vn 0.4135 0.3742 -0.8301
vn 0.5939 0.6064 -0.5288
vn 0.9707 0.1407 -0.1948
vn 0.9577 -0.0385 0.2852
vn 0.9988 0.0344 -0.0362
vn 0.9153 -0.1265 0.3824
vn 0.9907 -0.0462 0.1281
vn 0.8248 -0.2452 0.5095
vn 0.8505 -0.1928 0.4893
vn 0.0794 0.9403 -0.3309
vn 0.9992 -0.0186 -0.0348
vn 0.9951 -0.0815 0.0551
vn 0.8152 -0.3032 0.4934
vn 0.9018 -0.1717 0.3966
vn -0.1046 0.9926 0.0622
vn 0.9549 -0.1043 0.2780
vn 0.2958 0.0752 0.9523
vn 0.6845 -0.3192 0.6554
vn 0.2588 0.8359 0.4840
vn 0.4550 0.8631 0.2192
vn 0.5242 0.8497 -0.0565
vn 0.2755 0.9600 0.0505
vn -0.1458 0.9058 0.3979
vn 0.3085 0.6609 0.6841
vn 0.1089 0.9362 -0.3341
vn -0.6103 0.7267 -0.3154
vn -0.2839 0.9576 -0.0481
vn -0.7546 0.5807 0.3056
vn -0.5448 0.7505 0.3742
vn 0.2752 0.4574 0.8456
vn 0.0124 0.5189 -0.8548
vn -0.2357 0.8986 -0.3702
vn -0.4115 0.9050 0.1084
vn -0.3835 0.1205 0.9156
vn -0.8337 0.0558 0.5494
vn 0.2000 0.3040 -0.9314
vn -0.0817 0.8469 -0.5254
vn -0.5066 0.8129 -0.2874
vn -0.3628 0.9270 -0.0957
vn 0.3312 -0.8361 0.4373
vn -0.7412 0.6130 0.2736
vn -0.4894 0.7806 0.3889
vn 0.5055 -0.6634 0.5517
vn -0.1423 -0.3083 0.9406
vn 0.2360 -0.8641 0.4446
vn -0.8374 0.4092 0.3623
vn 0.2667 0.1659 -0.9494
vn 0.0225 0.5657 -0.8243
vn 0.1314 0.7771 -0.6155
vn 0.8751 -0.3486 -0.3357
vn 0.5646 -0.8159 -0.1245
vn -0.2700 0.8672 -0.4184
vn 0.8203 -0.5720 0.0011
vn 0.5068 -0.7389 0.4440
vn 0.5447 -0.7992 0.2540
vn -0.6414 0.7503 -0.1601
vn -0.5065 0.8610 -0.0466
vn 0.6537 -0.6811 0.3298
vn 0.3563 -0.8105 0.4650
vn -0.7301 0.6413 0.2361
vn -0.5775 0.7702 0.2708
vn 0.6611 -0.6445 0.3842
vn -0.1406 -0.1845 0.9727
vn 0.2670 -0.9018 0.3397
vn -0.1766 0.3928 0.9025
vn 0.1653 0.4427 -0.8813
vn 0.0639 0.6820 -0.7285
vn 0.0532 0.8511 -0.5223
vn 0.9686 -0.2126 -0.1292
vn 0.7388 -0.5709 0.3582
vn 0.5687 -0.8218 0.0339
vn -0.0570 0.9662 -0.2514
vn 0.9939 -0.1093 0.0125
vn 0.7787 -0.5902 0.2128
vn -0.2613 0.9599 0.1020
vn 0.9339 -0.2767 0.2263
vn 0.2254 -0.0186 0.9741
vn 0.6427 -0.6678 0.3754
vn -0.1201 0.4413 0.8893
vn -0.9860 -0.1559 0.0594
vn -0.3147 -0.0777 -0.9460
vn -0.9292 0.3665 -0.0473
vn -0.5666 0.8240 -0.0056
vn -0.5603 -0.1323 0.8176
vn -0.5113 -0.8593 0.0149
vn -0.9181 -0.3915 -0.0619
vn -0.9971 0.0399 -0.0655
vn -0.9700 -0.2419 -0.0236
vn -0.8740 -0.1200 0.4709
vn -0.5438 0.1159 -0.8312
vn -0.9849 0.1121 -0.1320
vn -0.9858 -0.0502 -0.1602
vn -0.9907 0.1363 -0.0054
vn -0.9986 -0.0365 -0.0370
vn -0.9761 -0.2115 -0.0494
vn -0.9827 0.1844 -0.0185
vn -0.9985 -0.0085 -0.0543
vn -0.9782 -0.1878 -0.0891
vn -0.9542 0.2530 -0.1593
vn -0.9748 0.0354 -0.2201
vn -0.9487 -0.1331 -0.2869
vn -0.8825 -0.2366 -0.4066
vn -0.9377 0.3095 -0.1579
vn -0.9767 0.0975 -0.1912
vn -0.9691 -0.0736 -0.2356
vn -0.9540 -0.1413 -0.2644
vn -0.9190 -0.2715 -0.2860
vn -0.8196 0.1044 -0.5633
vn -0.8208 -0.0793 -0.5657
vn -0.8394 0.3427 -0.4219
vn -0.8732 0.1398 -0.4669
vn -0.8971 0.1432 -0.4179
vn -0.8679 -0.0901 -0.4885
vn -0.9024 -0.0786 -0.4237
vn -0.8404 -0.3007 -0.4509
vn -0.8036 -0.4621 -0.3752
vn -0.8868 0.4200 -0.1928
vn -0.9147 0.3585 -0.1863
vn -0.9307 -0.2289 -0.2853
vn -0.8671 -0.3829 -0.3187
vn -0.9195 -0.3457 -0.1869
vn -0.8115 -0.5432 -0.2154
vn -0.8732 0.4858 0.0386
vn -0.9313 0.3638 0.0198
vn -0.8514 -0.5199 -0.0697
vn -0.8001 -0.5971 -0.0567
vn -0.8381 0.5339 0.1119
vn -0.9124 0.4073 0.0406
vn -0.8377 -0.5203 -0.1659
vn -0.7977 -0.5607 -0.2221
vn -0.7856 -0.4551 -0.4191
vn -0.7701 0.6377 -0.0197
vn -0.8705 0.4803 -0.1077
vn -0.7376 -0.3560 -0.5738
vn -0.5510 -0.5148 -0.6569
vn -0.7082 -0.4072 -0.5767
vn -0.6708 0.7282 -0.1408
vn -0.7404 0.6607 -0.1236
vn -0.8415 0.5110 -0.1754
vn -0.7204 -0.5317 -0.4453
vn -0.4490 -0.7771 -0.4410
vn -0.6596 -0.7051 -0.2604
vn -0.7061 0.1013 -0.7008
vn -0.6886 0.0992 -0.7184
vn -0.6843 -0.1100 -0.7208
vn -0.6603 0.3643 -0.6567
vn -0.7523 0.3535 -0.5559
vn -0.7351 0.2672 -0.6231
vn -0.7328 -0.2265 -0.6416
vn -0.6490 -0.3282 -0.6864
vn -0.7560 -0.3122 -0.5753
vn -0.6182 -0.4803 -0.6222
vn -0.6781 -0.4751 -0.5608
vn -0.6378 -0.6709 -0.3784
vn -0.6658 -0.7294 -0.1571
vn -0.6019 -0.7888 -0.1243
vn -0.6195 -0.7850 -0.0098
vn -0.5512 -0.8326 0.0538
vn -0.5294 -0.8204 -0.2161
vn -0.4338 -0.6313 -0.6429
vn -0.2850 -0.7183 -0.6347
vn -0.2330 -0.7337 -0.6383
vn -0.2078 -0.9359 -0.2843
vn -0.5622 0.3741 -0.7375
vn -0.5979 0.3741 -0.7089
vn -0.5965 0.3198 -0.7362
vn -0.6309 -0.0822 -0.7715
vn -0.5590 -0.2006 -0.8045
vn -0.6422 -0.1781 -0.7455
vn -0.5321 -0.3597 -0.7665
vn -0.5611 -0.3394 -0.7550
vn -0.4765 -0.4817 -0.7355
vn -0.4676 -0.6531 -0.5956
vn -0.5371 -0.7135 -0.4500
vn -0.3830 -0.8332 -0.3990
vn -0.4810 -0.8278 -0.2887
vn -0.3543 -0.9317 -0.0802
vn -0.4280 -0.8931 0.1386
vn -0.3513 -0.9329 0.0794
vn -0.3484 -0.9293 -0.1224
vn -0.4561 -0.8849 -0.0945
vn -0.2128 -0.7853 -0.5814
vn 0.0026 -0.8813 -0.4725
vn 0.1375 -0.7692 -0.6241
vn 0.5884 -0.7786 -0.2182
vn 0.1549 -0.9642 -0.2155
vn -0.8652 0.5003 0.0334
vn -0.9442 0.3260 0.0460
vn -0.9897 0.1329 0.0538
vn -0.9974 -0.0545 0.0477
vn -0.9880 -0.1447 0.0536
vn -0.9583 -0.2786 0.0636
vn -0.8549 -0.5151 0.0622
vn -0.9264 0.3268 0.1869
vn -0.9729 0.1467 0.1789
vn -0.9829 -0.0575 0.1747
vn -0.9650 -0.1715 0.1982
vn -0.9194 -0.3139 0.2369
vn -0.9736 0.1513 0.1708
vn -0.9748 -0.0928 0.2028
vn -0.9302 -0.2340 0.2826
vn -0.9140 0.1233 0.3864
vn -0.8945 -0.1248 0.4293
vn -0.7483 0.6261 0.2193
vn -0.6803 -0.6749 0.2859
vn -0.4937 -0.8692 0.0269
vn -0.7298 0.6505 0.2105
vn -0.8271 0.5100 0.2362
vn -0.8690 0.4129 0.2726
vn -0.7704 -0.4830 0.4162
vn -0.7430 -0.5598 0.3668
vn -0.5206 -0.7669 0.3753
vn -0.7907 0.5704 0.2224
vn -0.8408 0.4626 0.2811
vn -0.8731 0.4223 0.2434
vn -0.7301 -0.3938 0.5585
vn -0.7636 -0.4240 0.4870
vn -0.5446 -0.5904 0.5957
vn -0.8037 0.4319 0.4093
vn -0.7482 0.3798 0.5441
vn -0.7284 0.4425 0.5230
vn -0.4842 0.1007 0.8692
vn -0.4711 -0.1412 0.8707
vn -0.6634 -0.3556 0.6583
vn -0.4969 -0.4132 0.7631
vn -0.2011 -0.9792 0.0284
vn -0.1907 -0.7663 0.6135
vn -0.1755 -0.9448 0.2766
vn -0.2530 -0.5975 0.7609
vn -0.2140 -0.8036 0.5553
vn -0.5817 0.1599 0.7975
vn -0.4051 0.1726 0.8978
vn -0.3025 0.0631 0.9511
vn -0.2518 -0.1538 0.9555
vn -0.2372 -0.3403 0.9099
vn -0.2576 -0.5929 0.7630
vn 0.6254 -0.7725 0.1103
vn 0.2104 -0.9748 0.0739
vn 0.5953 -0.7479 0.2936
vn 0.2808 -0.7584 0.5882
vn 0.2450 -0.9307 0.2717
vn 0.5098 -0.7277 0.4589
vn 0.1604 -0.6707 0.7242
vn 0.2386 -0.8464 0.4762
vn -0.2342 0.0389 0.9714
vn -0.1531 0.0554 0.9867
vn -0.0874 -0.0143 0.9961
vn -0.0406 -0.1733 0.9840
vn -0.0053 -0.3592 0.9332
vn 0.0752 -0.6820 0.7275
vn -0.3517 0.2465 -0.9031
vn -0.3654 -0.0670 -0.9284
vn -0.4094 -0.2130 -0.8871
vn -0.3734 0.0711 -0.9249
vn -0.2860 -0.2514 -0.9247
vn -0.7212 0.4621 0.5162
vn -0.8201 -0.3843 0.4240
vn -0.7335 -0.6562 -0.1772
vn -0.9724 -0.0447 -0.2288
vn -0.7212 0.6838 -0.1110
vn -0.6940 0.0047 0.7199
vn -0.5439 -0.3976 0.7390
vn -0.3289 -0.9434 -0.0422
vn -0.8287 0.4265 0.3625
vn -0.8035 0.3171 0.5038
vn -0.8370 -0.0452 0.5453
vn -0.8369 -0.3639 0.4089
vn -0.9291 -0.2702 0.2524
vn -0.9486 -0.1331 0.2870
vn -0.8625 -0.1956 0.4667
vn -0.9147 0.3861 -0.1194
vn -0.6163 0.3851 -0.6869
vn -0.9885 0.0529 -0.1417
vn -0.6588 0.1169 -0.7431
vn -0.9497 -0.2228 -0.2202
vn -0.6429 -0.1901 -0.7420
vn -0.9366 -0.3010 -0.1792
vn -0.6005 -0.3850 -0.7008
vn -0.1888 0.2026 -0.9609
vn -0.1379 -0.0385 -0.9897
vn -0.2300 -0.1307 -0.9644
vn -0.3029 -0.0137 -0.9529
vn -0.2313 0.0155 -0.9727
vn -0.1066 -0.3618 -0.9261
vn -0.4426 -0.6407 0.6274
vn -0.1436 -0.9854 -0.0918
vn -0.7103 -0.4407 0.5488
vn -0.6199 -0.4837 0.6179
vn -0.3634 -0.7700 0.5245
vn -0.7033 -0.7100 -0.0339
vn -0.8400 -0.5363 0.0828
vn -0.6440 -0.6183 -0.4505
vn -0.0074 0.1007 -0.9949
vn 0.0225 -0.0198 -0.9996
vn -0.0049 -0.0346 -0.9994
vn -0.0323 -0.0091 -0.9994
vn -0.0219 -0.0737 -0.9970
vn -0.0170 -0.4052 -0.9141
vn -0.0821 -0.9817 -0.1721
vn -0.3086 -0.8234 0.4762
vn -0.1508 -0.9174 0.3683
vn -0.3762 -0.9175 0.1294
vn 0.1589 0.0660 -0.9851
vn 0.1242 0.0190 -0.9921
vn 0.0768 0.0016 -0.9970
vn 0.0675 -0.0084 -0.9977
vn 0.0579 -0.0755 -0.9955
vn -0.0328 -0.3265 -0.9446
vn -0.2192 -0.9425 -0.2522
vn -0.7057 -0.6743 -0.2176
vn -0.2180 -0.8838 0.4140
vn -0.2423 -0.9101 0.3361
vn -0.1698 -0.9818 0.0853
vn -0.1216 -0.9506 -0.2857
vn 0.2001 0.0606 -0.9779
vn 0.1941 0.0651 -0.9788
vn 0.1789 0.0188 -0.9837
vn 0.1781 -0.0154 -0.9839
vn 0.1417 -0.0210 -0.9897
vn -0.0196 -0.1398 -0.9900
vn -0.1299 -0.3305 -0.9348
vn -0.4440 -0.8118 0.3793
vn -0.2589 -0.9452 -0.1990
vn -0.3266 -0.8241 0.4628
vn -0.4133 -0.8248 0.3859
vn -0.4291 -0.8050 0.4096
vn -0.2129 -0.9656 0.1490
vn -0.5946 -0.7714 0.2268
vn 0.0900 0.0318 -0.9954
vn 0.1366 0.0542 -0.9891
vn 0.1696 0.0129 -0.9854
vn 0.1752 -0.0145 -0.9844
vn 0.1481 0.0438 -0.9880
vn 0.0746 0.0458 -0.9962
vn 0.0036 -0.2997 -0.9540
vn -0.0821 -0.9675 -0.2391
vn -0.4207 -0.8178 0.3927
vn -0.2147 -0.9527 0.2152
vn -0.4916 -0.8514 0.1831
vn -0.5808 -0.8091 0.0895
vn 0.0071 0.0060 -1.0000
vn 0.0147 0.0256 -0.9996
vn 0.0268 -0.0036 -0.9996
vn 0.0384 -0.0155 -0.9991
vn 0.0391 0.0722 -0.9966
vn 0.0428 0.0916 -0.9949
vn 0.0613 -0.2867 -0.9561
vn 0.0633 -0.9493 -0.3078
vn -0.0784 -0.9969 0.0059
vn -0.2940 -0.9520 -0.0856
vn -0.0935 0.0255 -0.9953
vn -0.1225 0.0277 -0.9921
vn -0.1148 -0.0257 -0.9931
vn -0.0718 -0.0482 -0.9963
vn -0.0255 0.0577 -0.9980
vn 0.0419 0.0292 -0.9987
vn 0.1084 -0.3577 -0.9275
vn 0.2305 -0.6862 -0.6899
vn 0.1191 -0.9119 -0.3928
vn -0.0000 -0.9747 -0.2233
vn -0.1510 -0.9565 -0.2496
vn -0.5206 -0.4948 -0.6958
vn -0.4868 -0.6063 -0.6289
vn -0.4079 -0.5586 -0.7222
vn -0.3473 -0.6975 -0.6269
vn -0.2845 -0.8193 -0.4979
vn -0.2154 -0.9327 -0.2893
vn -0.2074 -0.9757 -0.0708
vn -0.1697 -0.9784 0.1177
vn -0.0290 -0.9986 0.0450
vn 0.4780 -0.8759 0.0659
vn 0.2538 -0.9425 -0.2173
vn 0.6119 -0.7905 0.0270
vn 0.5319 -0.8373 -0.1261
vn -0.4956 -0.7154 -0.4925
vn -0.3240 -0.7556 -0.5693
vn -0.2229 -0.8819 -0.4155
vn -0.1864 -0.8735 -0.4497
vn -0.0842 -0.9615 -0.2617
vn -0.0486 -0.9974 -0.0531
vn -0.0268 -0.9878 0.1531
vn 0.1586 -0.9235 0.3494
vn 0.0440 -0.9762 0.2126
vn 0.3067 -0.9159 0.2590
vn 0.5128 -0.8368 0.1916
vn -0.3797 -0.8540 -0.3557
vn -0.2619 -0.9341 -0.2427
vn -0.2654 -0.9021 -0.3403
vn -0.1153 -0.9560 -0.2697
vn -0.0362 -0.9773 -0.2085
vn 0.0182 -0.9994 -0.0296
vn 0.0359 -0.9859 0.1633
vn 0.0889 -0.9035 0.4193
vn 0.0523 -0.9550 0.2919
vn 0.1804 -0.8770 0.4454
vn 0.2927 -0.7569 0.5843
vn 0.5104 -0.7327 0.4501
vn 0.3606 -0.8414 0.4024
vn 0.0551 -0.9761 -0.2101
vn -0.0695 -0.9808 -0.1823
vn -0.0774 -0.9701 -0.2302
vn -0.0827 -0.9822 -0.1684
vn -0.0757 -0.9971 -0.0066
vn -0.0640 -0.9833 0.1701
vn -0.0076 -0.8885 0.4588
vn -0.0397 -0.9439 0.3278
vn 0.0815 -0.7517 0.6545
vn 0.0301 -0.8398 0.5420
vn 0.2719 -0.4811 0.8334
vn 0.1912 -0.6965 0.6917
vn -0.2032 -0.9768 -0.0680
vn -0.6270 -0.7769 -0.0572
vn -0.2599 -0.8852 -0.3859
vn -0.3102 -0.9178 -0.2479
vn -0.5782 -0.7662 -0.2804
vn -0.3262 -0.9299 -0.1700
vn -0.6106 -0.7725 -0.1745
vn -0.3154 -0.9487 0.0210
vn -0.5891 -0.8045 0.0760
vn -0.2560 -0.9423 0.2156
vn -0.4882 -0.8155 0.3109
vn -0.1219 -0.8613 0.4933
vn -0.1808 -0.9027 0.3904
vn -0.0559 -0.7090 0.7030
vn -0.0883 -0.8073 0.5836
vn 0.1038 0.2945 0.9500
vn 0.0495 -0.2597 0.9644
vn 0.0257 -0.4360 0.8996
vn -0.0160 -0.6470 0.7623
vn -0.1515 -0.6456 0.7485
vn -0.5599 -0.8234 -0.0929
vn -0.6346 -0.7604 -0.1379
vn -0.6080 -0.7606 -0.2276
vn -0.6234 -0.7298 -0.2806
vn -0.6054 -0.7806 -0.1557
vn -0.5085 -0.8527 -0.1201
vn -0.5383 -0.8297 0.1479
vn -0.5033 -0.8470 0.1711
vn -0.3021 -0.7983 0.5210
vn -0.4130 -0.8113 0.4138
vn -0.1927 -0.8393 0.5084
vn -0.2240 -0.8583 0.4618
vn -0.2085 -0.7813 0.5883
vn -0.2051 -0.8179 0.5375
vn -0.0692 0.3010 0.9511
vn -0.1400 -0.2459 0.9591
vn -0.1988 -0.3986 0.8953
vn -0.2166 -0.5807 0.7847
vn -0.2178 -0.6917 0.6885
vn -0.4526 -0.8704 -0.1937
vn -0.5043 -0.8120 -0.2938
vn -0.2817 -0.9368 -0.2074
vn -0.3782 -0.9038 -0.2003
vn -0.2019 -0.9777 -0.0579
vn -0.2481 -0.8711 0.4239
vn -0.1644 -0.9793 0.1184
vn -0.2200 -0.7771 0.5897
vn -0.2681 -0.8024 0.5331
vn -0.1867 -0.8343 0.5188
vn -0.1998 -0.8115 0.5492
vn -0.1755 -0.8515 0.4941
vn -0.2698 -0.5767 0.7711
vn -0.2396 -0.7123 0.6597
vn -0.2360 -0.9356 -0.2626
vn -0.1252 -0.9672 -0.2210
vn -0.1961 -0.9555 -0.2204
vn -0.0836 -0.9896 -0.1169
vn -0.0518 -0.9983 -0.0254
vn -0.0420 -0.9133 0.4052
vn -0.0270 -0.9918 0.1250
vn -0.1090 -0.7849 0.6100
vn -0.0739 -0.8101 0.5816
vn -0.1070 -0.8227 0.5583
vn -0.0623 -0.8066 0.5878
vn -0.0936 -0.8418 0.5316
vn -0.0870 -0.8619 0.4996
vn -0.1542 -0.6357 0.7564
vn -0.1242 -0.7505 0.6490
vn 0.6765 -0.7167 0.1695
vn 0.6536 -0.7459 0.1283
vn 0.6781 -0.6825 0.2727
vn 0.6404 -0.6963 0.3241
vn 0.6423 -0.7105 0.2876
vn 0.7334 -0.6148 0.2902
vn 0.5772 -0.7292 0.3675
vn 0.0990 0.1228 0.9875
vn -0.0344 -0.0013 0.9994
vn 0.0722 -0.1283 0.9891
vn 0.2096 -0.2346 0.9492
vn 0.6680 -0.5447 0.5070
vn 0.2611 -0.3961 0.8803
vn 0.4039 -0.7115 0.5749
vn -0.5251 0.2652 0.8086
vn -0.4300 -0.1129 0.8957
vn 0.6641 -0.6550 0.3606
vn 0.6422 -0.7290 0.2371
vn 0.7544 0.5361 0.3788
vn 0.8103 -0.3766 0.4491
vn 0.7399 -0.5642 0.3664
vn 0.7643 -0.5676 0.3062
vn 0.7034 -0.6442 0.3005
vn 0.8814 0.4633 -0.0922
vn 0.9989 -0.0076 0.0457
vn 0.9490 -0.2356 0.2095
vn 0.8946 -0.3548 0.2715
vn 0.8007 -0.5289 0.2814
vn 0.8804 -0.3517 0.3180
vn 0.3691 -0.2963 0.8809
vn 0.8713 -0.3284 0.3646
vn 0.4987 -0.2846 0.8187
vn 0.7062 -0.5308 0.4686
vn -0.4839 0.1318 0.8652
vn -0.2596 -0.3576 0.8971
vn 0.0984 -0.6909 0.7162
vn -0.8136 0.0170 0.5811
vn 0.5127 0.4838 0.7093
vn 0.5702 -0.4747 0.6705
vn 0.7159 -0.4155 0.5611
vn 0.6176 -0.5822 0.5287
vn 0.7245 0.3911 0.5676
vn 0.7484 0.0680 0.6597
vn 0.8443 0.0927 0.5278
vn 0.7430 -0.1825 0.6440
vn 0.8493 -0.1731 0.4986
vn 0.7804 -0.2869 0.5556
vn 0.6037 0.3524 -0.7151
vn 0.7952 -0.2588 -0.5484
vn 0.8423 0.1795 -0.5083
vn 0.8362 -0.5015 -0.2219
vn 0.6541 -0.7514 0.0874
vn 0.7133 -0.6902 0.1221
vn 0.0583 -0.6146 0.7867
vn 0.3953 -0.8037 0.4448
vn -0.3113 -0.1894 0.9312
vn -0.0370 -0.8417 0.5387
vn 0.2544 0.3052 0.9177
vn 0.3852 0.3598 0.8498
vn 0.4263 0.0362 0.9038
vn 0.3010 -0.2519 0.9198
vn 0.4626 -0.2107 0.8612
vn 0.4255 -0.4010 0.8113
vn 0.2283 -0.0707 -0.9710
vn 0.3678 -0.9284 -0.0539
vn 0.4179 -0.7472 0.5168
vn -0.1472 -0.4273 0.8920
vn 0.2198 -0.8570 0.4661
vn 0.1217 0.3122 0.9422
vn 0.0954 0.0174 0.9953
vn 0.0770 -0.2530 0.9644
vn 0.3022 -0.2293 -0.9253
vn 0.7689 -0.6233 -0.1421
vn 0.4388 -0.7751 0.4546
vn 0.3511 -0.9326 -0.0832
vn -0.1788 0.2938 0.9390
vn -0.0699 0.2917 0.9540
vn -0.0536 0.0424 0.9977
vn -0.1057 -0.1953 0.9750
vn -0.2252 -0.1743 0.9586
vn -0.2875 -0.3361 0.8969
vn -0.1798 0.2393 0.9542
vn -0.1895 0.0725 0.9792
vn -0.2116 -0.0968 0.9726
vn -0.2352 -0.2537 0.9383
vn -0.2620 -0.4408 0.8585
vn -0.1305 0.2530 0.9586
vn -0.1488 0.0923 0.9846
vn -0.1538 -0.0729 0.9854
vn -0.1477 -0.2564 0.9552
vn -0.1576 -0.4651 0.8711
vn 0.0972 0.4462 -0.8896
vn -0.0002 0.0682 -0.9977
vn -0.1265 -0.0290 -0.9915
vn 0.1499 0.8130 -0.5626
vn 0.1647 0.6893 -0.7055
vn 0.1633 0.9170 -0.3640
vn 0.1610 0.8938 -0.4186
vn 0.1780 0.9497 -0.2578
vn 0.2305 0.9317 -0.2806
vn 0.0115 0.2072 -0.9782
vn -0.0752 0.0382 -0.9964
vn 0.2395 0.8165 -0.5253
vn 0.1886 0.5979 -0.7791
vn 0.2302 0.8918 -0.3896
vn 0.2656 0.9383 -0.2216
vn 0.2669 0.9204 -0.2857
vn 0.2802 0.3068 -0.9096
vn 0.1973 0.1260 -0.9722
vn 0.4180 0.7555 -0.5044
vn 0.4128 0.6114 -0.6751
vn 0.5651 0.4550 -0.6882
vn 0.4871 0.3194 -0.8128
vn 0.3423 0.8622 -0.3734
vn 0.5102 0.7343 -0.4478
vn 0.3583 0.9010 -0.2446
vn 0.5868 0.5364 -0.6066
vn 0.5104 0.4973 -0.7016
vn 0.3587 0.4182 -0.8345
vn 0.5678 0.7206 -0.3979
vn 0.6106 0.6373 -0.4700
vn 0.6496 0.5964 -0.4715
vn 0.4846 0.8496 -0.2083
vn 0.6783 0.6913 -0.2490
vn 0.6895 0.6559 -0.3073
vn 0.4745 0.6170 -0.6279
vn 0.3799 0.5065 -0.7740
vn 0.5733 0.6739 -0.4661
vn 0.5133 0.7088 -0.4839
vn 0.6828 0.6824 -0.2609
vn 0.6431 0.7064 -0.2955
vn 0.5055 0.7852 -0.3577
vn 0.4574 0.7390 -0.4947
vn 0.6000 0.7688 -0.2213
vn 0.5765 0.8038 -0.1470
vn 0.4709 0.7612 -0.4460
vn 0.5257 0.8390 -0.1406
vn 0.2073 0.9605 -0.1857
vn 0.2313 0.9670 -0.1064
vn 0.2443 0.9695 0.0177
vn 0.2242 0.9491 0.2213
vn 0.1824 0.8876 0.4229
vn 0.3045 0.8134 0.4957
vn 0.1459 0.7459 0.6499
vn 0.1182 0.7920 0.5990
vn 0.1761 0.8180 0.5477
vn 0.0962 0.8412 0.5321
vn 0.0731 0.8673 0.4924
vn 0.0303 0.8221 0.5685
vn 0.0048 0.7083 0.7059
vn -0.0003 0.6220 0.7830
vn 0.2531 0.9546 -0.1570
vn 0.3389 0.9299 -0.1428
vn 0.2801 0.9563 -0.0840
vn 0.3766 0.9243 -0.0614
vn 0.2998 0.9537 0.0237
vn 0.4150 0.9085 0.0487
vn 0.2977 0.9368 0.1839
vn 0.4354 0.8770 0.2034
vn 0.3410 0.8545 0.3918
vn 0.3089 0.8179 0.4853
vn 0.2508 0.8110 0.5285
vn 0.1993 0.8571 0.4751
vn 0.1662 0.8771 0.4506
vn 0.1586 0.8260 0.5409
vn 0.1522 0.7194 0.6777
vn 0.1465 0.6042 0.7833
vn 0.3968 0.9081 -0.1340
vn 0.4297 0.9019 -0.0434
vn 0.4450 0.8928 0.0700
vn 0.4282 0.8791 0.2095
vn 0.3639 0.8429 0.3963
vn 0.4075 0.8381 0.3626
vn 0.3052 0.8270 0.4721
vn 0.2732 0.8581 0.4348
vn 0.2684 0.8545 0.4447
vn 0.3674 0.7870 0.4956
vn 0.3085 0.7879 0.5329
vn 0.3250 0.6959 0.6404
vn 0.4234 0.5970 0.6814
vn 0.3276 0.5633 0.7585
vn 0.4976 0.8594 -0.1178
vn 0.6586 0.7401 -0.1361
vn 0.5019 0.8641 -0.0376
vn 0.6268 0.7773 -0.0542
vn 0.4894 0.8698 0.0629
vn 0.5988 0.7998 0.0426
vn 0.4629 0.8684 0.1778
vn 0.5657 0.8090 0.1597
vn 0.4766 0.8312 0.2861
vn 0.4514 0.8269 0.3353
vn 0.3986 0.8284 0.3936
vn 0.5041 0.7702 0.3906
vn 0.4114 0.7874 0.4590
vn 0.4563 0.7155 0.5290
vn 0.5027 0.5936 0.6285
vn 0.5215 0.4628 0.7168
vn 0.6733 0.7238 -0.1507
vn 0.7369 0.6612 -0.1409
vn 0.6747 0.7348 -0.0699
vn 0.7487 0.6588 -0.0741
vn 0.6482 0.7614 0.0117
vn 0.7390 0.6733 -0.0236
vn 0.5958 0.7905 0.1417
vn 0.7116 0.6936 0.1117
vn 0.5566 0.7838 0.2752
vn 0.6736 0.6938 0.2546
vn 0.5924 0.7348 0.3304
vn 0.6190 0.6778 0.3968
vn 0.7473 0.5284 0.4030
vn 0.5702 0.6608 0.4881
vn 0.7384 0.4626 0.4907
vn 0.6025 0.4926 0.6279
vn 0.6954 0.7128 -0.0908
vn 0.6476 0.7619 0.0099
vn 0.7665 0.6406 -0.0460
vn 0.7581 0.6498 0.0553
vn 0.8005 0.5988 -0.0255
vn 0.8541 0.5172 0.0549
vn 0.7940 0.6017 0.0863
vn 0.9008 0.4244 0.0922
vn 0.7596 0.6040 0.2414
vn 0.8843 0.4135 0.2169
vn 0.7935 0.5057 0.3386
vn 0.8227 0.4148 0.3887
vn 0.5674 0.8181 0.0936
vn 0.6723 0.7124 0.2015
vn -0.0072 0.4671 0.8842
vn 0.1380 0.4868 0.8625
vn 0.3157 0.4767 0.8204
vn -0.1747 0.0525 -0.9832
vn -0.1749 0.0296 -0.9841
vn -0.1649 -0.0454 -0.9853
vn -0.1387 -0.0969 -0.9856
vn -0.0894 0.0087 -0.9960
vn -0.0086 -0.0729 -0.9973
vn 0.1449 -0.5833 -0.7992
vn 0.1635 -0.8286 -0.5355
vn 0.0898 -0.9359 -0.3408
vn 0.0434 -0.9482 -0.3147
vn 0.0310 -0.9488 -0.3143
vn -0.0878 0.0485 -0.9950
vn -0.0661 0.0121 -0.9977
vn -0.0706 -0.0338 -0.9969
vn -0.1039 -0.1014 -0.9894
vn -0.0883 -0.0578 -0.9944
vn 0.0158 -0.2035 -0.9789
vn 0.2024 -0.6923 -0.6926
vn 0.2575 -0.8278 -0.4985
vn 0.3853 -0.8367 -0.3892
vn 0.2514 -0.8971 -0.3634
vn 0.2791 -0.9098 -0.3071
vn 0.1067 0.0901 -0.9902
vn 0.0343 0.0194 -0.9992
vn 0.0177 -0.0202 -0.9996
vn 0.0335 -0.0972 -0.9947
vn 0.0955 -0.1452 -0.9848
vn 0.1814 -0.3367 -0.9240
vn 0.5251 -0.5916 -0.6118
vn 0.3406 -0.7641 -0.5479
vn 0.4301 -0.8229 -0.3713
vn 0.4387 -0.8254 -0.3553
vn 0.5098 -0.8163 -0.2715
vn 0.4113 -0.8708 -0.2694
vn 0.1899 0.1920 -0.9628
vn 0.1019 0.0590 -0.9930
vn 0.1091 -0.0528 -0.9926
vn 0.1961 -0.1667 -0.9663
vn 0.3319 -0.2697 -0.9040
vn 0.4915 -0.5042 -0.7101
vn 0.5304 -0.5246 -0.6660
vn 0.5685 -0.6913 -0.4459
vn 0.5520 -0.7296 -0.4037
vn 0.5433 -0.7663 -0.3430
vn 0.5409 -0.7839 -0.3048
vn 0.5353 -0.7944 -0.2871
vn 0.2705 0.3008 -0.9145
vn 0.2267 0.0889 -0.9699
vn 0.2297 -0.0932 -0.9688
vn 0.2817 -0.2635 -0.9226
vn 0.3817 0.4620 -0.8006
vn 0.3801 -0.4072 -0.8305
vn 0.3827 -0.4915 -0.7823
vn 0.4452 -0.6271 -0.6391
vn 0.4061 -0.7355 -0.5424
vn 0.4714 -0.7606 -0.4464
vn 0.5028 -0.8188 -0.2771
vn 0.5504 -0.8005 -0.2372
vn 0.3114 0.0943 -0.9456
vn 0.3063 -0.0966 -0.9470
vn 0.4548 0.5170 -0.7252
vn 0.4086 0.3446 -0.8451
vn 0.5293 0.1269 -0.8389
vn 0.5159 -0.1074 -0.8499
vn 0.3887 -0.3118 -0.8670
vn 0.4156 -0.4434 -0.7942
vn 0.4032 -0.6586 -0.6354
vn 0.3839 -0.8090 -0.4451
vn 0.4116 -0.8875 -0.2072
vn 0.4934 0.4539 -0.7420
vn 0.5548 0.1545 -0.8175
vn 0.5403 -0.1058 -0.8348
vn 0.4967 -0.3871 -0.7768
vn 0.6883 0.5047 -0.5210
vn 0.7245 0.2078 -0.6572
vn 0.7068 -0.1102 -0.6988
vn 0.6727 -0.4123 -0.6144
vn 0.5003 -0.6246 -0.5996
vn 0.4597 -0.7516 -0.4731
vn 0.7038 0.6733 -0.2267
vn 0.6792 -0.7108 -0.1829
vn 0.5087 -0.8379 0.1979
vn 0.3706 -0.9153 -0.1578
vn 0.7887 0.2166 -0.5753
vn 0.7857 -0.1109 -0.6086
vn 0.6992 -0.4154 -0.5819
vn 0.7935 0.5510 -0.2584
vn 0.9544 0.1893 -0.2308
vn 0.9638 -0.1001 -0.2472
vn 0.8978 -0.3782 -0.2256
vn 0.6201 -0.7565 -0.2076
vn 0.1922 -0.9616 -0.1957
vn 0.0392 -0.9901 -0.1344
vn 0.0595 -0.9943 -0.0887
vn 0.0889 -0.9960 0.0047
vn 0.2305 -0.9436 0.2376
vn 0.1292 -0.9191 0.3724
vn 0.0984 -0.9856 0.1377
vn 0.1311 -0.8351 0.5343
vn 0.1388 -0.8176 0.5588
vn 0.0672 -0.8002 0.5959
vn 0.0911 -0.8277 0.5538
vn 0.0527 -0.8611 0.5057
vn 0.0609 -0.8581 0.5098
vn -0.0002 -0.6796 0.7336
vn 0.0292 -0.7804 0.6245
vn 0.3260 -0.9149 -0.2380
vn 0.2787 -0.9490 -0.1473
vn 0.3800 -0.9216 -0.0796
vn 0.1900 -0.9796 -0.0660
vn 0.3778 -0.9255 0.0285
vn 0.2845 -0.9486 0.1383
vn 0.1992 -0.9798 0.0156
vn 0.3136 -0.9113 0.2667
vn 0.1713 -0.8328 0.5264
vn 0.2297 -0.8641 0.4479
vn 0.1432 -0.8278 0.5424
vn 0.1504 -0.8543 0.4976
vn 0.1378 -0.8492 0.5098
vn 0.1585 -0.6769 0.7188
vn 0.1581 -0.7919 0.5898
vn 0.5175 -0.8362 -0.1816
vn 0.4423 -0.8765 -0.1902
vn 0.5181 -0.8444 -0.1365
vn 0.4510 -0.8860 -0.1079
vn 0.4249 -0.9051 0.0160
vn 0.3717 -0.9089 0.1889
vn 0.3822 -0.8572 0.3452
vn 0.2547 -0.8405 0.4782
vn 0.2949 -0.8901 0.3474
vn 0.2299 -0.8313 0.5061
vn 0.3115 -0.7971 0.5173
vn 0.2264 -0.8204 0.5251
vn 0.1986 -0.8397 0.5054
vn 0.3109 -0.6074 0.7311
vn 0.2651 -0.7748 0.5739
vn 0.5539 -0.8133 -0.1785
vn 0.5725 -0.8095 -0.1305
vn 0.5517 -0.8252 -0.1213
vn 0.6155 -0.7875 -0.0305
vn 0.4644 -0.8856 -0.0075
vn 0.5947 -0.7967 0.1078
vn 0.4775 -0.8441 0.2439
vn 0.4360 -0.8898 0.1348
vn 0.4774 -0.8108 0.3387
vn 0.5097 -0.7468 0.4272
vn 0.4062 -0.7762 0.4821
vn 0.4069 -0.7951 0.4497
vn 0.4211 -0.7448 0.5177
vn 0.6364 0.2889 0.7153
vn 0.5166 0.2922 0.8048
vn 0.6637 0.0994 0.7413
vn 0.5645 0.1043 0.8188
vn 0.6640 -0.0758 0.7439
vn 0.5734 -0.0761 0.8158
vn 0.6490 -0.2802 0.7073
vn 0.5208 -0.2862 0.8043
vn 0.6090 -0.4997 0.6159
vn 0.4272 -0.5205 0.7393
vn 0.3908 -0.7352 0.5539
vn 0.6441 -0.7606 -0.0813
vn 0.5681 -0.8105 -0.1425
vn 0.6968 -0.7161 -0.0407
vn 0.6175 -0.7809 -0.0941
vn 0.7342 -0.6785 -0.0252
vn 0.6394 -0.7679 -0.0386
vn 0.7469 -0.6598 0.0820
vn 0.6247 -0.7755 0.0913
vn 0.7696 -0.5744 0.2789
vn 0.7232 -0.6478 0.2395
vn 0.6080 -0.7018 0.3714
vn 0.5819 -0.7715 0.2575
vn 0.7532 -0.5271 0.3935
vn 0.6229 -0.6649 0.4123
vn 0.7922 0.2591 0.5525
vn 0.6971 0.2825 0.6589
vn 0.8149 0.0813 0.5738
vn 0.7513 0.0964 0.6529
vn 0.8239 -0.0859 0.5602
vn 0.7628 -0.0777 0.6420
vn 0.8138 -0.2707 0.5142
vn 0.7267 -0.2766 0.6288
vn 0.7519 -0.4783 0.4537
vn 0.6265 -0.4919 0.6046
vn 0.5793 -0.6724 0.4607
vn 0.5624 -0.8077 0.1769
vn 0.5427 -0.8394 0.0299
vn 0.6991 -0.6898 0.1884
vn 0.6950 -0.7174 0.0473
vn 0.9003 0.3867 0.1996
vn 0.8714 -0.4217 0.2505
vn 0.8208 -0.5611 0.1070
vn 0.7756 -0.6311 0.0118
vn 0.9475 0.2836 0.1479
vn 0.9763 0.0795 0.2014
vn 0.9687 -0.1080 0.2234
vn 0.9308 -0.3165 0.1829
vn 0.8785 -0.4651 0.1090
vn 0.8503 -0.5013 0.1605
vn 0.8003 -0.5942 0.0797
vn 0.9417 0.2459 0.2297
vn 0.9674 0.0640 0.2451
vn 0.9642 -0.1066 0.2430
vn 0.9370 -0.2664 0.2258
vn 0.8736 -0.4114 0.2600
vn 0.9165 0.2222 0.3326
vn 0.8283 0.2409 0.5058
vn 0.9359 0.0541 0.3481
vn 0.8607 0.0641 0.5051
vn 0.9344 -0.0897 0.3448
vn 0.8655 -0.0886 0.4930
vn 0.9168 -0.2316 0.3253
vn 0.8348 -0.2593 0.4856
vn 0.8367 -0.4081 0.3651
vn 0.6605 0.7372 0.1425
vn 0.5438 -0.8058 0.2344
vn 0.6903 0.6154 0.3805
vn 0.7690 0.5246 0.3653
vn 0.6059 -0.6085 0.5125
vn 0.7209 -0.5427 0.4310
vn 0.6115 -0.7109 0.3475
vn 0.8414 0.3613 0.4019
vn 0.8408 0.1725 0.5131
vn 0.8998 0.1185 0.4198
vn 0.8399 -0.1073 0.5320
vn 0.8880 -0.1025 0.4483
vn 0.8129 -0.3719 0.4481
vn 0.7817 0.6072 0.1423
vn 0.9705 0.2190 0.1012
vn 0.9888 -0.1122 0.0982
vn 0.9032 -0.4176 0.0992
vn 0.6611 -0.5982 0.4529
vn 0.5763 -0.7950 0.1893
vn 0.7044 0.5653 0.4292
vn 0.8929 0.2174 0.3943
vn 0.6677 0.2185 0.7117
vn 0.9002 -0.1077 0.4219
vn 0.6684 -0.1241 0.7334
vn 0.7081 -0.4526 0.5420
vn -0.0250 0.2785 0.9601
vn -0.0357 0.1016 0.9942
vn -0.0346 -0.0756 0.9965
vn -0.0272 -0.2716 0.9620
vn -0.0178 -0.4783 0.8780
vn 0.1200 0.2788 0.9528
vn 0.1305 0.0980 0.9866
vn 0.1325 -0.0745 0.9884
vn 0.1224 -0.2661 0.9561
vn 0.1406 -0.4935 0.8583
vn 0.4890 0.2896 0.8228
vn 0.2897 0.2600 0.9211
vn 0.4919 0.1024 0.8646
vn 0.3043 0.0880 0.9485
vn 0.4880 -0.0683 0.8701
vn 0.3022 -0.0630 0.9512
vn 0.4829 -0.2768 0.8307
vn 0.2799 -0.2391 0.9298
vn 0.3091 -0.4810 0.8204
s 0
f 9//1 8//1 6//1 7//1
f 11//2 10//2 8//2 9//2
f 20//3 19//3 16//3 17//3
f 20//4 7//4 6//4 19//4
f 7//5 20//5 17//5 5//5
f 22//6 21//6 18//6 19//6
f 8//7 22//7 19//7 6//7
f 10//8 23//8 22//8 8//8
f 11//9 24//9 23//9 10//9
f 26//10 25//10 23//10 24//10
f 12//11 26//11 24//11 11//11
f 28//12 27//12 25//12 26//12
f 13//13 28//13 26//13 12//13
f 14//14 30//14 28//14 13//14
f 35//15 34//15 31//15 32//15
f 35//16 17//16 16//16 34//16
f 17//17 35//17 32//17 15//17
f 37//18 36//18 33//18 34//18
f 37//19 19//19 18//19 36//19
f 19//20 37//20 34//20 16//20
f 21//21 38//21 36//21 18//21
f 22//22 39//22 38//22 21//22
f 41//23 40//23 38//23 39//23
f 23//24 41//24 39//24 22//24
f 43//25 42//25 40//25 41//25
f 25//26 43//26 41//26 23//26
f 27//27 44//27 43//27 25//27
f 28//28 45//28 44//28 27//28
f 47//29 46//29 44//29 45//29
f 47//30 30//30 29//30 46//30
f 30//31 47//31 45//31 28//31
f 48//32 49//32 14//32 4//32
f 54//33 53//33 29//33 30//33
f 49//34 54//34 30//34 14//34
f 56//35 55//35 53//35 54//35
f 50//36 56//36 54//36 49//36
f 62//37 61//37 55//37 56//37
f 51//38 62//38 56//38 50//38
f 64//39 63//39 57//39 58//39
f 65//40 64//40 58//40 59//40
f 66//41 65//41 59//41 60//41
f 67//42 66//42 60//42 61//42
f 68//43 67//43 61//43 62//43
f 52//44 68//44 62//44 51//44
f 71//45 70//45 63//45 64//45
f 72//46 71//46 64//46 65//46
f 73//47 72//47 65//47 66//47
f 74//48 73//48 66//48 67//48
f 75//49 74//49 67//49 68//49
f 77//50 76//50 69//50 70//50
f 78//51 77//51 70//51 71//51
f 79//52 78//52 71//52 72//52
f 80//53 79//53 72//53 73//53
f 82//54 81//54 76//54 77//54
f 53//55 83//55 46//55 29//55
f 55//56 85//56 83//56 53//56
f 85//57 86//57 84//57 83//57
f 88//58 58//58 57//58 87//58
f 89//59 59//59 58//59 88//59
f 90//60 60//60 59//60 89//60
f 91//61 61//61 60//61 90//61
f 61//62 91//62 85//62 55//62
f 63//63 92//63 87//63 57//63
f 92//64 93//64 88//64 87//64
f 93//65 94//65 89//65 88//65
f 100//66 70//66 69//66 99//66
f 70//67 100//67 92//67 63//67
f 104//68 105//68 96//68 95//68
f 74//69 105//69 104//69 73//69
f 105//70 106//70 97//70 96//70
f 75//71 106//71 105//71 74//71
f 106//72 75//72 68//72 97//72
f 108//73 107//73 98//73 99//73
f 76//74 108//74 99//74 69//74
f 110//75 111//75 102//75 101//75
f 78//76 111//76 110//76 77//76
f 111//77 112//77 103//77 102//77
f 79//78 112//78 111//78 78//78
f 112//79 113//79 104//79 103//79
f 80//80 113//80 112//80 79//80
f 113//81 80//81 73//81 104//81
f 115//82 114//82 107//82 108//82
f 81//83 115//83 108//83 76//83
f 115//84 116//84 110//84 109//84
f 82//85 116//85 115//85 81//85
f 116//86 82//86 77//86 110//86
f 120//87 119//87 117//87 118//87
f 2//88 120//88 118//88 1//88
f 126//89 118//89 117//89 125//89
f 128//90 127//90 124//90 125//90
f 119//91 128//91 125//91 117//91
f 120//92 129//92 128//92 119//92
f 131//93 130//93 128//93 129//93
f 121//94 131//94 129//94 120//94
f 133//95 132//95 130//95 131//95
f 133//96 123//96 122//96 132//96
f 123//97 133//97 131//97 121//97
f 136//98 125//98 124//98 135//98
f 137//99 126//99 125//99 136//99
f 139//100 138//100 134//100 135//100
f 127//101 139//101 135//101 124//101
f 128//102 140//102 139//102 127//102
f 142//103 141//103 139//103 140//103
f 130//104 142//104 140//104 128//104
f 132//105 143//105 142//105 130//105
f 145//106 135//106 134//106 144//106
f 146//107 136//107 135//107 145//107
f 147//108 137//108 136//108 146//108
f 138//109 148//109 144//109 134//109
f 139//110 149//110 148//110 138//110
f 151//111 150//111 148//111 149//111
f 141//112 151//112 149//112 139//112
f 142//113 152//113 151//113 141//113
f 154//114 153//114 151//114 152//114
f 143//115 154//115 152//115 142//115
f 156//116 145//116 144//116 155//116
f 157//117 146//117 145//117 156//117
f 158//118 147//118 146//118 157//118
f 148//119 159//119 155//119 144//119
f 150//120 160//120 159//120 148//120
f 151//121 161//121 160//121 150//121
f 164//122 163//122 160//122 161//122
f 153//123 164//123 161//123 151//123
f 166//124 156//124 155//124 165//124
f 167//125 157//125 156//125 166//125
f 168//126 158//126 157//126 167//126
f 159//127 169//127 165//127 155//127
f 160//128 171//128 169//128 159//128
f 173//129 172//129 170//129 171//129
f 173//130 163//130 162//130 172//130
f 163//131 173//131 171//131 160//131
f 175//132 166//132 165//132 174//132
f 176//133 167//133 166//133 175//133
f 177//134 168//134 167//134 176//134
f 169//135 178//135 174//135 165//135
f 180//136 171//136 170//136 179//136
f 171//137 180//137 178//137 169//137
f 172//138 181//138 179//138 170//138
f 183//139 175//139 174//139 182//139
f 184//140 176//140 175//140 183//140
f 185//141 177//141 176//141 184//141
f 178//142 186//142 182//142 174//142
f 188//143 180//143 179//143 187//143
f 180//144 188//144 186//144 178//144
f 181//145 189//145 187//145 179//145
f 191//146 190//146 122//146 123//146
f 191//147 32//147 31//147 190//147
f 32//148 191//148 123//148 3//148
f 193//149 34//149 33//149 192//149
f 34//150 193//150 190//150 31//150
f 36//151 194//151 192//151 33//151
f 38//152 195//152 194//152 36//152
f 40//153 196//153 195//153 38//153
f 42//154 197//154 196//154 40//154
f 43//155 198//155 197//155 42//155
f 200//156 199//156 197//156 198//156
f 44//157 200//157 198//157 43//157
f 46//158 201//158 200//158 44//158
f 190//159 204//159 132//159 122//159
f 206//160 205//160 203//160 204//160
f 206//161 193//161 192//161 205//161
f 193//162 206//162 204//162 190//162
f 194//163 207//163 205//163 192//163
f 195//164 208//164 207//164 194//164
f 196//165 209//165 208//165 195//165
f 197//166 210//166 209//166 196//166
f 199//167 211//167 210//167 197//167
f 200//168 212//168 211//168 199//168
f 201//169 213//169 212//169 200//169
f 202//170 214//170 213//170 201//170
f 216//171 204//171 203//171 215//171
f 204//172 216//172 143//172 132//172
f 205//173 217//173 215//173 203//173
f 207//174 218//174 217//174 205//174
f 208//175 219//175 218//175 207//175
f 209//176 220//176 219//176 208//176
f 210//177 221//177 220//177 209//177
f 211//178 222//178 221//178 210//178
f 212//179 223//179 222//179 211//179
f 213//180 224//180 223//180 212//180
f 214//181 225//181 224//181 213//181
f 228//182 227//182 153//182 154//182
f 228//183 216//183 215//183 227//183
f 216//184 228//184 154//184 143//184
f 230//185 229//185 226//185 227//185
f 217//186 230//186 227//186 215//186
f 232//187 231//187 229//187 230//187
f 218//188 232//188 230//188 217//188
f 234//189 233//189 231//189 232//189
f 219//190 234//190 232//190 218//190
f 236//191 235//191 233//191 234//191
f 220//192 236//192 234//192 219//192
f 221//193 237//193 236//193 220//193
f 222//194 238//194 237//194 221//194
f 223//195 239//195 238//195 222//195
f 224//196 240//196 239//196 223//196
f 225//197 241//197 240//197 224//197
f 243//198 242//198 162//198 163//198
f 244//199 243//199 163//199 164//199
f 244//200 227//200 226//200 243//200
f 227//201 244//201 164//201 153//201
f 246//202 245//202 242//202 243//202
f 229//203 246//203 243//203 226//203
f 248//204 247//204 245//204 246//204
f 231//205 248//205 246//205 229//205
f 250//206 249//206 247//206 248//206
f 233//207 250//207 248//207 231//207
f 235//208 251//208 250//208 233//208
f 236//209 252//209 251//209 235//209
f 237//210 253//210 252//210 236//210
f 238//211 254//211 253//211 237//211
f 239//212 255//212 254//212 238//212
f 240//213 256//213 255//213 239//213
f 241//214 257//214 256//214 240//214
f 242//215 258//215 172//215 162//215
f 245//216 259//216 258//216 242//216
f 247//217 260//217 259//217 245//217
f 249//218 261//218 260//218 247//218
f 250//219 262//219 261//219 249//219
f 251//220 263//220 262//220 250//220
f 252//221 264//221 263//221 251//221
f 266//222 265//222 263//222 264//222
f 253//223 266//223 264//223 252//223
f 254//224 267//224 266//224 253//224
f 255//225 268//225 267//225 254//225
f 256//226 269//226 268//226 255//226
f 257//227 270//227 269//227 256//227
f 258//228 271//228 181//228 172//228
f 259//229 272//229 271//229 258//229
f 260//230 273//230 272//230 259//230
f 261//231 274//231 273//231 260//231
f 262//232 275//232 274//232 261//232
f 277//233 276//233 274//233 275//233
f 263//234 277//234 275//234 262//234
f 265//235 278//235 277//235 263//235
f 266//236 279//236 278//236 265//236
f 267//237 280//237 279//237 266//237
f 268//238 281//238 280//238 267//238
f 269//239 282//239 281//239 268//239
f 270//240 283//240 282//240 269//240
f 271//241 284//241 189//241 181//241
f 272//242 285//242 284//242 271//242
f 273//243 286//243 285//243 272//243
f 274//244 287//244 286//244 273//244
f 276//245 288//245 287//245 274//245
f 277//246 289//246 288//246 276//246
f 278//247 290//247 289//247 277//247
f 279//248 291//248 290//248 278//248
f 280//249 292//249 291//249 279//249
f 281//250 293//250 292//250 280//250
f 282//251 294//251 293//251 281//251
f 283//252 295//252 294//252 282//252
f 83//253 296//253 201//253 46//253
f 296//254 297//254 202//254 201//254
f 84//255 297//255 296//255 83//255
f 299//256 86//256 85//256 298//256
f 86//257 299//257 297//257 84//257
f 301//258 90//258 89//258 300//258
f 302//259 91//259 90//259 301//259
f 91//260 302//260 298//260 85//260
f 302//261 303//261 299//261 298//261
f 305//262 93//262 92//262 304//262
f 306//263 94//263 93//263 305//263
f 94//264 306//264 300//264 89//264
f 306//265 307//265 301//265 300//265
f 307//266 308//266 302//266 301//266
f 96//267 308//267 307//267 95//267
f 308//268 309//268 303//268 302//268
f 97//269 309//269 308//269 96//269
f 311//270 99//270 98//270 310//270
f 312//271 100//271 99//271 311//271
f 100//272 312//272 304//272 92//272
f 312//273 313//273 305//273 304//273
f 102//274 313//274 312//274 101//274
f 313//275 314//275 306//275 305//275
f 103//276 314//276 313//276 102//276
f 314//277 315//277 307//277 306//277
f 104//278 315//278 314//278 103//278
f 315//279 104//279 95//279 307//279
f 107//280 317//280 310//280 98//280
f 317//281 318//281 311//281 310//281
f 318//282 319//282 312//282 311//282
f 110//283 319//283 318//283 109//283
f 319//284 110//284 101//284 312//284
f 114//285 320//285 317//285 107//285
f 320//286 321//286 318//286 317//286
f 115//287 321//287 320//287 114//287
f 321//288 115//288 109//288 318//288
f 297//289 322//289 214//289 202//289
f 299//290 323//290 322//290 297//290
f 303//291 324//291 323//291 299//291
f 309//292 325//292 324//292 303//292
f 316//293 326//293 325//293 309//293
f 322//294 328//294 225//294 214//294
f 325//295 331//295 329//295 324//295
f 333//296 332//296 330//296 331//296
f 326//297 333//297 331//297 325//297
f 335//298 334//298 332//298 333//298
f 327//299 335//299 333//299 326//299
f 328//300 336//300 241//300 225//300
f 338//301 331//301 330//301 337//301
f 332//302 339//302 337//302 330//302
f 334//303 341//303 339//303 332//303
f 335//304 342//304 341//304 334//304
f 344//305 343//305 341//305 342//305
f 346//306 338//306 337//306 345//306
f 339//307 348//307 345//307 337//307
f 351//308 350//308 347//308 348//308
f 341//309 351//309 348//309 339//309
f 353//310 342//310 340//310 349//310
f 355//311 354//311 350//311 351//311
f 343//312 355//312 351//312 341//312
f 355//313 356//313 353//313 352//313
f 344//314 356//314 355//314 343//314
f 356//315 344//315 342//315 353//315
f 358//316 357//316 354//316 355//316
f 361//317 346//317 345//317 360//317
f 363//318 348//318 347//318 362//318
f 348//319 363//319 360//319 345//319
f 363//320 364//320 361//320 360//320
f 364//321 349//321 346//321 361//321
f 350//322 367//322 362//322 347//322
f 368//323 369//323 364//323 363//323
f 353//324 369//324 368//324 352//324
f 369//325 353//325 349//325 364//325
f 372//326 370//326 365//326 367//326
f 354//327 372//327 367//327 350//327
f 371//328 373//328 368//328 366//328
f 373//329 355//329 352//329 368//329
f 375//330 374//330 370//330 372//330
f 357//331 375//331 372//331 354//331
f 375//332 376//332 373//332 371//332
f 358//333 376//333 375//333 357//333
f 376//334 358//334 355//334 373//334
f 359//335 377//335 283//335 270//335
f 379//336 363//336 362//336 378//336
f 381//337 367//337 365//337 380//337
f 367//338 381//338 378//338 362//338
f 381//339 382//339 379//339 378//339
f 368//340 382//340 381//340 366//340
f 382//341 368//341 363//341 379//341
f 370//342 383//342 380//342 365//342
f 383//343 384//343 381//343 380//343
f 384//344 371//344 366//344 381//344
f 374//345 385//345 383//345 370//345
f 385//346 386//346 384//346 383//346
f 375//347 386//347 385//347 374//347
f 386//348 375//348 371//348 384//348
f 377//349 387//349 295//349 283//349
f 391//350 390//350 388//350 389//350
f 395//351 389//351 388//351 394//351
f 400//352 2//352 1//352 394//352
f 390//353 400//353 394//353 388//353
f 391//354 401//354 400//354 390//354
f 401//355 391//355 389//355 395//355
f 402//356 401//356 395//356 396//356
f 404//357 403//357 397//357 398//357
f 405//358 404//358 398//358 399//358
f 407//359 406//359 400//359 401//359
f 409//360 393//360 392//360 408//360
f 416//361 415//361 412//361 413//361
f 417//362 416//362 413//362 414//362
f 420//363 419//363 415//363 416//363
f 421//364 420//364 416//364 417//364
f 422//365 421//365 417//365 418//365
f 424//366 423//366 419//366 420//366
f 425//367 424//367 420//367 421//367
f 426//368 425//368 421//368 422//368
f 429//369 428//369 423//369 424//369
f 430//370 429//370 424//370 425//370
f 431//371 430//371 425//371 426//371
f 432//372 431//372 426//372 427//372
f 435//373 434//373 428//373 429//373
f 436//374 435//374 429//374 430//374
f 437//375 436//375 430//375 431//375
f 438//376 437//376 431//376 432//376
f 439//377 438//377 432//377 433//377
f 445//378 444//378 441//378 442//378
f 446//379 445//379 442//379 443//379
f 449//380 7//380 5//380 444//380
f 450//381 449//381 444//381 445//381
f 450//382 413//382 412//382 449//382
f 451//383 450//383 445//383 446//383
f 451//384 414//384 413//384 450//384
f 452//385 451//385 446//385 447//385
f 453//386 452//386 447//386 448//386
f 454//387 9//387 7//387 449//387
f 415//388 454//388 449//388 412//388
f 455//389 417//389 414//389 451//389
f 456//390 455//390 451//390 452//390
f 456//391 418//391 417//391 455//391
f 457//392 456//392 452//392 453//392
f 458//393 11//393 9//393 454//393
f 419//394 458//394 454//394 415//394
f 459//395 422//395 418//395 456//395
f 460//396 459//396 456//396 457//396
f 461//397 12//397 11//397 458//397
f 423//398 461//398 458//398 419//398
f 462//399 426//399 422//399 459//399
f 463//400 462//400 459//400 460//400
f 463//401 427//401 426//401 462//401
f 465//402 13//402 12//402 461//402
f 428//403 465//403 461//403 423//403
f 466//404 432//404 427//404 463//404
f 467//405 466//405 463//405 464//405
f 467//406 433//406 432//406 466//406
f 469//407 14//407 13//407 465//407
f 469//408 434//408 4//408 14//408
f 434//409 469//409 465//409 428//409
f 470//410 439//410 433//410 467//410
f 471//411 470//411 467//411 468//411
f 471//412 440//412 439//412 470//412
f 473//413 472//413 392//413 393//413
f 473//414 442//414 441//414 472//414
f 474//415 443//415 442//415 473//415
f 477//416 17//416 15//416 472//416
f 477//417 444//417 5//417 17//417
f 444//418 477//418 472//418 441//418
f 478//419 446//419 443//419 474//419
f 479//420 478//420 474//420 475//420
f 479//421 447//421 446//421 478//421
f 480//422 479//422 475//422 476//422
f 480//423 448//423 447//423 479//423
f 481//424 453//424 448//424 480//424
f 483//425 457//425 453//425 481//425
f 484//426 483//426 481//426 482//426
f 485//427 460//427 457//427 483//427
f 486//428 485//428 483//428 484//428
f 487//429 463//429 460//429 485//429
f 488//430 464//430 463//430 487//430
f 489//431 467//431 464//431 488//431
f 490//432 468//432 467//432 489//432
f 491//433 471//433 468//433 490//433
f 492//434 32//434 3//434 408//434
f 492//435 472//435 15//435 32//435
f 472//436 492//436 408//436 392//436
f 493//437 473//437 393//437 409//437
f 494//438 493//438 409//438 410//438
f 494//439 474//439 473//439 493//439
f 495//440 494//440 410//440 411//440
f 495//441 475//441 474//441 494//441
f 496//442 476//442 475//442 495//442
f 497//443 480//443 476//443 496//443
f 499//444 481//444 480//444 497//444
f 500//445 499//445 497//445 498//445
f 500//446 482//446 481//446 499//446
f 501//447 484//447 482//447 500//447
f 486//448 503//448 502//448 485//448
f 503//449 486//449 484//449 501//449
f 504//450 487//450 485//450 502//450
f 505//451 504//451 502//451 503//451
f 505//452 488//452 487//452 504//452
f 506//453 489//453 488//453 505//453
f 507//454 490//454 489//454 506//454
f 508//455 509//455 507//455 506//455
f 509//456 491//456 490//456 507//456
f 510//457 48//457 4//457 434//457
f 511//458 510//458 434//458 435//458
f 512//459 511//459 435//459 436//459
f 513//460 512//460 436//460 437//460
f 514//461 513//461 437//461 438//461
f 515//462 514//462 438//462 439//462
f 516//463 515//463 439//463 440//463
f 518//464 517//464 510//464 511//464
f 519//465 518//465 511//465 512//465
f 520//466 519//466 512//466 513//466
f 521//467 520//467 513//467 514//467
f 522//468 521//468 514//468 515//468
f 524//469 523//469 518//469 519//469
f 525//470 524//470 519//470 520//470
f 526//471 525//471 520//471 521//471
f 528//472 527//472 523//472 524//472
f 529//473 528//473 524//473 525//473
f 510//474 530//474 49//474 48//474
f 516//475 532//475 531//475 515//475
f 532//476 516//476 440//476 471//476
f 533//477 50//477 49//477 530//477
f 517//478 533//478 530//478 510//478
f 518//479 534//479 533//479 517//479
f 522//480 536//480 535//480 521//480
f 536//481 522//481 515//481 531//481
f 537//482 536//482 531//482 532//482
f 538//483 51//483 50//483 533//483
f 539//484 538//484 533//484 534//484
f 523//485 539//485 534//485 518//485
f 526//486 541//486 540//486 525//486
f 541//487 526//487 521//487 535//487
f 542//488 541//488 535//488 536//488
f 543//489 52//489 51//489 538//489
f 544//490 543//490 538//490 539//490
f 527//491 544//491 539//491 523//491
f 528//492 545//492 544//492 527//492
f 529//493 546//493 545//493 528//493
f 546//494 529//494 525//494 540//494
f 547//495 546//495 540//495 541//495
f 548//496 532//496 471//496 491//496
f 537//497 550//497 549//497 536//497
f 550//498 537//498 532//498 548//498
f 542//499 552//499 551//499 541//499
f 552//500 542//500 536//500 549//500
f 543//501 553//501 68//501 52//501
f 544//502 554//502 553//502 543//502
f 545//503 555//503 554//503 544//503
f 546//504 556//504 555//504 545//504
f 547//505 557//505 556//505 546//505
f 557//506 547//506 541//506 551//506
f 558//507 559//507 509//507 508//507
f 559//508 548//508 491//508 509//508
f 561//509 562//509 559//509 558//509
f 550//510 562//510 561//510 549//510
f 562//511 550//511 548//511 559//511
f 563//512 564//512 561//512 560//512
f 552//513 564//513 563//513 551//513
f 564//514 552//514 549//514 561//514
f 553//515 565//515 97//515 68//515
f 554//516 566//516 565//516 553//516
f 555//517 567//517 566//517 554//517
f 556//518 568//518 567//518 555//518
f 557//519 569//519 568//519 556//519
f 569//520 557//520 551//520 563//520
f 570//521 394//521 1//521 118//521
f 571//522 395//522 394//522 570//522
f 572//523 396//523 395//523 571//523
f 574//524 398//524 397//524 573//524
f 575//525 399//525 398//525 574//525
f 400//526 576//526 120//526 2//526
f 402//527 578//527 577//527 401//527
f 578//528 402//528 396//528 572//528
f 579//529 578//529 572//529 573//529
f 403//530 579//530 573//530 397//530
f 404//531 580//531 579//531 403//531
f 405//532 581//532 580//532 404//532
f 581//533 405//533 399//533 575//533
f 582//534 121//534 120//534 576//534
f 406//535 582//535 576//535 400//535
f 407//536 583//536 582//536 406//536
f 583//537 407//537 401//537 577//537
f 584//538 583//538 577//538 578//538
f 585//539 584//539 578//539 579//539
f 586//540 585//540 579//540 580//540
f 587//541 123//541 121//541 582//541
f 587//542 408//542 3//542 123//542
f 588//543 587//543 582//543 583//543
f 588//544 409//544 408//544 587//544
f 589//545 588//545 583//545 584//545
f 589//546 410//546 409//546 588//546
f 590//547 589//547 584//547 585//547
f 590//548 411//548 410//548 589//548
f 592//549 570//549 118//549 126//549
f 593//550 571//550 570//550 592//550
f 594//551 572//551 571//551 593//551
f 595//552 573//552 572//552 594//552
f 596//553 574//553 573//553 595//553
f 597//554 575//554 574//554 596//554
f 581//555 599//555 598//555 580//555
f 599//556 581//556 575//556 597//556
f 586//557 601//557 600//557 585//557
f 601//558 586//558 580//558 598//558
f 602//559 601//559 598//559 599//559
f 603//560 590//560 585//560 600//560
f 604//561 603//561 600//561 601//561
f 604//562 591//562 590//562 603//562
f 605//563 592//563 126//563 137//563
f 606//564 593//564 592//564 605//564
f 607//565 594//565 593//565 606//565
f 608//566 595//566 594//566 607//566
f 609//567 596//567 595//567 608//567
f 610//568 597//568 596//568 609//568
f 611//569 599//569 597//569 610//569
f 602//570 613//570 612//570 601//570
f 613//571 602//571 599//571 611//571
f 614//572 604//572 601//572 612//572
f 616//573 605//573 137//573 147//573
f 617//574 606//574 605//574 616//574
f 618//575 607//575 606//575 617//575
f 619//576 608//576 607//576 618//576
f 620//577 609//577 608//577 619//577
f 621//578 610//578 609//578 620//578
f 623//579 611//579 610//579 621//579
f 624//580 623//580 621//580 622//580
f 613//581 626//581 625//581 612//581
f 626//582 613//582 611//582 623//582
f 627//583 614//583 612//583 625//583
f 628//584 615//584 614//584 627//584
f 629//585 616//585 147//585 158//585
f 630//586 617//586 616//586 629//586
f 631//587 618//587 617//587 630//587
f 632//588 619//588 618//588 631//588
f 633//589 620//589 619//589 632//589
f 634//590 621//590 620//590 633//590
f 635//591 622//591 621//591 634//591
f 624//592 637//592 636//592 623//592
f 637//593 624//593 622//593 635//593
f 626//594 639//594 638//594 625//594
f 639//595 626//595 623//595 636//595
f 640//596 639//596 636//596 637//596
f 641//597 627//597 625//597 638//597
f 642//598 641//598 638//598 639//598
f 643//599 629//599 158//599 168//599
f 644//600 630//600 629//600 643//600
f 645//601 631//601 630//601 644//601
f 646//602 632//602 631//602 645//602
f 647//603 633//603 632//603 646//603
f 648//604 634//604 633//604 647//604
f 649//605 635//605 634//605 648//605
f 650//606 637//606 635//606 649//606
f 640//607 652//607 651//607 639//607
f 652//608 640//608 637//608 650//608
f 653//609 642//609 639//609 651//609
f 654//610 653//610 651//610 652//610
f 655//611 643//611 168//611 177//611
f 656//612 644//612 643//612 655//612
f 657//613 645//613 644//613 656//613
f 658//614 646//614 645//614 657//614
f 659//615 647//615 646//615 658//615
f 660//616 648//616 647//616 659//616
f 661//617 649//617 648//617 660//617
f 662//618 650//618 649//618 661//618
f 663//619 652//619 650//619 662//619
f 664//620 654//620 652//620 663//620
f 665//621 655//621 177//621 185//621
f 666//622 656//622 655//622 665//622
f 667//623 657//623 656//623 666//623
f 668//624 658//624 657//624 667//624
f 669//625 659//625 658//625 668//625
f 670//626 660//626 659//626 669//626
f 671//627 661//627 660//627 670//627
f 672//628 673//628 671//628 670//628
f 673//629 662//629 661//629 671//629
f 674//630 663//630 662//630 673//630
f 675//631 664//631 663//631 674//631
f 677//632 495//632 411//632 590//632
f 678//633 677//633 590//633 591//633
f 678//634 496//634 495//634 677//634
f 679//635 497//635 496//635 678//635
f 680//636 498//636 497//636 679//636
f 681//637 500//637 498//637 680//637
f 682//638 501//638 500//638 681//638
f 683//639 503//639 501//639 682//639
f 685//640 505//640 503//640 683//640
f 686//641 687//641 685//641 684//641
f 687//642 506//642 505//642 685//642
f 688//643 689//643 687//643 686//643
f 689//644 508//644 506//644 687//644
f 690//645 678//645 591//645 604//645
f 692//646 679//646 678//646 690//646
f 693//647 692//647 690//647 691//647
f 693//648 680//648 679//648 692//648
f 694//649 681//649 680//649 693//649
f 695//650 682//650 681//650 694//650
f 696//651 683//651 682//651 695//651
f 685//652 698//652 697//652 684//652
f 698//653 685//653 683//653 696//653
f 699//654 686//654 684//654 697//654
f 701//655 688//655 686//655 699//655
f 702//656 690//656 604//656 614//656
f 703//657 702//657 614//657 615//657
f 703//658 691//658 690//658 702//658
f 704//659 693//659 691//659 703//659
f 705//660 694//660 693//660 704//660
f 706//661 695//661 694//661 705//661
f 707//662 696//662 695//662 706//662
f 698//663 709//663 708//663 697//663
f 709//664 698//664 696//664 707//664
f 711//665 699//665 697//665 708//665
f 713//666 714//666 711//666 710//666
f 701//667 714//667 713//667 700//667
f 714//668 701//668 699//668 711//668
f 715//669 716//669 628//669 627//669
f 716//670 703//670 615//670 628//670
f 717//671 704//671 703//671 716//671
f 718//672 705//672 704//672 717//672
f 719//673 706//673 705//673 718//673
f 720//674 707//674 706//674 719//674
f 709//675 722//675 721//675 708//675
f 722//676 709//676 707//676 720//676
f 711//677 724//677 723//677 710//677
f 724//678 711//678 708//678 721//678
f 713//679 728//679 727//679 712//679
f 728//680 713//680 710//680 723//680
f 729//681 715//681 627//681 641//681
f 730//682 729//682 641//682 642//682
f 730//683 716//683 715//683 729//683
f 732//684 717//684 716//684 730//684
f 733//685 732//685 730//685 731//685
f 734//686 718//686 717//686 732//686
f 735//687 734//687 732//687 733//687
f 736//688 719//688 718//688 734//688
f 737//689 736//689 734//689 735//689
f 738//690 720//690 719//690 736//690
f 739//691 738//691 736//691 737//691
f 722//692 741//692 740//692 721//692
f 741//693 722//693 720//693 738//693
f 724//694 743//694 742//694 723//694
f 743//695 724//695 721//695 740//695
f 725//696 744//696 257//696 241//696
f 727//697 746//697 745//697 726//697
f 728//698 747//698 746//698 727//698
f 747//699 728//699 723//699 742//699
f 748//700 747//700 742//700 743//700
f 749//701 730//701 642//701 653//701
f 750//702 749//702 653//702 654//702
f 750//703 731//703 730//703 749//703
f 751//704 733//704 731//704 750//704
f 753//705 735//705 733//705 751//705
f 754//706 753//706 751//706 752//706
f 755//707 737//707 735//707 753//707
f 756//708 755//708 753//708 754//708
f 739//709 758//709 757//709 738//709
f 758//710 739//710 737//710 755//710
f 741//711 760//711 759//711 740//711
f 760//712 741//712 738//712 757//712
f 761//713 743//713 740//713 759//713
f 762//714 761//714 759//714 760//714
f 744//715 763//715 270//715 257//715
f 746//716 765//716 764//716 745//716
f 747//717 766//717 765//717 746//717
f 748//718 767//718 766//718 747//718
f 767//719 748//719 743//719 761//719
f 768//720 750//720 654//720 664//720
f 770//721 751//721 750//721 768//721
f 771//722 770//722 768//722 769//722
f 771//723 752//723 751//723 770//723
f 772//724 754//724 752//724 771//724
f 756//725 774//725 773//725 755//725
f 774//726 756//726 754//726 772//726
f 758//727 776//727 775//727 757//727
f 776//728 758//728 755//728 773//728
f 777//729 760//729 757//729 775//729
f 762//730 779//730 778//730 761//730
f 779//731 762//731 760//731 777//731
f 767//732 781//732 780//732 766//732
f 781//733 767//733 761//733 778//733
f 782//734 768//734 664//734 675//734
f 783//735 782//735 675//735 676//735
f 783//736 769//736 768//736 782//736
f 784//737 771//737 769//737 783//737
f 785//738 772//738 771//738 784//738
f 774//739 787//739 786//739 773//739
f 787//740 774//740 772//740 785//740
f 776//741 789//741 788//741 775//741
f 789//742 776//742 773//742 786//742
f 790//743 777//743 775//743 788//743
f 791//744 790//744 788//744 789//744
f 779//745 793//745 792//745 778//745
f 793//746 779//746 777//746 790//746
f 781//747 795//747 794//747 780//747
f 795//748 781//748 778//748 792//748
f 796//749 797//749 689//749 688//749
f 797//750 558//750 508//750 689//750
f 799//751 800//751 797//751 796//751
f 561//752 800//752 799//752 560//752
f 800//753 561//753 558//753 797//753
f 801//754 802//754 799//754 798//754
f 802//755 563//755 560//755 799//755
f 565//756 803//756 309//756 97//756
f 566//757 804//757 803//757 565//757
f 567//758 805//758 804//758 566//758
f 568//759 806//759 805//759 567//759
f 806//760 807//760 802//760 801//760
f 569//761 807//761 806//761 568//761
f 807//762 569//762 563//762 802//762
f 808//763 316//763 309//763 803//763
f 809//764 808//764 803//764 804//764
f 812//765 813//765 701//765 700//765
f 813//766 796//766 688//766 701//766
f 323//767 814//767 810//767 322//767
f 816//768 817//768 812//768 811//768
f 817//769 818//769 813//769 812//769
f 799//770 818//770 817//770 798//770
f 818//771 799//771 796//771 813//771
f 324//772 819//772 814//772 323//772
f 819//773 820//773 815//773 814//773
f 820//774 821//774 816//774 815//774
f 821//775 822//775 817//775 816//775
f 822//776 801//776 798//776 817//776
f 823//777 824//777 821//777 820//777
f 805//778 824//778 823//778 804//778
f 824//779 825//779 822//779 821//779
f 806//780 825//780 824//780 805//780
f 825//781 806//781 801//781 822//781
f 808//782 826//782 326//782 316//782
f 809//783 827//783 826//783 808//783
f 827//784 809//784 804//784 823//784
f 828//785 327//785 326//785 826//785
f 810//786 829//786 328//786 322//786
f 831//787 832//787 713//787 712//787
f 812//788 832//788 831//788 811//788
f 832//789 812//789 700//789 713//789
f 814//790 833//790 829//790 810//790
f 833//791 834//791 830//791 829//791
f 815//792 834//792 833//792 814//792
f 834//793 835//793 831//793 830//793
f 816//794 835//794 834//794 815//794
f 835//795 816//795 811//795 831//795
f 836//796 819//796 324//796 329//796
f 837//797 820//797 819//797 836//797
f 331//798 838//798 836//798 329//798
f 838//799 839//799 837//799 836//799
f 839//800 823//800 820//800 837//800
f 840//801 841//801 839//801 838//801
f 827//802 841//802 840//802 826//802
f 841//803 827//803 823//803 839//803
f 828//804 842//804 335//804 327//804
f 842//805 828//805 826//805 840//805
f 336//806 843//806 725//806 241//806
f 829//807 843//807 336//807 328//807
f 830//808 844//808 843//808 829//808
f 844//809 845//809 727//809 726//809
f 831//810 845//810 844//810 830//810
f 845//811 831//811 712//811 727//811
f 846//812 838//812 331//812 338//812
f 847//813 840//813 838//813 846//813
f 342//814 848//814 847//814 340//814
f 842//815 848//815 342//815 335//815
f 848//816 842//816 840//816 847//816
f 843//817 849//817 744//817 725//817
f 844//818 850//818 849//818 843//818
f 850//819 844//819 726//819 745//819
f 851//820 846//820 338//820 346//820
f 349//821 852//821 851//821 346//821
f 847//822 852//822 349//822 340//822
f 852//823 847//823 846//823 851//823
f 853//824 359//824 270//824 763//824
f 849//825 853//825 763//825 744//825
f 850//826 854//826 853//826 849//826
f 854//827 850//827 745//827 764//827
f 855//828 854//828 764//828 765//828
f 856//829 855//829 765//829 766//829
f 853//830 857//830 377//830 359//830
f 854//831 858//831 857//831 853//831
f 855//832 859//832 858//832 854//832
f 856//833 860//833 859//833 855//833
f 860//834 856//834 766//834 780//834
f 857//835 861//835 387//835 377//835
f 858//836 862//836 861//836 857//836
f 859//837 863//837 862//837 858//837
f 860//838 864//838 863//838 859//838
f 864//839 860//839 780//839 794//839
f 866//840 183//840 182//840 865//840
f 867//841 184//841 183//841 866//841
f 868//842 185//842 184//842 867//842
f 186//843 869//843 865//843 182//843
f 869//844 870//844 866//844 865//844
f 872//845 188//845 187//845 871//845
f 188//846 872//846 869//846 186//846
f 189//847 873//847 871//847 187//847
f 873//848 874//848 872//848 871//848
f 876//849 867//849 866//849 875//849
f 877//850 868//850 867//850 876//850
f 879//851 870//851 869//851 878//851
f 870//852 879//852 875//852 866//852
f 872//853 880//853 878//853 869//853
f 882//854 874//854 873//854 881//854
f 874//855 882//855 880//855 872//855
f 884//856 876//856 875//856 883//856
f 885//857 877//857 876//857 884//857
f 887//858 879//858 878//858 886//858
f 879//859 887//859 883//859 875//859
f 887//860 888//860 884//860 883//860
f 888//861 889//861 885//861 884//861
f 880//862 890//862 886//862 878//862
f 890//863 891//863 887//863 886//863
f 882//864 892//864 890//864 880//864
f 895//865 888//865 887//865 894//865
f 896//866 889//866 888//866 895//866
f 889//867 896//867 893//867 885//867
f 898//868 891//868 890//868 897//868
f 891//869 898//869 894//869 887//869
f 898//870 899//870 895//870 894//870
f 892//871 900//871 897//871 890//871
f 900//872 901//872 898//872 897//872
f 901//873 902//873 899//873 898//873
f 905//874 896//874 895//874 904//874
f 896//875 905//875 903//875 893//875
f 899//876 906//876 904//876 895//876
f 906//877 907//877 905//877 904//877
f 909//878 902//878 901//878 908//878
f 902//879 909//879 906//879 899//879
f 912//880 907//880 906//880 911//880
f 907//881 912//881 910//881 905//881
f 909//882 913//882 911//882 906//882
f 913//883 914//883 912//883 911//883
f 912//884 916//884 915//884 910//884
f 914//885 917//885 916//885 912//885
f 284//886 918//886 873//886 189//886
f 285//887 919//887 918//887 284//887
f 286//888 920//888 919//888 285//888
f 287//889 921//889 920//889 286//889
f 288//890 923//890 921//890 287//890
f 923//891 924//891 922//891 921//891
f 289//892 924//892 923//892 288//892
f 290//893 926//893 924//893 289//893
f 926//894 927//894 925//894 924//894
f 291//895 927//895 926//895 290//895
f 292//896 928//896 927//896 291//896
f 293//897 929//897 928//897 292//897
f 294//898 930//898 929//898 293//898
f 295//899 931//899 930//899 294//899
f 918//900 932//900 881//900 873//900
f 932//901 933//901 882//901 881//901
f 919//902 934//902 932//902 918//902
f 934//903 935//903 933//903 932//903
f 920//904 936//904 934//904 919//904
f 936//905 937//905 935//905 934//905
f 921//906 938//906 936//906 920//906
f 938//907 939//907 937//907 936//907
f 922//908 939//908 938//908 921//908
f 924//909 940//909 939//909 922//909
f 925//910 941//910 940//910 924//910
f 927//911 942//911 941//911 925//911
f 928//912 943//912 942//912 927//912
f 929//913 944//913 943//913 928//913
f 930//914 945//914 944//914 929//914
f 931//915 946//915 945//915 930//915
f 933//916 947//916 892//916 882//916
f 935//917 948//917 947//917 933//917
f 937//918 949//918 948//918 935//918
f 939//919 950//919 949//919 937//919
f 940//920 952//920 950//920 939//920
f 952//921 953//921 951//921 950//921
f 941//922 953//922 952//922 940//922
f 942//923 954//923 953//923 941//923
f 943//924 956//924 954//924 942//924
f 956//925 957//925 955//925 954//925
f 944//926 957//926 956//926 943//926
f 945//927 959//927 957//927 944//927
f 959//928 960//928 958//928 957//928
f 946//929 960//929 959//929 945//929
f 947//930 961//930 900//930 892//930
f 961//931 962//931 901//931 900//931
f 948//932 963//932 961//932 947//932
f 963//933 964//933 962//933 961//933
f 949//934 965//934 963//934 948//934
f 965//935 966//935 964//935 963//935
f 950//936 967//936 965//936 949//936
f 967//937 968//937 966//937 965//937
f 951//938 968//938 967//938 950//938
f 953//939 969//939 968//939 951//939
f 954//940 971//940 969//940 953//940
f 971//941 972//941 970//941 969//941
f 955//942 972//942 971//942 954//942
f 957//943 973//943 972//943 955//943
f 958//944 974//944 973//944 957//944
f 960//945 975//945 974//945 958//945
f 962//946 976//946 908//946 901//946
f 976//947 977//947 909//947 908//947
f 964//948 978//948 976//948 962//948
f 978//949 979//949 977//949 976//949
f 966//950 980//950 978//950 964//950
f 980//951 981//951 979//951 978//951
f 968//952 982//952 980//952 966//952
f 982//953 983//953 981//953 980//953
f 969//954 984//954 982//954 968//954
f 984//955 985//955 983//955 982//955
f 970//956 985//956 984//956 969//956
f 972//957 987//957 985//957 970//957
f 987//958 988//958 986//958 985//958
f 973//959 989//959 987//959 972//959
f 989//960 990//960 988//960 987//960
f 974//961 990//961 989//961 973//961
f 977//962 991//962 913//962 909//962
f 991//963 992//963 914//963 913//963
f 979//964 993//964 991//964 977//964
f 993//965 994//965 992//965 991//965
f 981//966 995//966 993//966 979//966
f 995//967 996//967 994//967 993//967
f 983//968 997//968 995//968 981//968
f 997//969 998//969 996//969 995//969
f 985//970 999//970 997//970 983//970
f 999//971 1000//971 998//971 997//971
f 986//972 1000//972 999//972 985//972
f 988//973 1001//973 1000//973 986//973
f 992//974 1002//974 917//974 914//974
f 994//975 1003//975 1002//975 992//975
f 387//976 1004//976 931//976 295//976
f 1004//977 1005//977 946//977 931//977
f 1005//978 1006//978 960//978 946//978
f 1007//979 665//979 185//979 868//979
f 1008//980 666//980 665//980 1007//980
f 1009//981 667//981 666//981 1008//981
f 1010//982 668//982 667//982 1009//982
f 1011//983 669//983 668//983 1010//983
f 1012//984 670//984 669//984 1011//984
f 1013//985 672//985 670//985 1012//985
f 1014//986 673//986 672//986 1013//986
f 1015//987 674//987 673//987 1014//987
f 1016//988 675//988 674//988 1015//988
f 1017//989 676//989 675//989 1016//989
f 1018//990 1007//990 868//990 877//990
f 1019//991 1008//991 1007//991 1018//991
f 1020//992 1009//992 1008//992 1019//992
f 1021//993 1010//993 1009//993 1020//993
f 1022//994 1011//994 1010//994 1021//994
f 1023//995 1012//995 1011//995 1022//995
f 1024//996 1013//996 1012//996 1023//996
f 1025//997 1014//997 1013//997 1024//997
f 1026//998 1027//998 1025//998 1024//998
f 1027//999 1015//999 1014//999 1025//999
f 1028//1000 1016//1000 1015//1000 1027//1000
f 1029//1001 1018//1001 877//1001 885//1001
f 1030//1002 1019//1002 1018//1002 1029//1002
f 1031//1003 1020//1003 1019//1003 1030//1003
f 1032//1004 1021//1004 1020//1004 1031//1004
f 1033//1005 1022//1005 1021//1005 1032//1005
f 1034//1006 1023//1006 1022//1006 1033//1006
f 1035//1007 1036//1007 1034//1007 1033//1007
f 1036//1008 1024//1008 1023//1008 1034//1008
f 1037//1009 1026//1009 1024//1009 1036//1009
f 1038//1010 1027//1010 1026//1010 1037//1010
f 1039//1011 1040//1011 1038//1011 1037//1011
f 1040//1012 1028//1012 1027//1012 1038//1012
f 1041//1013 1029//1013 885//1013 893//1013
f 1042//1014 1030//1014 1029//1014 1041//1014
f 1043//1015 1031//1015 1030//1015 1042//1015
f 1044//1016 1032//1016 1031//1016 1043//1016
f 1045//1017 1033//1017 1032//1017 1044//1017
f 1046//1018 1047//1018 1045//1018 1044//1018
f 1047//1019 1035//1019 1033//1019 1045//1019
f 1048//1020 1036//1020 1035//1020 1047//1020
f 1049//1021 1050//1021 1048//1021 1047//1021
f 1050//1022 1037//1022 1036//1022 1048//1022
f 1051//1023 1052//1023 1050//1023 1049//1023
f 1052//1024 1039//1024 1037//1024 1050//1024
f 1053//1025 1041//1025 893//1025 903//1025
f 1054//1026 1042//1026 1041//1026 1053//1026
f 1055//1027 1043//1027 1042//1027 1054//1027
f 1056//1028 1044//1028 1043//1028 1055//1028
f 905//1029 1057//1029 1053//1029 903//1029
f 1058//1030 1059//1030 1056//1030 1055//1030
f 1059//1031 1046//1031 1044//1031 1056//1031
f 1060//1032 1047//1032 1046//1032 1059//1032
f 1061//1033 1062//1033 1060//1033 1059//1033
f 1062//1034 1049//1034 1047//1034 1060//1034
f 1063//1035 1051//1035 1049//1035 1062//1035
f 1064//1036 1052//1036 1051//1036 1063//1036
f 1066//1037 1054//1037 1053//1037 1065//1037
f 1067//1038 1055//1038 1054//1038 1066//1038
f 1068//1039 1057//1039 905//1039 910//1039
f 1057//1040 1068//1040 1065//1040 1053//1040
f 1068//1041 1069//1041 1066//1041 1065//1041
f 1069//1042 1070//1042 1067//1042 1066//1042
f 1070//1043 1058//1043 1055//1043 1067//1043
f 1071//1044 1059//1044 1058//1044 1070//1044
f 1072//1045 1061//1045 1059//1045 1071//1045
f 1073//1046 1062//1046 1061//1046 1072//1046
f 1075//1047 1063//1047 1062//1047 1073//1047
f 1076//1048 1068//1048 910//1048 915//1048
f 1077//1049 1069//1049 1068//1049 1076//1049
f 1078//1050 1070//1050 1069//1050 1077//1050
f 1079//1051 1071//1051 1070//1051 1078//1051
f 916//1052 1080//1052 1076//1052 915//1052
f 1080//1053 1081//1053 1077//1053 1076//1053
f 1081//1054 1082//1054 1078//1054 1077//1054
f 1082//1055 1083//1055 1079//1055 1078//1055
f 1083//1056 1072//1056 1071//1056 1079//1056
f 1084//1057 1073//1057 1072//1057 1083//1057
f 917//1058 1085//1058 1080//1058 916//1058
f 1086//1059 1087//1059 1084//1059 1083//1059
f 1075//1060 1087//1060 1086//1060 1074//1060
f 1087//1061 1075//1061 1073//1061 1084//1061
f 1089//1062 1081//1062 1080//1062 1088//1062
f 1090//1063 1082//1063 1081//1063 1089//1063
f 1091//1064 1083//1064 1082//1064 1090//1064
f 1085//1065 1092//1065 1088//1065 1080//1065
f 1092//1066 1093//1066 1089//1066 1088//1066
f 1093//1067 1094//1067 1090//1067 1089//1067
f 1094//1068 1095//1068 1091//1068 1090//1068
f 1095//1069 1086//1069 1083//1069 1091//1069
f 1096//1070 1097//1070 1017//1070 1016//1070
f 1097//1071 783//1071 676//1071 1017//1071
f 1098//1072 784//1072 783//1072 1097//1072
f 1100//1073 785//1073 784//1073 1098//1073
f 1101//1074 1102//1074 1100//1074 1099//1074
f 787//1075 1102//1075 1101//1075 786//1075
f 1102//1076 787//1076 785//1076 1100//1076
f 1104//1077 789//1077 786//1077 1101//1077
f 1105//1078 1106//1078 1104//1078 1103//1078
f 791//1079 1106//1079 1105//1079 790//1079
f 1106//1080 791//1080 789//1080 1104//1080
f 793//1081 1108//1081 1107//1081 792//1081
f 1108//1082 793//1082 790//1082 1105//1082
f 795//1083 1110//1083 1109//1083 794//1083
f 1110//1084 795//1084 792//1084 1107//1084
f 1111//1085 1096//1085 1016//1085 1028//1085
f 1112//1086 1097//1086 1096//1086 1111//1086
f 1113//1087 1114//1087 1112//1087 1111//1087
f 1114//1088 1098//1088 1097//1088 1112//1088
f 1115//1089 1116//1089 1114//1089 1113//1089
f 1100//1090 1116//1090 1115//1090 1099//1090
f 1116//1091 1100//1091 1098//1091 1114//1091
f 1117//1092 1101//1092 1099//1092 1115//1092
f 1104//1093 1119//1093 1118//1093 1103//1093
f 1119//1094 1104//1094 1101//1094 1117//1094
f 1120//1095 1105//1095 1103//1095 1118//1095
f 1108//1096 1122//1096 1121//1096 1107//1096
f 1122//1097 1108//1097 1105//1097 1120//1097
f 1110//1098 1124//1098 1123//1098 1109//1098
f 1124//1099 1110//1099 1107//1099 1121//1099
f 1125//1100 1126//1100 1040//1100 1039//1100
f 1126//1101 1111//1101 1028//1101 1040//1101
f 1127//1102 1128//1102 1126//1102 1125//1102
f 1128//1103 1113//1103 1111//1103 1126//1103
f 1129//1104 1115//1104 1113//1104 1128//1104
f 1131//1105 1117//1105 1115//1105 1129//1105
f 1132//1106 1133//1106 1131//1106 1130//1106
f 1119//1107 1133//1107 1132//1107 1118//1107
f 1133//1108 1119//1108 1117//1108 1131//1108
f 1135//1109 1120//1109 1118//1109 1132//1109
f 1136//1110 1137//1110 1135//1110 1134//1110
f 1122//1111 1137//1111 1136//1111 1121//1111
f 1137//1112 1122//1112 1120//1112 1135//1112
f 1124//1113 1142//1113 1141//1113 1123//1113
f 1142//1114 1124//1114 1121//1114 1136//1114
f 1143//1115 1125//1115 1039//1115 1052//1115
f 1144//1116 1127//1116 1125//1116 1143//1116
f 1145//1117 1128//1117 1127//1117 1144//1117
f 1146//1118 1147//1118 1145//1118 1144//1118
f 1147//1119 1129//1119 1128//1119 1145//1119
f 1148//1120 1149//1120 1147//1120 1146//1120
f 1131//1121 1149//1121 1148//1121 1130//1121
f 1149//1122 1131//1122 1129//1122 1147//1122
f 1151//1123 1132//1123 1130//1123 1148//1123
f 1152//1124 1153//1124 1151//1124 1150//1124
f 1135//1125 1153//1125 1152//1125 1134//1125
f 1153//1126 1135//1126 1132//1126 1151//1126
f 1158//1127 1136//1127 1134//1127 1152//1127
f 975//1128 1159//1128 1154//1128 974//1128
f 1138//1129 1159//1129 975//1129 960//1129
f 1159//1130 1160//1130 1155//1130 1154//1130
f 1139//1131 1160//1131 1159//1131 1138//1131
f 1160//1132 1161//1132 1156//1132 1155//1132
f 1140//1133 1161//1133 1160//1133 1139//1133
f 1161//1134 1162//1134 1157//1134 1156//1134
f 1141//1135 1162//1135 1161//1135 1140//1135
f 1162//1136 1163//1136 1158//1136 1157//1136
f 1142//1137 1163//1137 1162//1137 1141//1137
f 1163//1138 1142//1138 1136//1138 1158//1138
f 1164//1139 1165//1139 1064//1139 1063//1139
f 1165//1140 1143//1140 1052//1140 1064//1140
f 1166//1141 1167//1141 1165//1141 1164//1141
f 1167//1142 1144//1142 1143//1142 1165//1142
f 1168//1143 1169//1143 1167//1143 1166//1143
f 1169//1144 1146//1144 1144//1144 1167//1144
f 1171//1145 1172//1145 1169//1145 1168//1145
f 1172//1146 1148//1146 1146//1146 1169//1146
f 1173//1147 1174//1147 1171//1147 1170//1147
f 1174//1148 1175//1148 1172//1148 1171//1148
f 1151//1149 1175//1149 1174//1149 1150//1149
f 1175//1150 1151//1150 1148//1150 1172//1150
f 1179//1151 1180//1151 1174//1151 1173//1151
f 1180//1152 1152//1152 1150//1152 1174//1152
f 990//1153 1181//1153 1176//1153 988//1153
f 1154//1154 1181//1154 990//1154 974//1154
f 1181//1155 1182//1155 1177//1155 1176//1155
f 1155//1156 1182//1156 1181//1156 1154//1156
f 1182//1157 1183//1157 1178//1157 1177//1157
f 1156//1158 1183//1158 1182//1158 1155//1158
f 1183//1159 1184//1159 1179//1159 1178//1159
f 1157//1160 1184//1160 1183//1160 1156//1160
f 1184//1161 1185//1161 1180//1161 1179//1161
f 1158//1162 1185//1162 1184//1162 1157//1162
f 1185//1163 1158//1163 1152//1163 1180//1163
f 1186//1164 1187//1164 1075//1164 1074//1164
f 1187//1165 1164//1165 1063//1165 1075//1165
f 1190//1166 1191//1166 1187//1166 1186//1166
f 1191//1167 1166//1167 1164//1167 1187//1167
f 996//1168 1192//1168 1188//1168 994//1168
f 1194//1169 1195//1169 1190//1169 1189//1169
f 1195//1170 1196//1170 1191//1170 1190//1170
f 1196//1171 1168//1171 1166//1171 1191//1171
f 998//1172 1197//1172 1192//1172 996//1172
f 1197//1173 1198//1173 1193//1173 1192//1173
f 1198//1174 1199//1174 1194//1174 1193//1174
f 1199//1175 1200//1175 1195//1175 1194//1175
f 1200//1176 1201//1176 1196//1176 1195//1176
f 1171//1177 1201//1177 1200//1177 1170//1177
f 1201//1178 1171//1178 1168//1178 1196//1178
f 1000//1179 1202//1179 1197//1179 998//1179
f 1202//1180 1203//1180 1198//1180 1197//1180
f 1203//1181 1204//1181 1199//1181 1198//1181
f 1204//1182 1205//1182 1200//1182 1199//1182
f 1205//1183 1173//1183 1170//1183 1200//1183
f 1001//1184 1206//1184 1202//1184 1000//1184
f 1176//1185 1206//1185 1001//1185 988//1185
f 1206//1186 1207//1186 1203//1186 1202//1186
f 1177//1187 1207//1187 1206//1187 1176//1187
f 1207//1188 1208//1188 1204//1188 1203//1188
f 1178//1189 1208//1189 1207//1189 1177//1189
f 1208//1190 1209//1190 1205//1190 1204//1190
f 1179//1191 1209//1191 1208//1191 1178//1191
f 1209//1192 1179//1192 1173//1192 1205//1192
f 1002//1193 1210//1193 1085//1193 917//1193
f 1212//1194 1186//1194 1074//1194 1086//1194
f 1003//1195 1213//1195 1210//1195 1002//1195
f 1188//1196 1213//1196 1003//1196 994//1196
f 1215//1197 1216//1197 1212//1197 1211//1197
f 1190//1198 1216//1198 1215//1198 1189//1198
f 1216//1199 1190//1199 1186//1199 1212//1199
f 1192//1200 1217//1200 1213//1200 1188//1200
f 1217//1201 1218//1201 1214//1201 1213//1201
f 1193//1202 1218//1202 1217//1202 1192//1202
f 1218//1203 1219//1203 1215//1203 1214//1203
f 1194//1204 1219//1204 1218//1204 1193//1204
f 1219//1205 1194//1205 1189//1205 1215//1205
f 1210//1206 1220//1206 1092//1206 1085//1206
f 1220//1207 1221//1207 1093//1207 1092//1207
f 1221//1208 1222//1208 1094//1208 1093//1208
f 1222//1209 1223//1209 1095//1209 1094//1209
f 1212//1210 1223//1210 1222//1210 1211//1210
f 1223//1211 1212//1211 1086//1211 1095//1211
f 1213//1212 1224//1212 1220//1212 1210//1212
f 1224//1213 1225//1213 1221//1213 1220//1213
f 1214//1214 1225//1214 1224//1214 1213//1214
f 1225//1215 1226//1215 1222//1215 1221//1215
f 1215//1216 1226//1216 1225//1216 1214//1216
f 1226//1217 1215//1217 1211//1217 1222//1217
f 861//1218 1227//1218 1004//1218 387//1218
f 862//1219 1228//1219 1227//1219 861//1219
f 863//1220 1229//1220 1228//1220 862//1220
f 864//1221 1230//1221 1229//1221 863//1221
f 1230//1222 864//1222 794//1222 1109//1222
f 1227//1223 1231//1223 1005//1223 1004//1223
f 1228//1224 1232//1224 1231//1224 1227//1224
f 1229//1225 1233//1225 1232//1225 1228//1225
f 1230//1226 1234//1226 1233//1226 1229//1226
f 1234//1227 1230//1227 1109//1227 1123//1227
f 1006//1228 1235//1228 1138//1228 960//1228
f 1231//1229 1235//1229 1006//1229 1005//1229
f 1235//1230 1236//1230 1139//1230 1138//1230
f 1232//1231 1236//1231 1235//1231 1231//1231
f 1236//1232 1237//1232 1140//1232 1139//1232
f 1233//1233 1237//1233 1236//1233 1232//1233
f 1237//1234 1238//1234 1141//1234 1140//1234
f 1234//1235 1238//1235 1237//1235 1233//1235
f 1238//1236 1234//1236 1123//1236 1141//1236
