# Blender 4.4.3
# www.blender.org
o Suzanne
v -0.679056 -0.163782 0.000821
v -0.683306 -0.134561 -0.003403
v -0.688283 -0.098553 -0.008567
v -0.692475 -0.059834 -0.013959
v -0.679251 -0.004449 -0.038330
v -0.694741 -0.019598 -0.020453
v -0.643349 -0.287338 -0.001004
v -0.645193 -0.256398 -0.006555
v -0.651161 -0.218955 -0.010434
v -0.659399 -0.178978 -0.013665
v -0.641890 -0.125101 -0.041609
v -0.659125 -0.139378 -0.024628
v -0.645509 -0.095476 -0.045954
v -0.666839 -0.100466 -0.028610
v -0.649713 -0.059158 -0.050307
v -0.672101 -0.064260 -0.032922
v -0.658620 -0.019468 -0.051722
v -0.676014 -0.034238 -0.035606
v -0.484441 -0.640443 -0.002155
v -0.456502 -0.650584 -0.009035
v -0.404003 -0.679315 -0.004045
v -0.406698 -0.646770 -0.046748
v -0.421775 -0.660113 -0.020642
v -0.361937 -0.676531 -0.039624
v -0.374559 -0.686334 -0.014583
v -0.362504 -0.640244 -0.078715
v -0.375382 -0.656265 -0.056300
v -0.391175 -0.667774 -0.031164
v -0.334443 -0.685322 -0.046215
v -0.339391 -0.699125 -0.017090
v -0.334447 -0.646693 -0.088529
v -0.341387 -0.665635 -0.066564
v -0.317343 -0.558874 -0.772621
v -0.316967 -0.558567 -0.754393
v -0.312519 -0.527868 -0.877621
v -0.319388 -0.528560 -0.852683
v -0.321612 -0.532283 -0.819160
v -0.321153 -0.537676 -0.783872
v -0.319945 -0.537503 -0.756091
v -0.314024 -0.509286 -0.876695
v -0.320098 -0.502464 -0.853272
v -0.322044 -0.504344 -0.819251
v -0.321125 -0.504792 -0.784351
v -0.319797 -0.513339 -0.758494
v -0.316150 -0.481073 -0.844278
v -0.317954 -0.479970 -0.819694
v -0.317254 -0.481350 -0.794589
v -0.603808 -0.526576 -0.006264
v -0.608359 -0.496292 -0.009151
v -0.609386 -0.459204 -0.009781
v -0.609570 -0.419920 -0.009862
v -0.611083 -0.380306 -0.010891
v -0.615061 -0.341196 -0.013296
v -0.568956 -0.568118 -0.010886
v -0.560225 -0.524428 -0.037651
v -0.579531 -0.538781 -0.019961
v -0.561506 -0.494813 -0.041146
v -0.584148 -0.499223 -0.025230
v -0.561672 -0.458634 -0.041861
v -0.585037 -0.459800 -0.026515
v -0.561926 -0.419710 -0.042219
v -0.585301 -0.419971 -0.026771
v -0.563461 -0.379873 -0.044227
v -0.587042 -0.380165 -0.028099
v -0.566385 -0.339964 -0.048284
v -0.590819 -0.341293 -0.030961
v -0.527890 -0.607789 -0.007732
v -0.526020 -0.565925 -0.042406
v -0.542111 -0.581989 -0.021460
v -0.535848 -0.536450 -0.049517
v -0.553493 -0.553365 -0.030890
v -0.536577 -0.498574 -0.055415
v -0.537015 -0.459625 -0.056639
v -0.537502 -0.419939 -0.057343
v -0.538761 -0.380063 -0.060215
v -0.520411 -0.324589 -0.081057
v -0.539135 -0.339631 -0.066494
v -0.485417 -0.602940 -0.041774
v -0.498270 -0.618848 -0.018916
v -0.498074 -0.577143 -0.053035
v -0.513618 -0.593676 -0.031619
v -0.481767 -0.525124 -0.081143
v -0.502010 -0.540020 -0.067079
v -0.483566 -0.495382 -0.083607
v -0.508663 -0.499831 -0.070445
v -0.484754 -0.458852 -0.084257
v -0.510377 -0.460104 -0.071374
v -0.486424 -0.419822 -0.085638
v -0.511635 -0.421012 -0.072163
v -0.490144 -0.380225 -0.088744
v -0.514177 -0.384454 -0.074447
v -0.497276 -0.339831 -0.091928
v -0.517115 -0.354440 -0.077533
v -0.457878 -0.610187 -0.052045
v -0.464046 -0.629693 -0.029719
v -0.446957 -0.566464 -0.085152
v -0.464364 -0.582301 -0.068687
v -0.457061 -0.537309 -0.090198
v -0.475479 -0.554533 -0.075982
v -0.455061 -0.498836 -0.095956
v -0.456958 -0.459641 -0.097184
v -0.459236 -0.420282 -0.099324
v -0.462299 -0.381405 -0.103665
v -0.444717 -0.327114 -0.124989
v -0.464255 -0.342354 -0.110179
v -0.406341 -0.605977 -0.082530
v -0.423512 -0.622150 -0.061519
v -0.435964 -0.638119 -0.037852
v -0.418714 -0.577693 -0.093187
v -0.435931 -0.595263 -0.074883
v -0.423574 -0.539317 -0.103474
v -0.400400 -0.482962 -0.120414
v -0.421591 -0.498572 -0.110239
v -0.402347 -0.453834 -0.123168
v -0.427620 -0.458976 -0.110712
v -0.406065 -0.418492 -0.127786
v -0.431761 -0.421067 -0.113200
v -0.413145 -0.381004 -0.131981
v -0.436485 -0.385897 -0.116954
v -0.421856 -0.342000 -0.135869
v -0.440700 -0.356866 -0.120794
v -0.376241 -0.615456 -0.090785
v -0.392268 -0.632158 -0.069610
v -0.363511 -0.564355 -0.121864
v -0.383168 -0.580047 -0.107602
v -0.369629 -0.534874 -0.126546
v -0.394165 -0.543767 -0.114914
v -0.377213 -0.497535 -0.128401
v -0.398065 -0.513480 -0.118270
v -0.375166 -0.458232 -0.135857
v -0.360000 -0.402967 -0.160366
v -0.377658 -0.418583 -0.144393
v -0.364309 -0.374475 -0.166225
v -0.387364 -0.380281 -0.148620
v -0.372176 -0.339318 -0.170766
v -0.394998 -0.344995 -0.152983
v -0.323891 -0.603714 -0.121617
v -0.341131 -0.619163 -0.105045
v -0.336058 -0.576015 -0.128634
v -0.354209 -0.592634 -0.113974
v -0.337765 -0.538932 -0.137685
v -0.342854 -0.500452 -0.142015
v -0.325779 -0.445236 -0.166856
v -0.342996 -0.462653 -0.150123
v -0.337114 -0.415283 -0.171368
v -0.352659 -0.432575 -0.154575
v -0.321469 -0.365048 -0.204006
v -0.338309 -0.378412 -0.184441
v -0.327634 -0.335265 -0.207870
v -0.348148 -0.340343 -0.188895
v -0.622059 -0.301643 -0.015579
v -0.601773 -0.245266 -0.042297
v -0.619802 -0.260617 -0.025922
v -0.604744 -0.215282 -0.046844
v -0.627393 -0.220737 -0.029153
v -0.611694 -0.179153 -0.050276
v -0.634417 -0.184288 -0.032518
v -0.620333 -0.140150 -0.053369
v -0.638093 -0.154693 -0.037089
v -0.620983 -0.100814 -0.061312
v -0.602307 -0.046385 -0.082313
v -0.621143 -0.061351 -0.068287
v -0.605477 -0.016199 -0.085185
v -0.629936 -0.021560 -0.069759
v -0.572750 -0.300345 -0.051413
v -0.596160 -0.305066 -0.033906
v -0.580299 -0.259936 -0.054423
v -0.598559 -0.275170 -0.038258
v -0.560516 -0.204010 -0.080250
v -0.578709 -0.218887 -0.064465
v -0.563940 -0.174649 -0.084433
v -0.586672 -0.179261 -0.067783
v -0.567896 -0.139075 -0.089322
v -0.593205 -0.141220 -0.071784
v -0.573832 -0.100954 -0.092400
v -0.596958 -0.105764 -0.076489
v -0.580914 -0.061227 -0.093655
v -0.599695 -0.076504 -0.079609
v -0.579991 -0.020097 -0.099821
v -0.524286 -0.294737 -0.084573
v -0.547323 -0.300279 -0.068698
v -0.529029 -0.258382 -0.089065
v -0.553572 -0.263800 -0.071990
v -0.538426 -0.218899 -0.091589
v -0.556993 -0.233760 -0.076130
v -0.539335 -0.179531 -0.099506
v -0.521336 -0.125189 -0.121385
v -0.540022 -0.140072 -0.107232
v -0.524293 -0.095276 -0.123939
v -0.547767 -0.100093 -0.109044
v -0.527373 -0.058813 -0.126444
v -0.552866 -0.061137 -0.111070
v -0.530581 -0.019649 -0.129092
v -0.554911 -0.024117 -0.114425
v -0.498634 -0.299568 -0.099078
v -0.481286 -0.244330 -0.121238
v -0.499987 -0.259370 -0.106680
v -0.485452 -0.214977 -0.125206
v -0.509663 -0.220257 -0.109305
v -0.489880 -0.179210 -0.130146
v -0.514154 -0.184523 -0.114306
v -0.499075 -0.140049 -0.132072
v -0.518029 -0.155099 -0.117973
v -0.499258 -0.099746 -0.137679
v -0.501002 -0.060200 -0.141236
v -0.502708 -0.020831 -0.144526
v -0.448842 -0.296589 -0.129270
v -0.471870 -0.304886 -0.113569
v -0.458597 -0.258994 -0.131656
v -0.476953 -0.274581 -0.117095
v -0.459876 -0.219714 -0.139636
v -0.442080 -0.165258 -0.162171
v -0.460820 -0.180101 -0.147544
v -0.444994 -0.135430 -0.165128
v -0.469583 -0.139878 -0.149398
v -0.446875 -0.098994 -0.168606
v -0.472580 -0.100212 -0.152983
v -0.450822 -0.060148 -0.170383
v -0.475384 -0.061520 -0.155642
v -0.454835 -0.020931 -0.171970
v -0.478008 -0.025722 -0.157934
v -0.402403 -0.285879 -0.162851
v -0.420880 -0.300944 -0.146339
v -0.405720 -0.255914 -0.167420
v -0.429879 -0.261039 -0.149480
v -0.412281 -0.219496 -0.170910
v -0.434755 -0.224807 -0.154349
v -0.420616 -0.180174 -0.173509
v -0.438613 -0.195164 -0.158421
v -0.420505 -0.140178 -0.180476
v -0.400963 -0.084977 -0.202074
v -0.419357 -0.100056 -0.186680
v -0.401928 -0.055047 -0.204708
v -0.425107 -0.059703 -0.187258
v -0.404921 -0.018708 -0.205950
v -0.428966 -0.020055 -0.188628
v -0.380799 -0.300676 -0.175113
v -0.398655 -0.315505 -0.158244
v -0.361587 -0.245712 -0.204254
v -0.379553 -0.260387 -0.186086
v -0.366651 -0.215526 -0.207241
v -0.387934 -0.220138 -0.188873
v -0.371786 -0.179102 -0.210934
v -0.394411 -0.181259 -0.192297
v -0.376152 -0.140206 -0.214221
v -0.397266 -0.144901 -0.196603
v -0.381467 -0.099692 -0.215684
v -0.399134 -0.114932 -0.199644
v -0.360061 -0.043540 -0.239485
v -0.377723 -0.058455 -0.223654
v -0.360768 -0.014412 -0.240822
v -0.381694 -0.018775 -0.223931
v -0.333879 -0.299320 -0.213222
v -0.355377 -0.304615 -0.193845
v -0.320903 -0.244642 -0.240771
v -0.339350 -0.259312 -0.219768
v -0.357708 -0.274592 -0.200192
v -0.324583 -0.214635 -0.244699
v -0.344941 -0.218902 -0.225243
v -0.328678 -0.178597 -0.248560
v -0.349830 -0.179827 -0.229646
v -0.332494 -0.139646 -0.251709
v -0.353966 -0.140847 -0.232950
v -0.336328 -0.099558 -0.253659
v -0.357777 -0.103800 -0.235032
v -0.341319 -0.058605 -0.253523
v -0.358858 -0.073407 -0.237687
v -0.339561 -0.018845 -0.257311
v -0.240973 -0.641341 -0.843964
v -0.246309 -0.647477 -0.815398
v -0.250128 -0.652723 -0.779397
v -0.254260 -0.654887 -0.740121
v -0.255966 -0.655988 -0.700072
v -0.256062 -0.656029 -0.660004
v -0.203078 -0.683565 -0.766876
v -0.206329 -0.686761 -0.736491
v -0.209108 -0.688854 -0.699299
v -0.210279 -0.689956 -0.659907
v -0.205006 -0.640476 -0.882888
v -0.215586 -0.650503 -0.856078
v -0.219862 -0.661669 -0.820073
v -0.222345 -0.670555 -0.781680
v -0.230330 -0.672458 -0.740766
v -0.233793 -0.674044 -0.700286
v -0.234787 -0.674640 -0.660062
v -0.161756 -0.679705 -0.841464
v -0.168643 -0.686065 -0.815286
v -0.177845 -0.691517 -0.780765
v -0.176365 -0.699221 -0.740645
v -0.179983 -0.702408 -0.700286
v -0.181883 -0.704074 -0.660075
v -0.175526 -0.649219 -0.888229
v -0.179245 -0.665714 -0.857782
v -0.192075 -0.673631 -0.824652
v -0.198484 -0.679109 -0.796549
v -0.120337 -0.719931 -0.722649
v -0.124475 -0.722045 -0.694591
v -0.127211 -0.723511 -0.658747
v -0.135070 -0.684853 -0.848166
v -0.137293 -0.694380 -0.816625
v -0.139893 -0.702839 -0.780507
v -0.138900 -0.711964 -0.741056
v -0.149760 -0.714009 -0.700237
v -0.153780 -0.715591 -0.660061
v -0.124248 -0.638325 -0.918145
v -0.138926 -0.653537 -0.898740
v -0.144088 -0.670824 -0.871630
v -0.093576 -0.723127 -0.728053
v -0.094648 -0.727120 -0.696283
v -0.095867 -0.729378 -0.659237
v -0.087529 -0.678036 -0.880276
v -0.100678 -0.686344 -0.857016
v -0.102274 -0.695420 -0.820391
v -0.100365 -0.704502 -0.784535
v -0.099540 -0.715338 -0.753707
v -0.094982 -0.642439 -0.920414
v -0.100101 -0.663486 -0.897982
v -0.115444 -0.674927 -0.876979
v -0.058484 -0.724936 -0.730201
v -0.058816 -0.730666 -0.697205
v -0.059162 -0.733540 -0.659477
v -0.061781 -0.678619 -0.882310
v -0.064043 -0.683875 -0.856068
v -0.069087 -0.688322 -0.820195
v -0.060129 -0.696830 -0.784272
v -0.059926 -0.714275 -0.756902
v -0.058782 -0.644110 -0.923206
v -0.060248 -0.664374 -0.901635
v -0.042194 -0.675452 -0.846596
v -0.044888 -0.674876 -0.821413
v -0.042328 -0.680608 -0.797619
v -0.019789 -0.726057 -0.730478
v -0.019858 -0.732533 -0.697440
v -0.019911 -0.735631 -0.659540
v -0.038964 -0.676459 -0.884460
v -0.039763 -0.678682 -0.866606
v -0.019937 -0.695545 -0.775585
v -0.020009 -0.714393 -0.755618
v -0.019869 -0.645821 -0.922965
v -0.020840 -0.666247 -0.895664
v -0.017971 -0.670401 -0.859586
v -0.016362 -0.667959 -0.824497
v -0.015849 -0.676339 -0.795240
v -0.255131 -0.654961 -0.619992
v -0.253622 -0.652960 -0.580052
v -0.251607 -0.649889 -0.540356
v -0.249265 -0.645811 -0.501271
v -0.245362 -0.643463 -0.464184
v -0.241189 -0.641073 -0.433845
v -0.210254 -0.690252 -0.619990
v -0.209596 -0.690005 -0.579995
v -0.208549 -0.689234 -0.540003
v -0.207258 -0.687917 -0.500107
v -0.205756 -0.685793 -0.460821
v -0.204244 -0.682281 -0.423883
v -0.200862 -0.680027 -0.393838
v -0.234314 -0.674177 -0.619997
v -0.233081 -0.672932 -0.579987
v -0.231374 -0.670986 -0.539988
v -0.229376 -0.668395 -0.499955
v -0.226962 -0.665159 -0.459792
v -0.225036 -0.659103 -0.418972
v -0.215093 -0.660065 -0.378838
v -0.211641 -0.650270 -0.340479
v -0.182715 -0.704958 -0.620013
v -0.183038 -0.705376 -0.580002
v -0.182903 -0.705272 -0.539995
v -0.182334 -0.704563 -0.499981
v -0.181507 -0.703038 -0.459969
v -0.180897 -0.700094 -0.419978
v -0.181536 -0.694923 -0.379363
v -0.175804 -0.694190 -0.339287
v -0.197487 -0.676919 -0.364352
v -0.194392 -0.673142 -0.334964
v -0.129173 -0.724671 -0.619815
v -0.130615 -0.725631 -0.579993
v -0.131327 -0.726333 -0.540004
v -0.131210 -0.726744 -0.499999
v -0.130565 -0.726878 -0.459996
v -0.129725 -0.726752 -0.419985
v -0.128914 -0.726704 -0.379951
v -0.127932 -0.727922 -0.339960
v -0.155934 -0.716713 -0.620025
v -0.157397 -0.717501 -0.580013
v -0.158072 -0.717845 -0.540004
v -0.157863 -0.717656 -0.499993
v -0.157098 -0.716938 -0.459973
v -0.156255 -0.715549 -0.419927
v -0.155663 -0.713472 -0.379850
v -0.153316 -0.712921 -0.339921
v -0.096777 -0.731064 -0.619906
v -0.097464 -0.732545 -0.579998
v -0.097814 -0.733791 -0.540003
v -0.097770 -0.734776 -0.500001
v -0.097478 -0.735480 -0.459994
v -0.097063 -0.735975 -0.419946
v -0.096539 -0.737104 -0.379824
v -0.096156 -0.740775 -0.339860
v -0.042925 -0.761454 -0.320247
v -0.059407 -0.735609 -0.619941
v -0.059598 -0.737520 -0.579999
v -0.059703 -0.739201 -0.540003
v -0.059698 -0.740585 -0.500001
v -0.059623 -0.741626 -0.459977
v -0.059478 -0.742469 -0.419901
v -0.059082 -0.744445 -0.379930
v -0.058192 -0.750298 -0.340823
v -0.015557 -0.763774 -0.322517
v -0.019946 -0.737825 -0.619949
v -0.019974 -0.739892 -0.580000
v -0.019991 -0.741740 -0.540004
v -0.019992 -0.743286 -0.500007
v -0.019982 -0.744452 -0.460050
v -0.019951 -0.745373 -0.420381
v -0.019803 -0.747400 -0.382044
v -0.019212 -0.753131 -0.347783
v -0.286221 -0.722806 -0.006318
v -0.285953 -0.681881 -0.082901
v -0.300046 -0.693946 -0.057805
v -0.304165 -0.710034 -0.023984
v -0.284080 -0.641389 -0.119403
v -0.298945 -0.658196 -0.098536
v -0.313254 -0.672990 -0.075158
v -0.246843 -0.723624 -0.046703
v -0.257418 -0.728558 -0.017748
v -0.258337 -0.692435 -0.090307
v -0.264747 -0.708905 -0.062736
v -0.276026 -0.716339 -0.035722
v -0.256916 -0.648611 -0.130548
v -0.264269 -0.669463 -0.109357
v -0.207620 -0.723465 -0.087832
v -0.218346 -0.730905 -0.058318
v -0.219677 -0.739133 -0.019880
v -0.212671 -0.689233 -0.129681
v -0.225459 -0.702759 -0.103212
v -0.236776 -0.714809 -0.076044
v -0.205837 -0.644676 -0.304924
v -0.201132 -0.640691 -0.275525
v -0.212333 -0.648595 -0.169207
v -0.225118 -0.662909 -0.143160
v -0.237253 -0.678832 -0.118932
v -0.160770 -0.720967 -0.164177
v -0.166604 -0.726239 -0.135173
v -0.177857 -0.733638 -0.099664
v -0.180080 -0.743669 -0.060159
v -0.180294 -0.749194 -0.020167
v -0.172834 -0.691958 -0.299826
v -0.171650 -0.689761 -0.260004
v -0.170976 -0.692069 -0.219988
v -0.173706 -0.698381 -0.179893
v -0.188110 -0.701363 -0.143997
v -0.197167 -0.712976 -0.115513
v -0.190723 -0.668038 -0.299298
v -0.189016 -0.660603 -0.260493
v -0.186607 -0.663115 -0.221318
v -0.192403 -0.665655 -0.184363
v -0.201005 -0.676587 -0.156804
v -0.122268 -0.761895 -0.207406
v -0.121965 -0.762525 -0.179500
v -0.120387 -0.760793 -0.152505
v -0.129027 -0.731239 -0.300256
v -0.133178 -0.735645 -0.261119
v -0.135580 -0.741742 -0.221075
v -0.142548 -0.738789 -0.178868
v -0.138700 -0.746322 -0.138013
v -0.140463 -0.749216 -0.098804
v -0.140484 -0.753216 -0.059711
v -0.140196 -0.755109 -0.019971
v -0.152453 -0.712967 -0.300158
v -0.153285 -0.713966 -0.261057
v -0.154135 -0.716742 -0.224149
v -0.156862 -0.717974 -0.193573
v -0.079293 -0.796585 -0.242786
v -0.084779 -0.800246 -0.219064
v -0.081516 -0.799579 -0.193962
v -0.082679 -0.766569 -0.285215
v -0.090882 -0.778493 -0.257323
v -0.105634 -0.779321 -0.220264
v -0.096963 -0.783312 -0.178730
v -0.097178 -0.771269 -0.141738
v -0.087586 -0.765111 -0.116468
v -0.100116 -0.748659 -0.300744
v -0.111333 -0.755450 -0.265292
v -0.118730 -0.759218 -0.236275
v -0.114369 -0.758406 -0.123823
v -0.101736 -0.757529 -0.095689
v -0.100462 -0.756527 -0.058494
v -0.100066 -0.756305 -0.019676
v -0.053652 -0.803634 -0.247541
v -0.055056 -0.809720 -0.218801
v -0.054615 -0.806044 -0.189400
v -0.054539 -0.771024 -0.297699
v -0.056846 -0.788125 -0.271086
v -0.060745 -0.792020 -0.165921
v -0.060292 -0.777208 -0.139219
v -0.061157 -0.766188 -0.114366
v -0.071899 -0.755786 -0.313086
v -0.061128 -0.757902 -0.090164
v -0.060244 -0.755374 -0.056837
v -0.060012 -0.754318 -0.019272
v -0.018754 -0.806529 -0.250181
v -0.018927 -0.812344 -0.219375
v -0.018805 -0.807246 -0.187765
v -0.018412 -0.777528 -0.299354
v -0.019357 -0.793656 -0.275596
v -0.024198 -0.792578 -0.163172
v -0.020923 -0.775042 -0.138217
v -0.034470 -0.765104 -0.116731
v -0.011163 -0.763023 -0.119425
v -0.020907 -0.756570 -0.095909
v -0.020189 -0.752939 -0.058819
v -0.020040 -0.751339 -0.019798
v -0.118416 -0.562453 -0.957510
v -0.119987 -0.540453 -0.959301
v -0.118182 -0.518924 -0.957313
v -0.092415 -0.565809 -0.960407
v -0.092134 -0.540944 -0.962309
v -0.092224 -0.516632 -0.959556
v -0.058119 -0.568978 -0.962485
v -0.057984 -0.541482 -0.964551
v -0.058010 -0.514742 -0.961252
v -0.019742 -0.570906 -0.963698
v -0.019717 -0.541819 -0.965945
v -0.019709 -0.513605 -0.962309
v -0.275855 -0.596361 -0.877763
v -0.282155 -0.603451 -0.852891
v -0.288754 -0.607223 -0.818339
v -0.292792 -0.608891 -0.779816
v -0.293892 -0.609419 -0.740226
v -0.292520 -0.610377 -0.700145
v -0.290510 -0.609915 -0.660049
v -0.286167 -0.573932 -0.886989
v -0.298314 -0.578315 -0.855771
v -0.305245 -0.581081 -0.819286
v -0.309895 -0.579110 -0.780354
v -0.310272 -0.575586 -0.740684
v -0.306646 -0.577391 -0.700220
v -0.303261 -0.577440 -0.660073
v -0.280952 -0.528640 -0.915877
v -0.297919 -0.540439 -0.895065
v -0.310097 -0.551136 -0.859605
v -0.315771 -0.556296 -0.824591
v -0.317056 -0.558587 -0.795774
v -0.316112 -0.538498 -0.731817
v -0.312647 -0.539445 -0.697538
v -0.308516 -0.539398 -0.659401
v -0.281214 -0.503134 -0.916565
v -0.300967 -0.501554 -0.894537
v -0.310390 -0.488291 -0.870806
v -0.315849 -0.487294 -0.765816
v -0.315005 -0.499653 -0.736914
v -0.309864 -0.500289 -0.698718
v -0.304395 -0.499772 -0.659377
v -0.276145 -0.480300 -0.912670
v -0.287451 -0.467470 -0.892494
v -0.304040 -0.463802 -0.857971
v -0.306446 -0.458095 -0.819578
v -0.307847 -0.461892 -0.780117
v -0.303862 -0.463662 -0.739652
v -0.298914 -0.464168 -0.699434
v -0.292229 -0.461884 -0.658527
v -0.278001 -0.445205 -0.879499
v -0.284630 -0.438343 -0.853777
v -0.286401 -0.433293 -0.818666
v -0.286880 -0.432759 -0.779955
v -0.286329 -0.434093 -0.740690
v -0.284013 -0.436127 -0.703590
v -0.281097 -0.438594 -0.673117
v -0.254091 -0.607562 -0.887697
v -0.258042 -0.623498 -0.856844
v -0.267907 -0.628965 -0.819018
v -0.273019 -0.633005 -0.779934
v -0.275504 -0.634958 -0.740083
v -0.275826 -0.635723 -0.700029
v -0.275060 -0.635173 -0.659991
v -0.246852 -0.567402 -0.924238
v -0.262101 -0.582130 -0.907076
v -0.257051 -0.539544 -0.928299
v -0.275093 -0.555072 -0.911958
v -0.254034 -0.505273 -0.929404
v -0.252128 -0.476477 -0.921815
v -0.255306 -0.455689 -0.904652
v -0.278180 -0.441264 -0.643507
v -0.253007 -0.436476 -0.884306
v -0.255207 -0.424066 -0.855143
v -0.256642 -0.415784 -0.819358
v -0.258564 -0.411307 -0.779767
v -0.263792 -0.413217 -0.739320
v -0.264517 -0.415926 -0.699281
v -0.264843 -0.421444 -0.658589
v -0.239522 -0.401073 -0.763690
v -0.241453 -0.399526 -0.734618
v -0.242137 -0.399430 -0.698699
v -0.241944 -0.401028 -0.660751
v -0.206040 -0.603630 -0.920871
v -0.220847 -0.619846 -0.899927
v -0.232533 -0.631752 -0.872704
v -0.218154 -0.577737 -0.931111
v -0.235081 -0.595126 -0.913746
v -0.220023 -0.540728 -0.939076
v -0.218680 -0.503935 -0.937980
v -0.218148 -0.472849 -0.927447
v -0.218865 -0.449989 -0.910113
v -0.218389 -0.432142 -0.887263
v -0.219136 -0.417517 -0.857531
v -0.220817 -0.406151 -0.823314
v -0.233111 -0.403527 -0.794381
v -0.204594 -0.398594 -0.803092
v -0.215219 -0.395610 -0.775703
v -0.213987 -0.390567 -0.738560
v -0.214012 -0.387690 -0.699735
v -0.213987 -0.386791 -0.660175
v -0.175841 -0.608330 -0.927894
v -0.183874 -0.629116 -0.908684
v -0.179033 -0.577136 -0.941331
v -0.181441 -0.540178 -0.947385
v -0.179221 -0.502978 -0.944058
v -0.179545 -0.470817 -0.931069
v -0.179829 -0.447128 -0.913068
v -0.179713 -0.429910 -0.889508
v -0.180049 -0.414744 -0.861074
v -0.184612 -0.403816 -0.833403
v -0.175518 -0.395948 -0.809067
v -0.178632 -0.389261 -0.776843
v -0.178784 -0.382568 -0.739412
v -0.179019 -0.377781 -0.700009
v -0.179652 -0.374855 -0.660096
v -0.138150 -0.615764 -0.931915
v -0.153760 -0.634068 -0.914232
v -0.137891 -0.578777 -0.949135
v -0.145454 -0.540530 -0.953425
v -0.137860 -0.503221 -0.949601
v -0.139532 -0.469973 -0.933761
v -0.139932 -0.445539 -0.914753
v -0.139822 -0.427881 -0.890246
v -0.139452 -0.411207 -0.860285
v -0.154626 -0.402515 -0.837536
v -0.124022 -0.400963 -0.840031
v -0.138630 -0.394131 -0.816527
v -0.139689 -0.384312 -0.779360
v -0.140090 -0.375977 -0.740295
v -0.141137 -0.370051 -0.700736
v -0.142845 -0.365518 -0.660855
v -0.122322 -0.358531 -0.644171
v -0.098842 -0.617594 -0.937648
v -0.098753 -0.589472 -0.952186
v -0.098696 -0.493570 -0.950140
v -0.099763 -0.466779 -0.934602
v -0.099970 -0.444255 -0.915939
v -0.099891 -0.426954 -0.892693
v -0.099296 -0.411180 -0.866113
v -0.094581 -0.399032 -0.841868
v -0.099156 -0.389399 -0.814237
v -0.100021 -0.378951 -0.779246
v -0.100807 -0.370027 -0.741552
v -0.104352 -0.363953 -0.704644
v -0.115040 -0.361538 -0.674978
v -0.085877 -0.357604 -0.685891
v -0.095991 -0.354632 -0.656614
v -0.059692 -0.619734 -0.940936
v -0.059677 -0.594197 -0.954834
v -0.059614 -0.489998 -0.951290
v -0.059944 -0.464928 -0.935450
v -0.059997 -0.443215 -0.916918
v -0.059977 -0.425762 -0.894465
v -0.059780 -0.409827 -0.869039
v -0.058622 -0.397094 -0.843748
v -0.059795 -0.385849 -0.814679
v -0.060172 -0.374477 -0.780137
v -0.060790 -0.364842 -0.743661
v -0.075363 -0.361213 -0.716050
v -0.045162 -0.358630 -0.722747
v -0.057266 -0.354984 -0.696680
v -0.059090 -0.348510 -0.659242
v -0.019966 -0.621239 -0.942309
v -0.019975 -0.596548 -0.956271
v -0.019950 -0.488389 -0.952107
v -0.019997 -0.463924 -0.936062
v -0.020003 -0.442511 -0.917608
v -0.020003 -0.424867 -0.895597
v -0.019978 -0.408689 -0.870745
v -0.019800 -0.395716 -0.845228
v -0.019992 -0.383746 -0.815960
v -0.020091 -0.372216 -0.783208
v -0.020156 -0.363353 -0.752051
v -0.016525 -0.357096 -0.726208
v -0.019336 -0.351309 -0.695984
v -0.019926 -0.344197 -0.659137
v -0.287935 -0.608364 -0.620248
v -0.284992 -0.605945 -0.581577
v -0.281745 -0.602645 -0.546166
v -0.278444 -0.599165 -0.517601
v -0.299345 -0.576798 -0.620070
v -0.294886 -0.575745 -0.580495
v -0.289850 -0.574524 -0.542107
v -0.284087 -0.574951 -0.505400
v -0.280930 -0.566066 -0.477774
v -0.303816 -0.539721 -0.619892
v -0.298568 -0.539855 -0.580138
v -0.292902 -0.539856 -0.541090
v -0.287004 -0.539864 -0.504669
v -0.282416 -0.540064 -0.474751
v -0.299761 -0.501960 -0.619755
v -0.294758 -0.503603 -0.580171
v -0.289542 -0.504916 -0.541279
v -0.283886 -0.504571 -0.504146
v -0.280853 -0.514221 -0.477764
v -0.289571 -0.468387 -0.618979
v -0.285947 -0.472017 -0.580779
v -0.282583 -0.475749 -0.544833
v -0.279440 -0.479443 -0.515647
v -0.273522 -0.633398 -0.620039
v -0.271487 -0.630475 -0.580368
v -0.269009 -0.625831 -0.541189
v -0.267025 -0.617664 -0.501289
v -0.260235 -0.615497 -0.460079
v -0.251198 -0.617027 -0.419897
v -0.245853 -0.608280 -0.384278
v -0.240471 -0.601450 -0.356292
v -0.275215 -0.592123 -0.486237
v -0.272798 -0.579909 -0.456014
v -0.263773 -0.579749 -0.418503
v -0.255217 -0.576454 -0.381358
v -0.245619 -0.574698 -0.345547
v -0.276051 -0.540003 -0.449374
v -0.268854 -0.540143 -0.416430
v -0.260081 -0.539313 -0.380167
v -0.250494 -0.538177 -0.344417
v -0.276258 -0.486738 -0.485403
v -0.274163 -0.500016 -0.456631
v -0.266912 -0.500574 -0.418823
v -0.258894 -0.500672 -0.379926
v -0.250555 -0.500136 -0.340649
v -0.275644 -0.443240 -0.614293
v -0.272123 -0.445825 -0.578720
v -0.270082 -0.451466 -0.539982
v -0.268973 -0.460117 -0.499643
v -0.263842 -0.462882 -0.459492
v -0.258527 -0.463707 -0.419837
v -0.253047 -0.464157 -0.380050
v -0.248367 -0.463078 -0.340233
v -0.259170 -0.420682 -0.619518
v -0.253537 -0.419512 -0.580415
v -0.253391 -0.425508 -0.539967
v -0.252108 -0.429783 -0.499922
v -0.249319 -0.431137 -0.459915
v -0.246809 -0.432296 -0.420018
v -0.244629 -0.432887 -0.380304
v -0.244035 -0.430176 -0.340999
v -0.239887 -0.401301 -0.625050
v -0.237887 -0.401954 -0.595569
v -0.236833 -0.637176 -0.404252
v -0.231936 -0.632421 -0.375248
v -0.227780 -0.620090 -0.339844
v -0.234494 -0.592378 -0.327174
v -0.236410 -0.403156 -0.565786
v -0.235713 -0.404096 -0.535563
v -0.234681 -0.404978 -0.498782
v -0.233363 -0.404528 -0.459502
v -0.234168 -0.405694 -0.420055
v -0.235199 -0.405866 -0.381727
v -0.237409 -0.404413 -0.347167
v -0.214530 -0.386582 -0.620777
v -0.217147 -0.387857 -0.580639
v -0.214784 -0.385615 -0.539813
v -0.214780 -0.383446 -0.499511
v -0.213792 -0.378379 -0.458550
v -0.219478 -0.378637 -0.419125
v -0.224332 -0.375227 -0.381449
v -0.231553 -0.374346 -0.346798
v -0.199596 -0.357070 -0.444160
v -0.205633 -0.351189 -0.415531
v -0.212729 -0.338348 -0.381132
v -0.226776 -0.338290 -0.345999
v -0.182662 -0.372988 -0.620423
v -0.182675 -0.369979 -0.580026
v -0.188779 -0.368696 -0.540360
v -0.192964 -0.365327 -0.503657
v -0.195860 -0.361226 -0.473182
v -0.161368 -0.359037 -0.564507
v -0.164578 -0.354633 -0.534879
v -0.170304 -0.347820 -0.498870
v -0.179799 -0.340003 -0.459392
v -0.189171 -0.328483 -0.424950
v -0.198345 -0.321269 -0.399429
v -0.152674 -0.363710 -0.624353
v -0.157787 -0.361833 -0.594655
v -0.128088 -0.355695 -0.615155
v -0.136564 -0.352193 -0.578855
v -0.135753 -0.342477 -0.540209
v -0.141009 -0.331452 -0.503277
v -0.153804 -0.324500 -0.473620
v -0.096515 -0.348274 -0.618839
v -0.099359 -0.341134 -0.580470
v -0.099963 -0.330321 -0.542979
v -0.113244 -0.323458 -0.514983
v -0.059386 -0.341255 -0.620496
v -0.060403 -0.333194 -0.583537
v -0.064220 -0.324425 -0.552755
v -0.019982 -0.336423 -0.619876
v -0.020415 -0.327299 -0.581598
v -0.034997 -0.321124 -0.557674
v -0.295723 -0.614879 -0.129133
v -0.312139 -0.631753 -0.110848
v -0.302283 -0.579299 -0.140968
v -0.283558 -0.525918 -0.165286
v -0.302994 -0.541267 -0.151262
v -0.288323 -0.496458 -0.171422
v -0.311723 -0.504514 -0.154875
v -0.285041 -0.444923 -0.203543
v -0.299590 -0.459535 -0.179628
v -0.317259 -0.474932 -0.160680
v -0.292069 -0.416114 -0.211499
v -0.310850 -0.423026 -0.188926
v -0.285436 -0.365959 -0.242750
v -0.299992 -0.379699 -0.219859
v -0.316091 -0.393715 -0.197818
v -0.288697 -0.335539 -0.248144
v -0.306726 -0.340097 -0.226497
v -0.243937 -0.605115 -0.166311
v -0.261745 -0.617861 -0.146089
v -0.239964 -0.563360 -0.318940
v -0.252520 -0.576390 -0.171422
v -0.273329 -0.584133 -0.153950
v -0.242719 -0.534400 -0.313058
v -0.262037 -0.541125 -0.176172
v -0.279059 -0.555773 -0.160149
v -0.243844 -0.498215 -0.300447
v -0.243861 -0.487408 -0.260690
v -0.250438 -0.489222 -0.223188
v -0.262572 -0.504252 -0.190840
v -0.246562 -0.458939 -0.300375
v -0.251734 -0.455647 -0.260629
v -0.264508 -0.457521 -0.222702
v -0.274791 -0.473784 -0.196037
v -0.246988 -0.418859 -0.302069
v -0.258439 -0.419386 -0.264036
v -0.272464 -0.423558 -0.233015
v -0.251399 -0.379192 -0.293412
v -0.267920 -0.380564 -0.261874
v -0.280133 -0.394678 -0.237630
v -0.253243 -0.339418 -0.295571
v -0.270393 -0.340683 -0.269820
v -0.218208 -0.615448 -0.300807
v -0.208752 -0.616192 -0.260929
v -0.210315 -0.611953 -0.220943
v -0.220641 -0.618945 -0.182667
v -0.234909 -0.633837 -0.156672
v -0.229574 -0.579565 -0.298303
v -0.220552 -0.579709 -0.260600
v -0.220472 -0.578651 -0.223666
v -0.231194 -0.581018 -0.191851
v -0.234629 -0.544510 -0.288912
v -0.228895 -0.543906 -0.257914
v -0.229531 -0.544548 -0.224993
v -0.239975 -0.546761 -0.196620
v -0.237867 -0.517276 -0.282640
v -0.235803 -0.513021 -0.256310
v -0.237847 -0.514539 -0.226140
v -0.245222 -0.520543 -0.202574
v -0.240703 -0.400429 -0.321061
v -0.239725 -0.374196 -0.318635
v -0.239032 -0.342285 -0.318997
v -0.197903 -0.637552 -0.247354
v -0.197819 -0.636716 -0.220710
v -0.202617 -0.639594 -0.194602
v -0.241085 -0.283572 -0.320178
v -0.243128 -0.254234 -0.320339
v -0.243878 -0.218389 -0.322961
v -0.245443 -0.179655 -0.325450
v -0.246787 -0.139789 -0.327848
v -0.246722 -0.099628 -0.329671
v -0.247635 -0.059773 -0.329081
v -0.247334 -0.020054 -0.328017
v -0.209712 -0.298855 -0.369963
v -0.227382 -0.298615 -0.339853
v -0.206510 -0.259502 -0.366877
v -0.225298 -0.258868 -0.342532
v -0.203946 -0.219859 -0.366223
v -0.224705 -0.219580 -0.344156
v -0.203767 -0.180690 -0.364672
v -0.224992 -0.179742 -0.345294
v -0.202762 -0.143813 -0.363053
v -0.224131 -0.139448 -0.346520
v -0.201099 -0.113461 -0.361488
v -0.219931 -0.098450 -0.348520
v -0.221844 -0.058706 -0.345397
v -0.221204 -0.019546 -0.343280
v -0.164536 -0.313456 -0.446806
v -0.173983 -0.297757 -0.420886
v -0.191946 -0.293896 -0.394372
v -0.166070 -0.263252 -0.410070
v -0.186170 -0.258484 -0.388999
v -0.161468 -0.233803 -0.403556
v -0.179250 -0.219048 -0.387150
v -0.179768 -0.178972 -0.381745
v -0.178764 -0.139292 -0.377460
v -0.179464 -0.098653 -0.372157
v -0.199317 -0.083242 -0.359771
v -0.171700 -0.059261 -0.371735
v -0.197334 -0.054091 -0.358448
v -0.168731 -0.020081 -0.368826
v -0.195147 -0.018463 -0.356367
v -0.125294 -0.312639 -0.486668
v -0.137665 -0.299935 -0.460195
v -0.150959 -0.285105 -0.435869
v -0.125303 -0.273188 -0.447043
v -0.140022 -0.256222 -0.427193
v -0.137854 -0.218506 -0.414345
v -0.158000 -0.204166 -0.399069
v -0.130346 -0.179310 -0.409598
v -0.155340 -0.174626 -0.395816
v -0.126132 -0.141320 -0.405153
v -0.152041 -0.138832 -0.392089
v -0.122815 -0.106050 -0.401149
v -0.148621 -0.100584 -0.388360
v -0.119298 -0.077549 -0.398086
v -0.139475 -0.061347 -0.387513
v -0.137395 -0.020499 -0.382645
v -0.084292 -0.316513 -0.523305
v -0.096507 -0.306747 -0.498745
v -0.103341 -0.287974 -0.472066
v -0.096773 -0.260870 -0.453502
v -0.113338 -0.244485 -0.436441
v -0.085157 -0.235699 -0.444192
v -0.101102 -0.216124 -0.430225
v -0.097754 -0.178655 -0.422106
v -0.095529 -0.140255 -0.415626
v -0.094045 -0.102181 -0.409570
v -0.094300 -0.065455 -0.403613
v -0.113038 -0.047444 -0.395459
v -0.084278 -0.036226 -0.401046
v -0.102844 -0.017351 -0.393859
v -0.055484 -0.311804 -0.528597
v -0.059198 -0.295186 -0.500050
v -0.074475 -0.281165 -0.478878
v -0.045458 -0.276783 -0.483224
v -0.059474 -0.259439 -0.465319
v -0.056576 -0.229970 -0.449326
v -0.065753 -0.205721 -0.437264
v -0.060837 -0.175162 -0.430480
v -0.059328 -0.138918 -0.423601
v -0.058714 -0.100321 -0.416573
v -0.058317 -0.061682 -0.409838
v -0.055876 -0.024317 -0.403979
v -0.074463 -0.005712 -0.397755
v -0.010567 -0.319215 -0.559969
v -0.019595 -0.311359 -0.537942
v -0.019679 -0.294239 -0.507916
v -0.016539 -0.274659 -0.485373
v -0.019947 -0.251235 -0.466596
v -0.020596 -0.219847 -0.450159
v -0.036782 -0.199789 -0.440981
v -0.011207 -0.196750 -0.443361
v -0.021368 -0.175569 -0.436287
v -0.020194 -0.138700 -0.428826
v -0.019919 -0.099842 -0.421516
v -0.019739 -0.060449 -0.414432
v -0.018884 -0.022028 -0.407896
v -0.293099 -0.298576 -0.253531
v -0.312244 -0.303515 -0.232082
v -0.281697 -0.243918 -0.279478
v -0.298788 -0.257778 -0.258553
v -0.316675 -0.272563 -0.236875
v -0.283607 -0.214398 -0.283176
v -0.303346 -0.218011 -0.263497
v -0.286566 -0.178557 -0.286574
v -0.307317 -0.179388 -0.267479
v -0.289643 -0.139782 -0.289534
v -0.310826 -0.139885 -0.270647
v -0.292070 -0.099983 -0.291672
v -0.313831 -0.099846 -0.272801
v -0.293753 -0.059973 -0.292789
v -0.316507 -0.059681 -0.273795
v -0.294233 -0.019973 -0.293361
v -0.316742 -0.019798 -0.275440
v -0.254137 -0.298546 -0.300557
v -0.273276 -0.303300 -0.275169
v -0.262892 -0.258103 -0.297005
v -0.278460 -0.272483 -0.276576
v -0.263619 -0.218707 -0.302306
v -0.265879 -0.179628 -0.305829
v -0.268394 -0.139948 -0.308689
v -0.270087 -0.099973 -0.310705
v -0.271144 -0.059977 -0.311375
v -0.271114 -0.019952 -0.311243
v -0.239717 -0.313195 -0.319267
v -0.681530 -0.640303 0.275419
v -0.688091 -0.645642 0.304114
v -0.640642 -0.639793 0.196306
v -0.646514 -0.644067 0.225428
v -0.655788 -0.647788 0.261594
v -0.656628 -0.655591 0.300008
v -0.722499 -0.643296 0.353268
v -0.724581 -0.647459 0.382664
v -0.724620 -0.644325 0.415132
v -0.717720 -0.637263 0.438157
v -0.677349 -0.676215 0.394051
v -0.678323 -0.677447 0.413159
v -0.697337 -0.652479 0.339830
v -0.694579 -0.664332 0.379988
v -0.697316 -0.663800 0.418588
v -0.696251 -0.647156 0.447888
v -0.653365 -0.682786 0.393322
v -0.656134 -0.686030 0.423189
v -0.647671 -0.683174 0.454603
v -0.637559 -0.676149 0.477190
v -0.660620 -0.663335 0.336257
v -0.660070 -0.673004 0.368478
v -0.676144 -0.672053 0.435547
v -0.669995 -0.660380 0.461405
v -0.647113 -0.652927 0.484858
v -0.797831 -0.523053 0.278805
v -0.800605 -0.528815 0.304398
v -0.800671 -0.499620 0.275936
v -0.802599 -0.501407 0.303675
v -0.799891 -0.476553 0.277437
v -0.800698 -0.475441 0.300887
v -0.760473 -0.600290 0.314505
v -0.760513 -0.562344 0.234967
v -0.769160 -0.567842 0.264156
v -0.774228 -0.578863 0.300470
v -0.763852 -0.525610 0.194227
v -0.771616 -0.536406 0.222914
v -0.786139 -0.537346 0.260194
v -0.790349 -0.551426 0.295470
v -0.759917 -0.485041 0.159732
v -0.769152 -0.497004 0.183790
v -0.781356 -0.499143 0.218317
v -0.792459 -0.498996 0.251586
v -0.761838 -0.456691 0.158183
v -0.773493 -0.459285 0.185687
v -0.784865 -0.459727 0.220715
v -0.794206 -0.459297 0.260006
v -0.794960 -0.451172 0.299895
v -0.760868 -0.424498 0.158859
v -0.771802 -0.420745 0.185786
v -0.782093 -0.420016 0.220977
v -0.788930 -0.419351 0.259927
v -0.789017 -0.417223 0.299494
v -0.759029 -0.396083 0.160355
v -0.767537 -0.381059 0.182539
v -0.778321 -0.380191 0.220105
v -0.784598 -0.379877 0.259722
v -0.784285 -0.379414 0.299139
v -0.758853 -0.323567 0.160379
v -0.767177 -0.338906 0.182561
v -0.777514 -0.339804 0.220111
v -0.782951 -0.339957 0.259732
v -0.781852 -0.339920 0.299002
v -0.722664 -0.600556 0.234765
v -0.727983 -0.608659 0.264269
v -0.739229 -0.614202 0.300219
v -0.719777 -0.561161 0.156497
v -0.729962 -0.568036 0.184301
v -0.739273 -0.578957 0.220144
v -0.748087 -0.588072 0.256467
v -0.754597 -0.594459 0.285601
v -0.720012 -0.524544 0.118188
v -0.730657 -0.535580 0.144265
v -0.746859 -0.540959 0.177149
v -0.752926 -0.553535 0.206051
v -0.727720 -0.495469 0.113875
v -0.744817 -0.499331 0.141402
v -0.754379 -0.513766 0.166147
v -0.730128 -0.458973 0.110225
v -0.746837 -0.459893 0.135219
v -0.730060 -0.419974 0.110605
v -0.746761 -0.420831 0.135863
v -0.729861 -0.380194 0.112709
v -0.747520 -0.381016 0.141078
v -0.757564 -0.371106 0.161575
v -0.730501 -0.340077 0.111670
v -0.747820 -0.338968 0.140788
v -0.757555 -0.348867 0.161516
v -0.681459 -0.599044 0.156721
v -0.687088 -0.607358 0.185275
v -0.698720 -0.613041 0.221096
v -0.700112 -0.625889 0.260058
v -0.711893 -0.631147 0.295421
v -0.687295 -0.566826 0.112712
v -0.697628 -0.577396 0.143149
v -0.707661 -0.586959 0.177702
v -0.715922 -0.593451 0.206317
v -0.687371 -0.525958 0.075227
v -0.700125 -0.538614 0.099869
v -0.709729 -0.551653 0.128236
v -0.692123 -0.496179 0.068685
v -0.709441 -0.499514 0.091176
v -0.694291 -0.459200 0.065931
v -0.712937 -0.459969 0.087331
v -0.694244 -0.419918 0.065875
v -0.713055 -0.420048 0.087310
v -0.693955 -0.380251 0.065983
v -0.712642 -0.380267 0.088093
v -0.694893 -0.340966 0.063696
v -0.713441 -0.341412 0.086538
v -0.646512 -0.604554 0.113345
v -0.657754 -0.611238 0.143904
v -0.659051 -0.624622 0.181349
v -0.670131 -0.629412 0.216965
v -0.675737 -0.634799 0.246118
v -0.636952 -0.560150 0.042306
v -0.650217 -0.568004 0.064896
v -0.662410 -0.581518 0.096403
v -0.673141 -0.590360 0.126876
v -0.645521 -0.534690 0.034287
v -0.666942 -0.538434 0.059235
v -0.677098 -0.554675 0.084569
v -0.651506 -0.499060 0.028583
v -0.672057 -0.499960 0.049308
v -0.653540 -0.459928 0.026674
v -0.674235 -0.460150 0.046045
v -0.653720 -0.420091 0.026421
v -0.674324 -0.420264 0.045738
v -0.654315 -0.380568 0.025701
v -0.674398 -0.381343 0.045499
v -0.656787 -0.341866 0.023222
v -0.675805 -0.345309 0.043508
v -0.795802 -0.558609 0.346238
v -0.795059 -0.559157 0.364378
v -0.800685 -0.536693 0.335484
v -0.798003 -0.538206 0.361756
v -0.800848 -0.504510 0.335002
v -0.796697 -0.514296 0.359039
v -0.798592 -0.479179 0.325469
v -0.765287 -0.604523 0.343108
v -0.768170 -0.604891 0.376541
v -0.763987 -0.601532 0.404090
v -0.784533 -0.577731 0.338959
v -0.784402 -0.574708 0.377140
v -0.771216 -0.574642 0.408940
v -0.793609 -0.556533 0.323683
v -0.787349 -0.538727 0.383834
v -0.771171 -0.539388 0.410201
v -0.793485 -0.486794 0.352093
v -0.785594 -0.500182 0.378111
v -0.766700 -0.503490 0.406149
v -0.790219 -0.458054 0.339586
v -0.774959 -0.459760 0.377197
v -0.761840 -0.473682 0.401143
v -0.782698 -0.419486 0.337253
v -0.770011 -0.419532 0.369916
v -0.777362 -0.379989 0.335651
v -0.765862 -0.379856 0.366168
v -0.774540 -0.339970 0.335016
v -0.763836 -0.339741 0.364971
v -0.740846 -0.626435 0.339075
v -0.747333 -0.626898 0.379716
v -0.746465 -0.617004 0.418718
v -0.725818 -0.613611 0.445374
v -0.752414 -0.579290 0.431108
v -0.728674 -0.579572 0.450003
v -0.750373 -0.539231 0.431545
v -0.727717 -0.543498 0.447727
v -0.742130 -0.498423 0.428014
v -0.723666 -0.513058 0.443679
v -0.757317 -0.444729 0.396579
v -0.742023 -0.458572 0.416779
v -0.753685 -0.414918 0.393449
v -0.735202 -0.419062 0.414227
v -0.750878 -0.378837 0.390315
v -0.732390 -0.379713 0.412323
v -0.750178 -0.340451 0.389680
v -0.732692 -0.339715 0.413579
v -0.717652 -0.637504 0.324203
v -0.697557 -0.616859 0.463747
v -0.678047 -0.609685 0.478129
v -0.698934 -0.579647 0.466950
v -0.678680 -0.589569 0.478559
v -0.700193 -0.539594 0.461187
v -0.719695 -0.483481 0.439206
v -0.699005 -0.498600 0.453569
v -0.717056 -0.454218 0.434801
v -0.692034 -0.458819 0.449859
v -0.712651 -0.418638 0.432382
v -0.688270 -0.419691 0.447453
v -0.711058 -0.380696 0.431555
v -0.687724 -0.380043 0.448166
v -0.712467 -0.343956 0.433581
v -0.690382 -0.340113 0.452712
v -0.675303 -0.632895 0.472517
v -0.655683 -0.618467 0.488895
v -0.676557 -0.566004 0.476945
v -0.656478 -0.580842 0.488124
v -0.672201 -0.536168 0.473908
v -0.648171 -0.544780 0.486038
v -0.663899 -0.498938 0.469891
v -0.643000 -0.514807 0.482081
v -0.662428 -0.459323 0.464102
v -0.660761 -0.420287 0.461777
v -0.661293 -0.381793 0.463681
v -0.662245 -0.344310 0.470547
v -0.646075 -0.326780 0.487440
v -0.801287 -0.123296 0.235156
v -0.802701 -0.128017 0.264255
v -0.802618 -0.127736 0.299733
v -0.799040 -0.082536 0.200603
v -0.803154 -0.095036 0.225033
v -0.806708 -0.096312 0.261371
v -0.807410 -0.096127 0.299909
v -0.800443 -0.054058 0.198602
v -0.806253 -0.058069 0.226312
v -0.810982 -0.059192 0.261346
v -0.812597 -0.059232 0.300134
v -0.801054 -0.019891 0.197877
v -0.807632 -0.019837 0.226228
v -0.813870 -0.019944 0.261264
v -0.816843 -0.019941 0.300128
v -0.760549 -0.294232 0.158651
v -0.770470 -0.298980 0.185844
v -0.779215 -0.299819 0.221045
v -0.783492 -0.299970 0.259985
v -0.782061 -0.299950 0.299274
v -0.762700 -0.258528 0.155992
v -0.773480 -0.259634 0.185427
v -0.782028 -0.259973 0.221033
v -0.786015 -0.260123 0.260102
v -0.784875 -0.260064 0.299953
v -0.766040 -0.219958 0.151799
v -0.777499 -0.219956 0.183603
v -0.786292 -0.220421 0.220563
v -0.790098 -0.221156 0.260033
v -0.789141 -0.221085 0.300017
v -0.760981 -0.164967 0.118749
v -0.769145 -0.179837 0.143577
v -0.781964 -0.180109 0.180653
v -0.791061 -0.181901 0.219726
v -0.794431 -0.185026 0.259843
v -0.793741 -0.185053 0.300052
v -0.764289 -0.135150 0.114602
v -0.775618 -0.139398 0.144513
v -0.787299 -0.140027 0.180596
v -0.796075 -0.144624 0.219324
v -0.798432 -0.154083 0.259709
v -0.798217 -0.154616 0.299823
v -0.767612 -0.098744 0.110315
v -0.780083 -0.099418 0.142943
v -0.791857 -0.098794 0.179461
v -0.797386 -0.114158 0.206759
v -0.759217 -0.044438 0.080489
v -0.768837 -0.059160 0.103141
v -0.782276 -0.059600 0.138567
v -0.792929 -0.058892 0.172241
v -0.760667 -0.015892 0.079111
v -0.772152 -0.019359 0.105564
v -0.784257 -0.019879 0.138476
v -0.793965 -0.019919 0.170871
v -0.732017 -0.300848 0.106707
v -0.747982 -0.299369 0.134263
v -0.721722 -0.246335 0.078104
v -0.733475 -0.261136 0.099879
v -0.749820 -0.261067 0.129494
v -0.725580 -0.215926 0.074882
v -0.740539 -0.220579 0.100180
v -0.753739 -0.224822 0.126525
v -0.730104 -0.178898 0.070205
v -0.747871 -0.180069 0.099235
v -0.757155 -0.194944 0.122741
v -0.720227 -0.123918 0.039580
v -0.732222 -0.138962 0.061069
v -0.749989 -0.140472 0.089525
v -0.724171 -0.094483 0.036635
v -0.739558 -0.099089 0.060696
v -0.754195 -0.104144 0.085259
v -0.728679 -0.058614 0.033463
v -0.746455 -0.059167 0.061120
v -0.757032 -0.074257 0.082498
v -0.731025 -0.020174 0.027771
v -0.747369 -0.019431 0.055009
v -0.680736 -0.287025 0.037193
v -0.696017 -0.301455 0.057724
v -0.715165 -0.305533 0.082423
v -0.685897 -0.256229 0.035735
v -0.705510 -0.261215 0.060291
v -0.718428 -0.276166 0.080736
v -0.689596 -0.218772 0.029641
v -0.708171 -0.221005 0.052897
v -0.693059 -0.178545 0.021122
v -0.711892 -0.183822 0.046352
v -0.703753 -0.138344 0.021771
v -0.716215 -0.153658 0.042790
v -0.707275 -0.099010 0.014608
v -0.711222 -0.060749 0.009201
v -0.713937 -0.024558 0.003781
v -0.661026 -0.302032 0.019194
v -0.677644 -0.315732 0.040005
v -0.665828 -0.261140 0.014568
v -0.670532 -0.224024 0.009741
v -0.674690 -0.193569 0.005411
v -0.801782 -0.125384 0.334898
v -0.799938 -0.121767 0.363957
v -0.806480 -0.095333 0.338571
v -0.803805 -0.095665 0.376068
v -0.801370 -0.085497 0.405178
v -0.811800 -0.059039 0.339759
v -0.809444 -0.058869 0.378846
v -0.805216 -0.056805 0.416200
v -0.801506 -0.045156 0.443327
v -0.816418 -0.019913 0.339942
v -0.814247 -0.019868 0.379443
v -0.810260 -0.019137 0.417067
v -0.804540 -0.016400 0.449382
v -0.774936 -0.299752 0.336087
v -0.764502 -0.299247 0.367746
v -0.777935 -0.259643 0.338879
v -0.766742 -0.258268 0.375549
v -0.759331 -0.243551 0.400858
v -0.783339 -0.220523 0.339364
v -0.774107 -0.218936 0.376307
v -0.764576 -0.215487 0.407959
v -0.789670 -0.183680 0.340158
v -0.782138 -0.180875 0.379954
v -0.771154 -0.180885 0.419101
v -0.765078 -0.169008 0.448451
v -0.796197 -0.151452 0.339687
v -0.792099 -0.143035 0.380111
v -0.782180 -0.141890 0.420602
v -0.771485 -0.139431 0.458948
v -0.764470 -0.127746 0.487264
v -0.796488 -0.114951 0.394197
v -0.792344 -0.104275 0.423877
v -0.782453 -0.100991 0.460931
v -0.770960 -0.098180 0.497236
v -0.762909 -0.085932 0.523631
v -0.796944 -0.075010 0.435278
v -0.792269 -0.061683 0.463510
v -0.780863 -0.060106 0.498693
v -0.768631 -0.057073 0.530046
v -0.796171 -0.025676 0.474124
v -0.786511 -0.021392 0.504210
v -0.772667 -0.020694 0.538521
v -0.762831 -0.006566 0.562881
v -0.751251 -0.303359 0.392991
v -0.734224 -0.298778 0.419999
v -0.720356 -0.284359 0.442347
v -0.754818 -0.273105 0.396053
v -0.745632 -0.258847 0.419659
v -0.728683 -0.255521 0.447764
v -0.751517 -0.224579 0.432203
v -0.735955 -0.221410 0.461284
v -0.724241 -0.207567 0.487359
v -0.758428 -0.197230 0.439862
v -0.750447 -0.186154 0.466377
v -0.733403 -0.178362 0.498279
v -0.721447 -0.164257 0.524390
v -0.757375 -0.157737 0.477362
v -0.748328 -0.144585 0.504100
v -0.730534 -0.135698 0.535616
v -0.718478 -0.122602 0.560331
v -0.755419 -0.115605 0.515023
v -0.746124 -0.100603 0.540947
v -0.728235 -0.095435 0.568158
v -0.752211 -0.065494 0.553566
v -0.734572 -0.060534 0.580663
v -0.721379 -0.046377 0.603771
v -0.757894 -0.036266 0.558533
v -0.746904 -0.021102 0.581552
v -0.728294 -0.016106 0.608479
v -0.715103 -0.313181 0.437619
v -0.698506 -0.298941 0.458780
v -0.682164 -0.284275 0.480186
v -0.707949 -0.263330 0.468250
v -0.689055 -0.257013 0.490898
v -0.715550 -0.235686 0.477601
v -0.701354 -0.223558 0.502280
v -0.687590 -0.207953 0.527653
v -0.711323 -0.193919 0.513431
v -0.698515 -0.178886 0.539148
v -0.684539 -0.163822 0.564663
v -0.708272 -0.150147 0.550803
v -0.695814 -0.134776 0.576248
v -0.680538 -0.122417 0.600645
v -0.707618 -0.102263 0.587935
v -0.690230 -0.095613 0.610250
v -0.714768 -0.074774 0.597294
v -0.700262 -0.060890 0.620661
v -0.708468 -0.023636 0.628864
v -0.673319 -0.313530 0.473001
v -0.658137 -0.297281 0.492226
v -0.662600 -0.264169 0.509175
v -0.648659 -0.249565 0.531543
v -0.675694 -0.236254 0.517490
v -0.661323 -0.221473 0.541637
v -0.646539 -0.206432 0.566525
v -0.672832 -0.192839 0.553068
v -0.658183 -0.177832 0.578293
v -0.643701 -0.162940 0.603748
v -0.669868 -0.149048 0.590063
v -0.655405 -0.134187 0.615534
v -0.667728 -0.101900 0.627751
v -0.676553 -0.074175 0.636659
v -0.683864 -0.046329 0.643712
v -0.690561 -0.015703 0.650461
v -0.639996 -0.121933 0.639950
v -0.649537 -0.094925 0.649390
v -0.659908 -0.059973 0.659816
v -0.642870 -0.045166 0.682684
v -0.668489 -0.022708 0.668492
v -0.649620 -0.014687 0.689466
v -0.600373 -0.637098 0.117049
v -0.606601 -0.643818 0.145979
v -0.616162 -0.648848 0.182088
v -0.617112 -0.656166 0.221134
v -0.620279 -0.660742 0.260137
v -0.620907 -0.666077 0.298588
v -0.564553 -0.683508 0.313940
v -0.563385 -0.641732 0.076932
v -0.574451 -0.647851 0.105700
v -0.579012 -0.657466 0.142341
v -0.584451 -0.663772 0.180628
v -0.585850 -0.668644 0.219913
v -0.586519 -0.671770 0.259074
v -0.585147 -0.675698 0.298018
v -0.521202 -0.680578 0.116234
v -0.526369 -0.685710 0.145063
v -0.530291 -0.690255 0.180842
v -0.534163 -0.692029 0.219751
v -0.535857 -0.692110 0.259275
v -0.540248 -0.690343 0.299486
v -0.525448 -0.641247 0.035106
v -0.536296 -0.650901 0.064208
v -0.540741 -0.664719 0.101878
v -0.550841 -0.671700 0.140935
v -0.556397 -0.676811 0.179886
v -0.558724 -0.679287 0.218534
v -0.559484 -0.680218 0.254516
v -0.560969 -0.681133 0.283995
v -0.483298 -0.726307 0.192661
v -0.487408 -0.728065 0.223674
v -0.487480 -0.727969 0.261072
v -0.484047 -0.725413 0.300486
v -0.484706 -0.683577 0.075136
v -0.495677 -0.690265 0.103964
v -0.499566 -0.699567 0.140397
v -0.501328 -0.707852 0.178878
v -0.508425 -0.708844 0.219577
v -0.509878 -0.708745 0.259803
v -0.509427 -0.706862 0.299739
v -0.496730 -0.650899 0.023904
v -0.502055 -0.666330 0.058174
v -0.513314 -0.673699 0.087309
v -0.443905 -0.764398 0.192550
v -0.447619 -0.768977 0.222752
v -0.447677 -0.769652 0.257287
v -0.443448 -0.766746 0.287394
v -0.443485 -0.724552 0.114425
v -0.450953 -0.733668 0.142091
v -0.461394 -0.742216 0.177845
v -0.467482 -0.747709 0.219506
v -0.467369 -0.748675 0.260476
v -0.460054 -0.746565 0.301579
v -0.444515 -0.683420 0.035666
v -0.456366 -0.692619 0.063570
v -0.462093 -0.707138 0.099603
v -0.472843 -0.714833 0.134775
v -0.478676 -0.721453 0.163749
v -0.461991 -0.666239 0.019807
v -0.473856 -0.675093 0.046778
v -0.399526 -0.795218 0.196421
v -0.400629 -0.799044 0.224273
v -0.400813 -0.799235 0.256116
v -0.400250 -0.795900 0.284375
v -0.407114 -0.770557 0.152840
v -0.418917 -0.779680 0.181863
v -0.423629 -0.785733 0.220915
v -0.423816 -0.786142 0.259862
v -0.419557 -0.781000 0.300188
v -0.404576 -0.722467 0.077554
v -0.416409 -0.732517 0.103185
v -0.422485 -0.749896 0.135940
v -0.435424 -0.757848 0.164581
v -0.437428 -0.760573 0.315592
v -0.415676 -0.689816 0.023843
v -0.419757 -0.706428 0.058369
v -0.433575 -0.715284 0.086296
v -0.433298 -0.672158 0.006942
v -0.365050 -0.795626 0.160443
v -0.374546 -0.802502 0.185935
v -0.373381 -0.807361 0.221718
v -0.373634 -0.807693 0.258594
v -0.375496 -0.803980 0.294725
v -0.365196 -0.763827 0.118854
v -0.377691 -0.778710 0.141974
v -0.391948 -0.788125 0.168376
v -0.393182 -0.791753 0.312839
v -0.375946 -0.728562 0.071397
v -0.379383 -0.745390 0.100631
v -0.393967 -0.758144 0.125741
v -0.379709 -0.700489 0.017878
v -0.384546 -0.713410 0.047587
v -0.338834 -0.799985 0.158136
v -0.338680 -0.808787 0.185535
v -0.338918 -0.813654 0.221026
v -0.339169 -0.814210 0.258978
v -0.339753 -0.810761 0.294890
v -0.335227 -0.765743 0.115038
v -0.338280 -0.783360 0.137543
v -0.326729 -0.723945 0.033286
v -0.339906 -0.731814 0.060019
v -0.339818 -0.748423 0.091042
v -0.344233 -0.711652 0.015611
v -0.356273 -0.718958 0.041126
v -0.619855 -0.688386 0.388374
v -0.619860 -0.696574 0.421067
v -0.616737 -0.697451 0.455914
v -0.613344 -0.685306 0.486612
v -0.625156 -0.671477 0.333704
v -0.626777 -0.678557 0.362991
v -0.617348 -0.655758 0.503226
v -0.599035 -0.647617 0.518376
v -0.561550 -0.720193 0.468133
v -0.561451 -0.717438 0.489687
v -0.570229 -0.686540 0.342999
v -0.582080 -0.692444 0.378463
v -0.582101 -0.704455 0.418061
v -0.582174 -0.710327 0.457576
v -0.581051 -0.699893 0.498035
v -0.566425 -0.685692 0.523267
v -0.594293 -0.678272 0.332613
v -0.600069 -0.682527 0.358936
v -0.592710 -0.672534 0.510902
v -0.577266 -0.656161 0.528627
v -0.525628 -0.721673 0.433439
v -0.536948 -0.725928 0.461064
v -0.536295 -0.726439 0.497508
v -0.525503 -0.720462 0.525500
v -0.539556 -0.695304 0.339854
v -0.543746 -0.702139 0.378674
v -0.545337 -0.712294 0.416107
v -0.556324 -0.717289 0.443974
v -0.553847 -0.709084 0.513125
v -0.539493 -0.696654 0.538523
v -0.521553 -0.684443 0.558502
v -0.547805 -0.658923 0.545526
v -0.523637 -0.656656 0.562533
v -0.482685 -0.722252 0.340333
v -0.485181 -0.722683 0.380532
v -0.495863 -0.725205 0.420959
v -0.499085 -0.732948 0.460391
v -0.498583 -0.737931 0.499527
v -0.497847 -0.731506 0.536576
v -0.484552 -0.722672 0.562933
v -0.508495 -0.708028 0.339083
v -0.511236 -0.711689 0.375851
v -0.517026 -0.716067 0.405288
v -0.513230 -0.709556 0.549887
v -0.498499 -0.695858 0.570898
v -0.498616 -0.659561 0.577116
v -0.438245 -0.757694 0.518278
v -0.439887 -0.758179 0.541217
v -0.437990 -0.753796 0.564925
v -0.457758 -0.737529 0.341116
v -0.454918 -0.734549 0.380486
v -0.458325 -0.734751 0.420531
v -0.459445 -0.740700 0.460624
v -0.457986 -0.749383 0.501182
v -0.464577 -0.745781 0.539409
v -0.456637 -0.734625 0.575513
v -0.441249 -0.723670 0.600732
v -0.470404 -0.698579 0.588353
v -0.448193 -0.695784 0.608173
v -0.471931 -0.659447 0.592913
v -0.448258 -0.662365 0.610664
v -0.409454 -0.772587 0.335817
v -0.402339 -0.764158 0.362579
v -0.412273 -0.761662 0.515347
v -0.412421 -0.765492 0.543557
v -0.413426 -0.763066 0.575589
v -0.402724 -0.757104 0.602844
v -0.431490 -0.753328 0.344862
v -0.419129 -0.749013 0.380818
v -0.419812 -0.744484 0.420067
v -0.419886 -0.746927 0.457432
v -0.419750 -0.754032 0.490369
v -0.430130 -0.745282 0.589998
v -0.416436 -0.734317 0.615944
v -0.423522 -0.697517 0.624965
v -0.420219 -0.658556 0.627141
v -0.364735 -0.799971 0.320777
v -0.378206 -0.786873 0.339805
v -0.374915 -0.771265 0.368401
v -0.377807 -0.765038 0.510863
v -0.378047 -0.772187 0.542811
v -0.378070 -0.774192 0.578709
v -0.375508 -0.767479 0.614429
v -0.381093 -0.756454 0.392387
v -0.381089 -0.751183 0.423397
v -0.380804 -0.752249 0.456463
v -0.384053 -0.757284 0.485470
v -0.390865 -0.746799 0.627832
v -0.394737 -0.645031 0.635909
v -0.336918 -0.803465 0.324533
v -0.339788 -0.789591 0.348722
v -0.339282 -0.773515 0.374997
v -0.324303 -0.762426 0.474926
v -0.338618 -0.767457 0.502583
v -0.339643 -0.778071 0.540301
v -0.340143 -0.784191 0.579165
v -0.338727 -0.780658 0.617086
v -0.346101 -0.760130 0.397413
v -0.345101 -0.755678 0.425242
v -0.343319 -0.756913 0.457281
v -0.354792 -0.759896 0.481944
v -0.399531 -0.724104 0.637165
v -0.402651 -0.698368 0.642421
v -0.401626 -0.671913 0.642129
v -0.363621 -0.758226 0.639435
v -0.375814 -0.734518 0.649650
v -0.378136 -0.698665 0.656335
v -0.377525 -0.661824 0.652384
v -0.336268 -0.766053 0.648547
v -0.343683 -0.738480 0.667723
v -0.323989 -0.727270 0.681781
v -0.349880 -0.700169 0.671433
v -0.326319 -0.701639 0.684249
v -0.340604 -0.662002 0.667287
v -0.322847 -0.677140 0.680625
v -0.599773 -0.596881 0.042168
v -0.607024 -0.608266 0.066894
v -0.618865 -0.618589 0.101288
v -0.629421 -0.627285 0.137507
v -0.635110 -0.634113 0.166743
v -0.614203 -0.573922 0.031635
v -0.627206 -0.587029 0.060201
v -0.636564 -0.596762 0.086138
v -0.620393 -0.540233 0.013461
v -0.629563 -0.500442 0.009166
v -0.631947 -0.460227 0.007874
v -0.632257 -0.420289 0.007673
v -0.633311 -0.381459 0.006788
v -0.636214 -0.345663 0.004638
v -0.575429 -0.607394 0.031983
v -0.579108 -0.624196 0.061104
v -0.591650 -0.630337 0.088987
v -0.584017 -0.581876 0.011551
v -0.595611 -0.554994 0.000948
v -0.542746 -0.620251 0.018853
v -0.552922 -0.632056 0.047027
v -0.556545 -0.595757 0.002708
v -0.513228 -0.630308 0.007275
v -0.621428 -0.617438 0.507426
v -0.600393 -0.626751 0.519776
v -0.623334 -0.578957 0.503005
v -0.617802 -0.540115 0.497919
v -0.638583 -0.484960 0.478256
v -0.617099 -0.499973 0.489842
v -0.635024 -0.455387 0.475735
v -0.609386 -0.459742 0.487234
v -0.633726 -0.420230 0.474879
v -0.607620 -0.420088 0.487538
v -0.635623 -0.385346 0.477325
v -0.610891 -0.380670 0.492390
v -0.638683 -0.356268 0.482375
v -0.619911 -0.340542 0.499691
v -0.601898 -0.324587 0.519747
v -0.598540 -0.603453 0.518557
v -0.578466 -0.618463 0.530417
v -0.593682 -0.574602 0.515802
v -0.568662 -0.583545 0.529292
v -0.583023 -0.538488 0.511429
v -0.562743 -0.554772 0.523611
v -0.580697 -0.499123 0.503553
v -0.578120 -0.460025 0.499682
v -0.577601 -0.421074 0.501259
v -0.580794 -0.382977 0.508143
v -0.564834 -0.365015 0.524286
v -0.592615 -0.352842 0.512240
v -0.576157 -0.336444 0.531410
v -0.547390 -0.620529 0.546473
v -0.522287 -0.625408 0.561650
v -0.536227 -0.581985 0.543301
v -0.518523 -0.599396 0.557214
v -0.554697 -0.525001 0.518048
v -0.535387 -0.543237 0.529769
v -0.545097 -0.495435 0.514633
v -0.525815 -0.513163 0.523813
v -0.546010 -0.459888 0.511253
v -0.545329 -0.424375 0.514123
v -0.527281 -0.407436 0.526987
v -0.554916 -0.395480 0.517873
v -0.538288 -0.378409 0.533744
v -0.544330 -0.344339 0.549456
v -0.529559 -0.329456 0.571821
v -0.494906 -0.624148 0.574514
v -0.502046 -0.569730 0.550625
v -0.492653 -0.593715 0.564659
v -0.498738 -0.537356 0.538540
v -0.520310 -0.484835 0.520201
v -0.498409 -0.499012 0.528200
v -0.519136 -0.459770 0.519370
v -0.493415 -0.459956 0.528501
v -0.520855 -0.434749 0.521730
v -0.500056 -0.421587 0.534412
v -0.504418 -0.384722 0.549389
v -0.487935 -0.368457 0.570629
v -0.516839 -0.356793 0.559843
v -0.501868 -0.341833 0.582491
v -0.486780 -0.327330 0.607379
v -0.462799 -0.619916 0.588369
v -0.443825 -0.633916 0.605267
v -0.472962 -0.564402 0.556577
v -0.458033 -0.584596 0.571643
v -0.459075 -0.538607 0.547745
v -0.445419 -0.560616 0.560985
v -0.459546 -0.499961 0.537509
v -0.458432 -0.460696 0.539161
v -0.463621 -0.423930 0.549253
v -0.446004 -0.406926 0.567576
v -0.475451 -0.395645 0.559096
v -0.458413 -0.380037 0.580460
v -0.445205 -0.363702 0.603842
v -0.472917 -0.353542 0.593750
v -0.457432 -0.338875 0.619178
v -0.433863 -0.607222 0.594742
v -0.416989 -0.623151 0.613212
v -0.418982 -0.583286 0.581603
v -0.404931 -0.600265 0.599883
v -0.419062 -0.534094 0.549907
v -0.418742 -0.559217 0.563933
v -0.419684 -0.499032 0.543266
v -0.419220 -0.461505 0.548961
v -0.403711 -0.441629 0.562685
v -0.433648 -0.434374 0.556173
v -0.416529 -0.418508 0.572992
v -0.423875 -0.392085 0.590485
v -0.417341 -0.372502 0.612659
v -0.423586 -0.350024 0.631838
v -0.380763 -0.620528 0.624607
v -0.364227 -0.559587 0.561889
v -0.378847 -0.576572 0.578581
v -0.376752 -0.597758 0.602272
v -0.379021 -0.537998 0.550884
v -0.392099 -0.558148 0.563731
v -0.379980 -0.502717 0.546027
v -0.380529 -0.470415 0.553370
v -0.375144 -0.445759 0.568331
v -0.380468 -0.419957 0.586267
v -0.366908 -0.403943 0.606760
v -0.395618 -0.397855 0.599691
v -0.382262 -0.381927 0.622023
v -0.395902 -0.359949 0.638164
v -0.341043 -0.614220 0.624494
v -0.334849 -0.562139 0.559858
v -0.339893 -0.581245 0.579924
v -0.344190 -0.597526 0.602180
v -0.339335 -0.535878 0.548752
v -0.340810 -0.503769 0.548422
v -0.345061 -0.475646 0.557587
v -0.339876 -0.453058 0.573630
v -0.344205 -0.429886 0.591233
v -0.336747 -0.411308 0.612027
v -0.344921 -0.390284 0.630317
v -0.444054 -0.323134 0.644690
v -0.415575 -0.331022 0.656949
v -0.402608 -0.318098 0.678203
v -0.366401 -0.636819 0.643294
v -0.367544 -0.367289 0.644701
v -0.380970 -0.346468 0.660374
v -0.375674 -0.325206 0.685285
v -0.336967 -0.633493 0.648476
v -0.337751 -0.372920 0.652382
v -0.345394 -0.352357 0.670944
v -0.340870 -0.333080 0.693135
v -0.640162 -0.316141 0.002596
v -0.630732 -0.304354 0.509446
v -0.609311 -0.297270 0.530765
v -0.638322 -0.277092 0.520476
v -0.622455 -0.264370 0.543216
v -0.608381 -0.248868 0.568367
v -0.634594 -0.235337 0.554735
v -0.620081 -0.220146 0.580039
v -0.605892 -0.205679 0.605842
v -0.631840 -0.191658 0.591902
v -0.617680 -0.177166 0.617640
v -0.629484 -0.148564 0.629470
v -0.582175 -0.304065 0.548800
v -0.569160 -0.289558 0.571729
v -0.596103 -0.276732 0.557774
v -0.582190 -0.262380 0.582426
v -0.568022 -0.248058 0.607912
v -0.594093 -0.234183 0.594078
v -0.580073 -0.220002 0.619997
v -0.592093 -0.191770 0.631953
v -0.556591 -0.317151 0.560093
v -0.542907 -0.302876 0.583493
v -0.528554 -0.288529 0.608473
v -0.555731 -0.275766 0.595721
v -0.541499 -0.261503 0.621298
v -0.553949 -0.233917 0.633847
v -0.515380 -0.315282 0.595413
v -0.500785 -0.300810 0.620723
v -0.514045 -0.274044 0.634009
v -0.472310 -0.312719 0.632673
v -0.603931 -0.163089 0.643852
v -0.615553 -0.134177 0.655385
v -0.600480 -0.122251 0.680219
v -0.627202 -0.101274 0.667012
v -0.609284 -0.094507 0.689124
v -0.635670 -0.073066 0.675683
v -0.619001 -0.058790 0.698917
v -0.602152 -0.044477 0.721775
v -0.627785 -0.021994 0.707065
v -0.609382 -0.014384 0.727675
v -0.566271 -0.206072 0.646193
v -0.578495 -0.178010 0.658335
v -0.564822 -0.164077 0.684613
v -0.590364 -0.149334 0.669998
v -0.576682 -0.135217 0.696011
v -0.561481 -0.123095 0.719628
v -0.587179 -0.101401 0.707350
v -0.567907 -0.095124 0.729802
v -0.595187 -0.072404 0.715199
v -0.578394 -0.058098 0.738280
v -0.561705 -0.044202 0.759747
v -0.587152 -0.018594 0.746869
v -0.566023 -0.015282 0.767670
v -0.527162 -0.247177 0.647057
v -0.540015 -0.219942 0.659959
v -0.525872 -0.205866 0.685886
v -0.552583 -0.192327 0.672389
v -0.538794 -0.178555 0.698422
v -0.524786 -0.164291 0.723227
v -0.551672 -0.150748 0.708909
v -0.538190 -0.136697 0.732069
v -0.541956 -0.103491 0.748433
v -0.527199 -0.087283 0.768170
v -0.553800 -0.073581 0.753055
v -0.538995 -0.057344 0.773128
v -0.540936 -0.020384 0.786831
v -0.523636 -0.006425 0.803786
v -0.486215 -0.286269 0.646216
v -0.499574 -0.259698 0.659720
v -0.484783 -0.245482 0.685473
v -0.512803 -0.232844 0.672933
v -0.498458 -0.218634 0.698772
v -0.483988 -0.204009 0.724492
v -0.511670 -0.191363 0.711746
v -0.497732 -0.176191 0.737187
v -0.481410 -0.163456 0.759782
v -0.511238 -0.143426 0.749841
v -0.489520 -0.136262 0.770596
v -0.518143 -0.116181 0.760473
v -0.501016 -0.100995 0.780810
v -0.482888 -0.085304 0.800541
v -0.511966 -0.064852 0.790061
v -0.489383 -0.056521 0.809018
v -0.518314 -0.036072 0.797653
v -0.500692 -0.020735 0.814444
v -0.458165 -0.298033 0.658123
v -0.443547 -0.284091 0.682631
v -0.471414 -0.271800 0.671985
v -0.456127 -0.257917 0.697647
v -0.443862 -0.242289 0.722160
v -0.470317 -0.231163 0.711095
v -0.455666 -0.216913 0.736598
v -0.443337 -0.201275 0.759813
v -0.470167 -0.190190 0.748016
v -0.455546 -0.175684 0.770598
v -0.460930 -0.142579 0.786814
v -0.445671 -0.125844 0.805117
v -0.473643 -0.113681 0.793066
v -0.456873 -0.096808 0.812241
v -0.460734 -0.059846 0.826285
v -0.442461 -0.045190 0.842382
v -0.472100 -0.021528 0.831458
v -0.447177 -0.015979 0.847120
v -0.430483 -0.308670 0.668784
v -0.415524 -0.296690 0.690940
v -0.423401 -0.271455 0.709700
v -0.417334 -0.252346 0.732039
v -0.423535 -0.229306 0.749639
v -0.416985 -0.209613 0.771396
v -0.423654 -0.182220 0.788095
v -0.406940 -0.166820 0.806056
v -0.435013 -0.155260 0.796699
v -0.418596 -0.138774 0.814630
v -0.424048 -0.104208 0.828753
v -0.406704 -0.086962 0.844969
v -0.434776 -0.074970 0.835767
v -0.416860 -0.057631 0.851504
v -0.417411 -0.019757 0.860403
v -0.381367 -0.300594 0.706812
v -0.368342 -0.285194 0.728062
v -0.396460 -0.278442 0.720346
v -0.383382 -0.262424 0.742880
v -0.368763 -0.245618 0.765534
v -0.396410 -0.238409 0.758557
v -0.382494 -0.221399 0.781162
v -0.366383 -0.203503 0.801101
v -0.395472 -0.195197 0.794601
v -0.377755 -0.177669 0.812925
v -0.383226 -0.143327 0.828243
v -0.365125 -0.125499 0.843174
v -0.395788 -0.115805 0.836658
v -0.377798 -0.097878 0.851738
v -0.381085 -0.060734 0.863857
v -0.383139 -0.021694 0.872945
v -0.363077 -0.005189 0.881372
v -0.345753 -0.311233 0.712721
v -0.338461 -0.292991 0.733648
v -0.345962 -0.271187 0.751268
v -0.337999 -0.252422 0.772243
v -0.344980 -0.229693 0.789393
v -0.336092 -0.208128 0.808502
v -0.338827 -0.178601 0.824916
v -0.322585 -0.159939 0.839324
v -0.352881 -0.152504 0.833742
v -0.335042 -0.134714 0.847896
v -0.340818 -0.100627 0.861736
v -0.345298 -0.065239 0.873672
v -0.326941 -0.046816 0.882986
v -0.355811 -0.035763 0.877865
v -0.336724 -0.017332 0.885876
v -0.312132 -0.799379 0.158959
v -0.301589 -0.808022 0.183042
v -0.302276 -0.814514 0.220354
v -0.302588 -0.815466 0.258832
v -0.304176 -0.811694 0.294688
v -0.298776 -0.765888 0.116258
v -0.298121 -0.784043 0.141743
v -0.283376 -0.794471 0.165831
v -0.297317 -0.727776 0.022575
v -0.300016 -0.738382 0.057860
v -0.300020 -0.751565 0.089846
v -0.315747 -0.716577 0.004240
v -0.274383 -0.803404 0.193754
v -0.270468 -0.807994 0.223378
v -0.270067 -0.808481 0.259313
v -0.273279 -0.805028 0.293871
v -0.261077 -0.763141 0.117347
v -0.259149 -0.775329 0.145118
v -0.254770 -0.788445 0.179258
v -0.245246 -0.793957 0.219257
v -0.243770 -0.794882 0.259628
v -0.248341 -0.790895 0.299332
v -0.259367 -0.736074 0.020097
v -0.260100 -0.743993 0.057390
v -0.260249 -0.753336 0.090356
v -0.225602 -0.761086 0.118148
v -0.221615 -0.767161 0.146363
v -0.218942 -0.774429 0.181129
v -0.215348 -0.779560 0.219932
v -0.214735 -0.780933 0.259936
v -0.216490 -0.779076 0.299888
v -0.220080 -0.744695 0.019496
v -0.220176 -0.749086 0.057746
v -0.220705 -0.754699 0.091830
v -0.196780 -0.759773 0.120986
v -0.185069 -0.762085 0.146789
v -0.181062 -0.766245 0.182486
v -0.179359 -0.770312 0.220596
v -0.179025 -0.772734 0.260090
v -0.179300 -0.774193 0.300007
v -0.180189 -0.751711 0.019971
v -0.180238 -0.752939 0.059885
v -0.180727 -0.755631 0.099061
v -0.167410 -0.757675 0.127477
v -0.156213 -0.760296 0.158019
v -0.141530 -0.762346 0.185976
v -0.140240 -0.766977 0.222210
v -0.139920 -0.771330 0.260483
v -0.139882 -0.775793 0.300045
v -0.140075 -0.755017 0.020046
v -0.140119 -0.754038 0.060147
v -0.140275 -0.754224 0.100007
v -0.138154 -0.756298 0.138167
v -0.125784 -0.758208 0.165322
v -0.100693 -0.761212 0.195390
v -0.100186 -0.766237 0.225535
v -0.099986 -0.772474 0.261328
v -0.099896 -0.779647 0.300133
v -0.099997 -0.754849 0.020050
v -0.100028 -0.752796 0.059998
v -0.100141 -0.752123 0.099723
v -0.099581 -0.753876 0.137604
v -0.096012 -0.757008 0.169607
v -0.060231 -0.761127 0.197522
v -0.060049 -0.767140 0.226355
v -0.059966 -0.775010 0.261560
v -0.059742 -0.783928 0.300199
v -0.059994 -0.752421 0.020104
v -0.060010 -0.750474 0.059955
v -0.060046 -0.750321 0.099580
v -0.059977 -0.752587 0.137487
v -0.059135 -0.756495 0.170549
v -0.020047 -0.761537 0.197116
v -0.020010 -0.768282 0.226067
v -0.019994 -0.776994 0.261096
v -0.019881 -0.786225 0.298421
v -0.020020 -0.749661 0.020009
v -0.020011 -0.748545 0.059931
v -0.020009 -0.749301 0.099449
v -0.020008 -0.752148 0.137082
v -0.019884 -0.756492 0.169972
v -0.304915 -0.802892 0.324564
v -0.280042 -0.800030 0.588875
v -0.279586 -0.799465 0.608655
v -0.300539 -0.787389 0.350039
v -0.300238 -0.771340 0.383749
v -0.290872 -0.764889 0.421616
v -0.296175 -0.764874 0.461360
v -0.299172 -0.773574 0.500592
v -0.300823 -0.784851 0.539515
v -0.301878 -0.793149 0.579432
v -0.299044 -0.791147 0.621222
v -0.319152 -0.762269 0.399860
v -0.315950 -0.759141 0.422861
v -0.317496 -0.759497 0.447484
v -0.278210 -0.798443 0.320687
v -0.245082 -0.801073 0.554098
v -0.255295 -0.803275 0.580625
v -0.254688 -0.802290 0.609450
v -0.260673 -0.783987 0.338967
v -0.259881 -0.772981 0.379854
v -0.257084 -0.770163 0.420126
v -0.258958 -0.773197 0.460145
v -0.260897 -0.781978 0.499051
v -0.263776 -0.792361 0.536330
v -0.274867 -0.796887 0.565053
v -0.259878 -0.793816 0.632968
v -0.205767 -0.801528 0.514402
v -0.217097 -0.804334 0.543098
v -0.219704 -0.805911 0.578039
v -0.222796 -0.802614 0.608803
v -0.220108 -0.776534 0.339728
v -0.220023 -0.774749 0.379833
v -0.219784 -0.777374 0.419602
v -0.221382 -0.783292 0.458535
v -0.224119 -0.791842 0.495916
v -0.235310 -0.796490 0.524784
v -0.220157 -0.790151 0.633196
v -0.209196 -0.652572 0.630730
v -0.166911 -0.802094 0.473280
v -0.177354 -0.804672 0.502830
v -0.182100 -0.806388 0.539979
v -0.183321 -0.803583 0.576818
v -0.194430 -0.797901 0.604069
v -0.180039 -0.776553 0.339896
v -0.180565 -0.780389 0.379399
v -0.182114 -0.786248 0.417783
v -0.185093 -0.793384 0.454656
v -0.195861 -0.797044 0.483867
v -0.166833 -0.787925 0.593333
v -0.181479 -0.778773 0.621248
v -0.171468 -0.740350 0.628423
v -0.172532 -0.701672 0.626446
v -0.160930 -0.640781 0.559033
v -0.171058 -0.651424 0.584061
v -0.182733 -0.664698 0.616127
v -0.128812 -0.801785 0.432089
v -0.138970 -0.803970 0.461557
v -0.140746 -0.804220 0.500850
v -0.150841 -0.802440 0.536498
v -0.157496 -0.796648 0.564435
v -0.140165 -0.781349 0.339547
v -0.142198 -0.787931 0.377663
v -0.146289 -0.794865 0.413623
v -0.157273 -0.798025 0.442355
v -0.121627 -0.792121 0.516442
v -0.130564 -0.787055 0.543857
v -0.142618 -0.775973 0.576050
v -0.157400 -0.766407 0.602872
v -0.136245 -0.739630 0.581779
v -0.152314 -0.737490 0.606795
v -0.127217 -0.685518 0.554198
v -0.135991 -0.702785 0.577549
v -0.153373 -0.704968 0.604486
v -0.119616 -0.645779 0.520162
v -0.136481 -0.655336 0.545081
v -0.149164 -0.671178 0.575870
v -0.161382 -0.678555 0.600461
v -0.086316 -0.800355 0.392351
v -0.101837 -0.802178 0.419796
v -0.104467 -0.801282 0.455955
v -0.113801 -0.797676 0.486578
v -0.100180 -0.787525 0.338885
v -0.105065 -0.794920 0.374748
v -0.118605 -0.798040 0.401745
v -0.087972 -0.786145 0.472412
v -0.099417 -0.777736 0.502298
v -0.112886 -0.768332 0.534670
v -0.124478 -0.763049 0.558737
v -0.092200 -0.739408 0.509414
v -0.107329 -0.737396 0.536574
v -0.120387 -0.739122 0.560528
v -0.092844 -0.699799 0.509938
v -0.110533 -0.702388 0.538098
v -0.121127 -0.714386 0.559567
v -0.078236 -0.651567 0.484081
v -0.097360 -0.659186 0.502954
v -0.114360 -0.671889 0.528363
v -0.042604 -0.798292 0.358821
v -0.055754 -0.800147 0.381656
v -0.071427 -0.798959 0.414510
v -0.079346 -0.794288 0.442293
v -0.059112 -0.792915 0.338750
v -0.074563 -0.796745 0.364873
v -0.040458 -0.794215 0.398024
v -0.048905 -0.786736 0.423117
v -0.063644 -0.774694 0.454816
v -0.078566 -0.765137 0.481768
v -0.055054 -0.738093 0.464640
v -0.073766 -0.736222 0.486764
v -0.052413 -0.700014 0.468080
v -0.073203 -0.702708 0.488069
v -0.055513 -0.661966 0.470248
v -0.076162 -0.673310 0.486823
v -0.015137 -0.798868 0.354882
v -0.018472 -0.799043 0.372199
v -0.019349 -0.794073 0.332355
v -0.015358 -0.790502 0.393067
v -0.018717 -0.772535 0.420596
v -0.038335 -0.762606 0.441345
v -0.011863 -0.739689 0.434178
v -0.031990 -0.734678 0.448176
v -0.008824 -0.707734 0.440333
v -0.027046 -0.699770 0.451710
v -0.007917 -0.682453 0.444382
v -0.019106 -0.662200 0.454714
v -0.300360 -0.773743 0.656962
v -0.287294 -0.759144 0.675834
v -0.315731 -0.752421 0.672292
v -0.298009 -0.737038 0.685605
v -0.297212 -0.703959 0.689115
v -0.300696 -0.652449 0.668900
v -0.296304 -0.674656 0.683539
v -0.261512 -0.777892 0.658403
v -0.262215 -0.760313 0.677362
v -0.264829 -0.735045 0.686640
v -0.264809 -0.704075 0.688437
v -0.261937 -0.654697 0.665467
v -0.265265 -0.675827 0.681681
v -0.224407 -0.770494 0.658407
v -0.238918 -0.757779 0.674730
v -0.213802 -0.737423 0.667055
v -0.236248 -0.734384 0.681287
v -0.214157 -0.701015 0.666299
v -0.236256 -0.704721 0.681573
v -0.224435 -0.664884 0.656730
v -0.239715 -0.679595 0.675251
v -0.196671 -0.765002 0.644885
v -0.190121 -0.736888 0.650318
v -0.190904 -0.703667 0.649101
v -0.197984 -0.675539 0.641996
v -0.285914 -0.602077 0.597130
v -0.300826 -0.611946 0.619401
v -0.299076 -0.566243 0.557655
v -0.301386 -0.587876 0.580131
v -0.315688 -0.598840 0.600637
v -0.300038 -0.536721 0.548410
v -0.301044 -0.503232 0.553322
v -0.286308 -0.483693 0.567540
v -0.315473 -0.478997 0.562925
v -0.300478 -0.460307 0.580846
v -0.285735 -0.442536 0.602488
v -0.313959 -0.436647 0.597009
v -0.299241 -0.419657 0.619679
v -0.314430 -0.397072 0.636935
v -0.257146 -0.607114 0.591516
v -0.261529 -0.619925 0.618596
v -0.260748 -0.571084 0.552309
v -0.265524 -0.591396 0.571178
v -0.260282 -0.541016 0.546786
v -0.260572 -0.511865 0.554937
v -0.255986 -0.489521 0.570454
v -0.259755 -0.467487 0.587775
v -0.255284 -0.447863 0.608239
v -0.260011 -0.427540 0.627696
v -0.206521 -0.603697 0.558932
v -0.223096 -0.614309 0.581970
v -0.225064 -0.631345 0.615148
v -0.220862 -0.579215 0.547872
v -0.236567 -0.595859 0.565176
v -0.220367 -0.544810 0.545381
v -0.221275 -0.516366 0.556644
v -0.219365 -0.494003 0.574057
v -0.220961 -0.472674 0.593345
v -0.218895 -0.452628 0.614439
v -0.224142 -0.433249 0.634181
v -0.176980 -0.614854 0.552238
v -0.191990 -0.629328 0.579163
v -0.198729 -0.641202 0.604392
v -0.179874 -0.579882 0.540502
v -0.180311 -0.544886 0.544568
v -0.184490 -0.518247 0.558481
v -0.180600 -0.496947 0.577290
v -0.184320 -0.475809 0.597660
v -0.179412 -0.454782 0.621278
v -0.194104 -0.436266 0.638794
v -0.122004 -0.619990 0.514563
v -0.145411 -0.617849 0.534775
v -0.120539 -0.595087 0.516574
v -0.139350 -0.578688 0.530744
v -0.139733 -0.541472 0.546173
v -0.125421 -0.520780 0.563030
v -0.154022 -0.519025 0.561112
v -0.139831 -0.500149 0.580111
v -0.125539 -0.483006 0.600330
v -0.154191 -0.480362 0.598195
v -0.139518 -0.464454 0.618040
v -0.076926 -0.632128 0.483259
v -0.093995 -0.621536 0.497048
v -0.093990 -0.591305 0.508615
v -0.099674 -0.568423 0.526222
v -0.099456 -0.543848 0.544630
v -0.095141 -0.523264 0.563800
v -0.099082 -0.503363 0.583201
v -0.095341 -0.484547 0.603709
v -0.099502 -0.465597 0.623792
v -0.053284 -0.630399 0.474634
v -0.062750 -0.609451 0.488053
v -0.059093 -0.586432 0.503687
v -0.059968 -0.565524 0.524201
v -0.059836 -0.545417 0.544955
v -0.058788 -0.525908 0.565684
v -0.059723 -0.506341 0.586141
v -0.058876 -0.487055 0.606881
v -0.059899 -0.467994 0.627552
v -0.019369 -0.623805 0.468596
v -0.034543 -0.604940 0.483587
v -0.010771 -0.602577 0.481545
v -0.020368 -0.586405 0.498315
v -0.020041 -0.565584 0.522628
v -0.019986 -0.546679 0.545332
v -0.019833 -0.527757 0.567254
v -0.019985 -0.508460 0.588301
v -0.019858 -0.489133 0.609182
v -0.020016 -0.470040 0.629972
v -0.300661 -0.630386 0.647572
v -0.286050 -0.403073 0.643272
v -0.300562 -0.380840 0.660879
v -0.287067 -0.364270 0.684714
v -0.315574 -0.358426 0.678054
v -0.302225 -0.341591 0.701621
v -0.287331 -0.324835 0.724494
v -0.265057 -0.634505 0.645288
v -0.255938 -0.409157 0.649454
v -0.260994 -0.388953 0.669518
v -0.256308 -0.370203 0.691627
v -0.264315 -0.349708 0.709695
v -0.256378 -0.331677 0.730223
v -0.236532 -0.642265 0.640558
v -0.220246 -0.414861 0.655675
v -0.225160 -0.394788 0.676598
v -0.219384 -0.374451 0.700121
v -0.204665 -0.359383 0.719327
v -0.234179 -0.355220 0.715208
v -0.219218 -0.340049 0.734334
v -0.165376 -0.439170 0.641619
v -0.180693 -0.420000 0.660060
v -0.166945 -0.403418 0.680950
v -0.195624 -0.400520 0.678338
v -0.180852 -0.384590 0.698437
v -0.175690 -0.362213 0.722185
v -0.180445 -0.338153 0.744334
v -0.166603 -0.320503 0.763080
v -0.135251 -0.443823 0.641881
v -0.139601 -0.423947 0.663144
v -0.136278 -0.405141 0.684302
v -0.140357 -0.385636 0.704130
v -0.139073 -0.365041 0.725038
v -0.140103 -0.343618 0.745234
v -0.136028 -0.323569 0.764485
v -0.098772 -0.446222 0.645420
v -0.099875 -0.426889 0.666472
v -0.099193 -0.407637 0.687488
v -0.100171 -0.388098 0.707795
v -0.099886 -0.367911 0.727858
v -0.100085 -0.347062 0.747476
v -0.099103 -0.326338 0.766703
v -0.059811 -0.448788 0.648653
v -0.060010 -0.429635 0.669541
v -0.059901 -0.410338 0.690461
v -0.060065 -0.390869 0.710797
v -0.060014 -0.370683 0.730517
v -0.060046 -0.349829 0.749904
v -0.059878 -0.328907 0.768962
v -0.020008 -0.450827 0.650958
v -0.020027 -0.431705 0.671804
v -0.020016 -0.412422 0.692687
v -0.020032 -0.393001 0.712961
v -0.020024 -0.372747 0.732455
v -0.020024 -0.351790 0.751690
v -0.020006 -0.330780 0.770641
v -0.315933 -0.318339 0.718695
v -0.301256 -0.301355 0.741349
v -0.286792 -0.283886 0.763614
v -0.315437 -0.277812 0.757796
v -0.300226 -0.260529 0.779995
v -0.285527 -0.242655 0.800663
v -0.314705 -0.236994 0.794539
v -0.299220 -0.219022 0.813441
v -0.302909 -0.189887 0.829700
v -0.294070 -0.165984 0.844674
v -0.298083 -0.136285 0.857816
v -0.304293 -0.103658 0.871221
v -0.285980 -0.086006 0.882772
v -0.316926 -0.076544 0.877917
v -0.298170 -0.057961 0.887672
v -0.299454 -0.019635 0.893983
v -0.261263 -0.309717 0.749136
v -0.256340 -0.289778 0.769578
v -0.260545 -0.267898 0.788165
v -0.255497 -0.246361 0.808155
v -0.259295 -0.219569 0.825933
v -0.244484 -0.200691 0.840755
v -0.273691 -0.195440 0.835539
v -0.258229 -0.175610 0.849932
v -0.258810 -0.140712 0.866456
v -0.243420 -0.120458 0.879471
v -0.273839 -0.113853 0.874956
v -0.255973 -0.095218 0.886850
v -0.259508 -0.059031 0.895845
v -0.259989 -0.019893 0.902522
v -0.225032 -0.316545 0.754759
v -0.220334 -0.295776 0.775095
v -0.224476 -0.274413 0.793706
v -0.219081 -0.253513 0.812644
v -0.219605 -0.228991 0.830222
v -0.214989 -0.205436 0.844687
v -0.219076 -0.178225 0.857076
v -0.219100 -0.149180 0.870853
v -0.214432 -0.123950 0.883414
v -0.218448 -0.094818 0.893826
v -0.219930 -0.059123 0.903003
v -0.220034 -0.020538 0.909500
v -0.195307 -0.318179 0.760331
v -0.180636 -0.299967 0.779897
v -0.165524 -0.281643 0.798697
v -0.194429 -0.279095 0.796280
v -0.179664 -0.261313 0.813941
v -0.181125 -0.235166 0.833011
v -0.179042 -0.209530 0.847672
v -0.179887 -0.181267 0.861222
v -0.180029 -0.153498 0.874334
v -0.178685 -0.127101 0.886473
v -0.179657 -0.096115 0.898080
v -0.180022 -0.060061 0.907473
v -0.180452 -0.023561 0.913543
v -0.139560 -0.302660 0.783179
v -0.135342 -0.282007 0.802252
v -0.140198 -0.259963 0.820022
v -0.145315 -0.237233 0.836109
v -0.140670 -0.212775 0.849924
v -0.140539 -0.183692 0.863914
v -0.141615 -0.156346 0.876684
v -0.140197 -0.129605 0.888699
v -0.140002 -0.097241 0.900844
v -0.139986 -0.060411 0.910408
v -0.140652 -0.023222 0.916580
v -0.124367 -0.002016 0.920531
v -0.099875 -0.305014 0.785939
v -0.099004 -0.282961 0.805535
v -0.100665 -0.258397 0.825557
v -0.085859 -0.240124 0.839738
v -0.115897 -0.238584 0.837916
v -0.100936 -0.218294 0.850624
v -0.101522 -0.185853 0.866122
v -0.106072 -0.158688 0.878450
v -0.101273 -0.132363 0.890374
v -0.100183 -0.098941 0.903004
v -0.100058 -0.063133 0.912564
v -0.103970 -0.031820 0.917692
v -0.094812 -0.007131 0.921637
v -0.060009 -0.307604 0.788092
v -0.059902 -0.286000 0.807128
v -0.060078 -0.263441 0.825684
v -0.055762 -0.241521 0.841701
v -0.060488 -0.215024 0.855396
v -0.061759 -0.182570 0.870687
v -0.047000 -0.161274 0.881457
v -0.076872 -0.159895 0.880060
v -0.061592 -0.137881 0.890782
v -0.060256 -0.100625 0.904919
v -0.059431 -0.062674 0.915308
v -0.044191 -0.040583 0.919969
v -0.074242 -0.036976 0.918760
v -0.058319 -0.015735 0.922603
v -0.020020 -0.309481 0.789703
v -0.020020 -0.288052 0.808553
v -0.020034 -0.265848 0.826792
v -0.019176 -0.243095 0.843005
v -0.020185 -0.216530 0.856992
v -0.020449 -0.187387 0.870699
v -0.017079 -0.162393 0.882450
v -0.020373 -0.135367 0.894047
v -0.020090 -0.102119 0.906794
v -0.019571 -0.069459 0.915964
v -0.015939 -0.043207 0.920799
v -0.019281 -0.014577 0.924403
v -1.038430 0.325695 -0.045208
v -1.038162 0.322435 -0.029331
v -1.016173 0.316652 -0.050973
v -1.014398 0.312589 -0.026928
v -0.956443 0.278768 -0.076908
v -0.966377 0.276823 -0.058375
v -0.962507 0.278231 -0.034695
v -0.964555 0.300096 -0.078882
v -0.986404 0.303365 -0.058114
v -0.980477 0.300337 -0.020860
v -1.155687 0.400823 0.006591
v -1.160364 0.419208 0.004614
v -1.159190 0.437761 0.009027
v -1.133747 0.392999 -0.002765
v -1.132575 0.417611 -0.006578
v -1.136731 0.438977 0.003851
v -1.074911 0.357955 -0.037320
v -1.083654 0.355756 -0.018455
v -1.082057 0.379283 -0.036875
v -1.103737 0.381881 -0.014671
v -1.081254 0.401508 -0.032489
v -1.097171 0.416952 -0.015516
v -1.111233 0.436495 0.001008
v -1.052123 0.345983 -0.046224
v -1.054827 0.338166 -0.019444
v -1.053722 0.376254 -0.047376
v -1.057472 0.401088 -0.038073
v -1.058192 0.418857 -0.018434
v -1.018666 0.344239 -0.059142
v -1.023361 0.329230 -0.009160
v -1.018372 0.377937 -0.051493
v -1.004452 0.395844 -0.034872
v -1.031687 0.399212 -0.038313
v -1.019685 0.413679 -0.017455
v -0.962487 0.322869 -0.079292
v -0.980697 0.338729 -0.068257
v -0.994887 0.322055 -0.001969
v -0.980338 0.370555 -0.052767
v -0.975359 0.391216 -0.030143
v -0.984749 0.407833 -0.008465
v -0.918271 0.244744 -0.079142
v -0.920707 0.240084 -0.060016
v -0.918154 0.245266 -0.040616
v -0.933059 0.266154 -0.083637
v -0.941961 0.258617 -0.058752
v -0.934592 0.263873 -0.030985
v -0.935201 0.296948 -0.087377
v -0.941237 0.288978 -0.010982
v -0.893364 0.235126 -0.084420
v -0.893933 0.226708 -0.059986
v -0.893203 0.237345 -0.036334
v -0.898215 0.263333 -0.092951
v -0.899587 0.260096 -0.020061
v -0.899824 0.295882 -0.090599
v -0.905538 0.284026 -0.003587
v -0.841210 0.202861 -0.084241
v -0.842083 0.198646 -0.065786
v -0.858491 0.223525 -0.089391
v -0.861867 0.212811 -0.058043
v -0.859696 0.229612 -0.030414
v -0.860011 0.259760 -0.096399
v -0.863727 0.257170 -0.010099
v -0.861006 0.295807 -0.088291
v -0.846086 0.313611 -0.071991
v -0.876963 0.280036 0.003203
v -0.814942 0.196301 -0.086659
v -0.817326 0.191365 -0.058421
v -0.805788 0.199765 -0.034204
v -0.819775 0.223006 -0.098920
v -0.835379 0.206507 -0.044386
v -0.822218 0.220540 -0.020406
v -0.820154 0.257114 -0.098087
v -0.834155 0.245841 -0.004098
v -0.821265 0.287644 -0.086656
v -0.815934 0.308714 -0.068216
v -0.778899 0.190398 -0.088288
v -0.782272 0.181627 -0.057831
v -0.778059 0.190875 -0.024542
v -0.779828 0.221366 -0.100475
v -0.792842 0.211231 -0.008708
v -0.780005 0.255730 -0.095581
v -0.784401 0.283140 -0.083107
v -0.779124 0.303586 -0.064615
v -0.719176 0.034725 0.000194
v -0.720854 0.064554 -0.001009
v -0.723454 0.100471 -0.005246
v -0.721170 0.160957 -0.076700
v -0.726593 0.148720 -0.052859
v -0.730480 0.137585 -0.017925
v -0.738940 0.182436 -0.087647
v -0.750230 0.168880 -0.056496
v -0.750982 0.169322 -0.019959
v -0.739620 0.220055 -0.097421
v -0.739314 0.257930 -0.090027
v -0.724267 0.278931 -0.077702
v -0.754188 0.280547 -0.079773
v -0.739217 0.297990 -0.064181
v -0.682654 0.024779 -0.040725
v -0.703561 0.020216 -0.017861
v -0.684701 0.060141 -0.045868
v -0.704661 0.059099 -0.022872
v -0.691129 0.096394 -0.050904
v -0.708211 0.094391 -0.027414
v -0.694512 0.152687 -0.081778
v -0.701365 0.130040 -0.060097
v -0.713440 0.122003 -0.035153
v -0.699116 0.183210 -0.092775
v -0.699748 0.219262 -0.095652
v -0.699272 0.253307 -0.088421
v -0.694855 0.278711 -0.077216
v -0.699265 0.300154 -0.061261
v -0.659295 0.019545 -0.058863
v -0.641862 0.073305 -0.081521
v -0.659748 0.057858 -0.066628
v -0.647318 0.103451 -0.084606
v -0.668431 0.094002 -0.069268
v -0.659346 0.140231 -0.088216
v -0.676701 0.122267 -0.073210
v -0.659900 0.179871 -0.094947
v -0.660003 0.218080 -0.093946
v -0.660065 0.251873 -0.086739
v -0.660127 0.278240 -0.077148
v -0.660160 0.301100 -0.062338
v -0.936000 0.324575 -0.081712
v -0.940509 0.346118 -0.066317
v -0.944203 0.368366 -0.046459
v -0.939714 0.385975 -0.017617
v -0.957786 0.400767 -0.001550
v -0.903890 0.323504 -0.079786
v -0.899977 0.345072 -0.058563
v -0.884567 0.356582 -0.034720
v -0.914713 0.362628 -0.041901
v -0.901853 0.372196 -0.016873
v -0.875374 0.318843 -0.076734
v -0.860295 0.333428 -0.056350
v -0.854922 0.351576 -0.025168
v -0.872035 0.365154 -0.006988
v -0.820055 0.328089 -0.047669
v -0.818183 0.344353 -0.020922
v -0.780126 0.323456 -0.043285
v -0.779983 0.340715 -0.018492
v -0.740095 0.320754 -0.042043
v -0.741193 0.340401 -0.018821
v -0.700192 0.322403 -0.041274
v -0.701623 0.344943 -0.018664
v -0.687269 0.363110 -0.001986
v -0.660113 0.324287 -0.044413
v -0.661523 0.346595 -0.025195
v -0.657042 0.368636 -0.005987
v -0.609292 0.020107 -0.089759
v -0.634357 0.014415 -0.074444
v -0.617284 0.059008 -0.091771
v -0.637860 0.043592 -0.078060
v -0.617473 0.099774 -0.095788
v -0.620846 0.139803 -0.098271
v -0.620909 0.179699 -0.099477
v -0.620328 0.218202 -0.095020
v -0.620904 0.252465 -0.086785
v -0.625602 0.278370 -0.077734
v -0.621732 0.302764 -0.065452
v -0.558679 0.030840 -0.119216
v -0.578912 0.020608 -0.106504
v -0.559703 0.052395 -0.119994
v -0.581796 0.060980 -0.108868
v -0.585274 0.100641 -0.108326
v -0.585967 0.140251 -0.108522
v -0.584631 0.180334 -0.106965
v -0.581612 0.220260 -0.100749
v -0.581395 0.258912 -0.089836
v -0.596836 0.280520 -0.079631
v -0.566884 0.286423 -0.083867
v -0.584548 0.304896 -0.071383
v -0.536351 0.020782 -0.130189
v -0.556965 0.006228 -0.117173
v -0.537457 0.061580 -0.130925
v -0.559520 0.075686 -0.119715
v -0.533501 0.100860 -0.131210
v -0.558714 0.105256 -0.119256
v -0.531473 0.139325 -0.129851
v -0.557261 0.141456 -0.118407
v -0.528765 0.175832 -0.127662
v -0.553712 0.180553 -0.116279
v -0.524318 0.205822 -0.124196
v -0.544828 0.220896 -0.111697
v -0.543557 0.259924 -0.100430
v -0.537015 0.296274 -0.090067
v -0.555187 0.314153 -0.076007
v -0.481479 0.029205 -0.160716
v -0.502029 0.019349 -0.148585
v -0.481645 0.051721 -0.160780
v -0.502510 0.061652 -0.148909
v -0.504273 0.101339 -0.145703
v -0.503243 0.140428 -0.143213
v -0.501345 0.179905 -0.139630
v -0.499178 0.219480 -0.132369
v -0.518394 0.235089 -0.118556
v -0.487114 0.254632 -0.127458
v -0.511433 0.263627 -0.112211
v -0.481384 0.282993 -0.120768
v -0.500774 0.298712 -0.104845
v -0.460892 0.019102 -0.171576
v -0.480295 0.003806 -0.159530
v -0.461010 0.061426 -0.171668
v -0.480653 0.076756 -0.159872
v -0.455382 0.101169 -0.172390
v -0.478852 0.106013 -0.158638
v -0.452168 0.140120 -0.171026
v -0.476711 0.141606 -0.156762
v -0.448827 0.178451 -0.168861
v -0.473890 0.180029 -0.153895
v -0.443929 0.214016 -0.165510
v -0.469055 0.218781 -0.148791
v -0.440011 0.242930 -0.160102
v -0.458370 0.257207 -0.143426
v -0.457137 0.295305 -0.131075
v -0.473704 0.313089 -0.114437
v -0.406842 0.020179 -0.206888
v -0.432115 0.019858 -0.189356
v -0.406500 0.059944 -0.206917
v -0.432076 0.060272 -0.189385
v -0.403987 0.099619 -0.206317
v -0.429129 0.100129 -0.188886
v -0.402967 0.138349 -0.203851
v -0.426727 0.139589 -0.187255
v -0.401384 0.173951 -0.201497
v -0.423571 0.178397 -0.185238
v -0.399282 0.202998 -0.198820
v -0.417230 0.217393 -0.182765
v -0.417387 0.257169 -0.171559
v -0.434975 0.272494 -0.154046
v -0.407273 0.294753 -0.166936
v -0.429637 0.302755 -0.147585
v -0.361327 0.020182 -0.241573
v -0.383215 0.020158 -0.224659
v -0.361147 0.054974 -0.241294
v -0.382442 0.059358 -0.224834
v -0.360234 0.084334 -0.240159
v -0.378109 0.099387 -0.225535
v -0.379508 0.139609 -0.220851
v -0.378780 0.178588 -0.217097
v -0.378278 0.217699 -0.211165
v -0.395723 0.232700 -0.194769
v -0.368541 0.255309 -0.208714
v -0.390679 0.262885 -0.189892
v -0.363145 0.285452 -0.203396
v -0.380415 0.300249 -0.185648
v -0.339398 0.020157 -0.258362
v -0.339430 0.059350 -0.257239
v -0.340871 0.099405 -0.253154
v -0.358820 0.114421 -0.238566
v -0.335269 0.139901 -0.253074
v -0.357191 0.144439 -0.236768
v -0.331249 0.179116 -0.251143
v -0.354795 0.180918 -0.234149
v -0.326560 0.216043 -0.248478
v -0.350804 0.220003 -0.230362
v -0.323043 0.246192 -0.243920
v -0.341302 0.260633 -0.226978
v -0.340315 0.300415 -0.215035
v -0.357763 0.315263 -0.197499
v -0.620294 0.328805 -0.048835
v -0.624683 0.351149 -0.030530
v -0.620864 0.374331 -0.012977
v -0.580495 0.337742 -0.053820
v -0.594615 0.357180 -0.035116
v -0.566401 0.363308 -0.041498
v -0.581878 0.382119 -0.021106
v -0.568844 0.408334 -0.006294
v -0.525212 0.324525 -0.083116
v -0.543161 0.340593 -0.066785
v -0.537486 0.369562 -0.050840
v -0.545302 0.392216 -0.030792
v -0.538821 0.420119 -0.013493
v -0.525497 0.445377 -0.001917
v -0.497015 0.336326 -0.091656
v -0.514462 0.353601 -0.073139
v -0.486824 0.365627 -0.082418
v -0.503622 0.381904 -0.061634
v -0.517408 0.399393 -0.040987
v -0.489825 0.409635 -0.051644
v -0.505194 0.424992 -0.030201
v -0.498476 0.456748 -0.011669
v -0.483895 0.483610 -0.001816
v -0.446735 0.326424 -0.127118
v -0.463758 0.343452 -0.108650
v -0.460158 0.378216 -0.093401
v -0.475260 0.394776 -0.072117
v -0.447277 0.407473 -0.085638
v -0.462437 0.423497 -0.062224
v -0.479003 0.436593 -0.040367
v -0.450768 0.456325 -0.050240
v -0.470622 0.462839 -0.028696
v -0.441270 0.483150 -0.041031
v -0.457053 0.495401 -0.016700
v -0.444382 0.523489 -0.003692
v -0.402810 0.325155 -0.160116
v -0.421071 0.340680 -0.140578
v -0.438800 0.356350 -0.120702
v -0.412470 0.376998 -0.131867
v -0.432800 0.384978 -0.111113
v -0.404128 0.405895 -0.123865
v -0.420624 0.420667 -0.100751
v -0.436882 0.434824 -0.077007
v -0.408391 0.456018 -0.090379
v -0.427681 0.462333 -0.067874
v -0.401500 0.483285 -0.079664
v -0.417005 0.495502 -0.056488
v -0.431084 0.509893 -0.030894
v -0.405108 0.524136 -0.044993
v -0.418732 0.537632 -0.018475
v -0.404632 0.561866 -0.004544
v -0.379418 0.339175 -0.173228
v -0.396895 0.354066 -0.154341
v -0.367920 0.375259 -0.168232
v -0.388836 0.382918 -0.148509
v -0.361601 0.403928 -0.159843
v -0.378911 0.417842 -0.138854
v -0.394322 0.434290 -0.116128
v -0.367674 0.447939 -0.130293
v -0.382172 0.463768 -0.109006
v -0.377881 0.496522 -0.091743
v -0.391738 0.510626 -0.069017
v -0.363636 0.523634 -0.082715
v -0.378504 0.537718 -0.058393
v -0.392246 0.550125 -0.032189
v -0.364629 0.562022 -0.044692
v -0.377961 0.573642 -0.018040
v -0.329519 0.336769 -0.210180
v -0.352038 0.344539 -0.191532
v -0.323119 0.365831 -0.204097
v -0.340311 0.380486 -0.186367
v -0.336576 0.416806 -0.171786
v -0.352774 0.433123 -0.150598
v -0.325822 0.446010 -0.162552
v -0.341567 0.463083 -0.141325
v -0.358136 0.476671 -0.120271
v -0.328731 0.495544 -0.129735
v -0.350101 0.502889 -0.108934
v -0.320142 0.520176 -0.117960
v -0.334916 0.534294 -0.095832
v -0.350360 0.548253 -0.070924
v -0.322895 0.558786 -0.080488
v -0.336815 0.571956 -0.056452
v -0.345477 0.590673 -0.025477
v -0.329616 0.609321 -0.009593
v -0.246254 0.019174 -0.326567
v -0.244395 0.056149 -0.324565
v -0.241557 0.086525 -0.322090
v -0.219706 0.020167 -0.340984
v -0.217930 0.060157 -0.337541
v -0.217371 0.100556 -0.331639
v -0.209380 0.137356 -0.327964
v -0.204265 0.167037 -0.324100
v -0.166051 0.018507 -0.365716
v -0.192328 0.020003 -0.353956
v -0.163055 0.054166 -0.362496
v -0.188485 0.059194 -0.350867
v -0.160097 0.083154 -0.358974
v -0.181137 0.099319 -0.347352
v -0.178192 0.140334 -0.340077
v -0.178253 0.180708 -0.331590
v -0.169611 0.216972 -0.327196
v -0.163897 0.245776 -0.322625
v -0.135664 0.019416 -0.377806
v -0.134338 0.058131 -0.372481
v -0.134794 0.095387 -0.365689
v -0.153738 0.113459 -0.355322
v -0.125129 0.125002 -0.362006
v -0.143442 0.143886 -0.352289
v -0.140591 0.181470 -0.344269
v -0.137461 0.219643 -0.336660
v -0.137067 0.256948 -0.327978
v -0.125654 0.283760 -0.322472
v -0.100051 0.020701 -0.388144
v -0.098862 0.059813 -0.381609
v -0.098611 0.098795 -0.373774
v -0.096627 0.136240 -0.365849
v -0.114770 0.155296 -0.357456
v -0.084771 0.162761 -0.361401
v -0.101415 0.183233 -0.353481
v -0.099957 0.220491 -0.344694
v -0.099392 0.257236 -0.335433
v -0.096352 0.289154 -0.326230
v -0.044467 0.003800 -0.400872
v -0.062802 0.022838 -0.394845
v -0.059973 0.060357 -0.388276
v -0.059751 0.099295 -0.380028
v -0.058994 0.136613 -0.371373
v -0.056054 0.168421 -0.364084
v -0.065377 0.193127 -0.356807
v -0.061009 0.224046 -0.349732
v -0.060160 0.260330 -0.340290
v -0.059539 0.297037 -0.328805
v -0.016836 0.013626 -0.402481
v -0.033635 0.033098 -0.397208
v -0.010031 0.038096 -0.399087
v -0.020166 0.060471 -0.393349
v -0.019990 0.099856 -0.384446
v -0.020006 0.139420 -0.374961
v -0.020259 0.177232 -0.365895
v -0.036239 0.198457 -0.359291
v -0.011038 0.201163 -0.361112
v -0.021102 0.222935 -0.354497
v -0.020220 0.259827 -0.344697
v -0.019759 0.295161 -0.333607
v -0.293835 0.020070 -0.293040
v -0.316623 0.020044 -0.275822
v -0.292081 0.060190 -0.291942
v -0.315761 0.059949 -0.274741
v -0.288707 0.100182 -0.290333
v -0.314293 0.099914 -0.272352
v -0.286257 0.139120 -0.287128
v -0.310638 0.139903 -0.270518
v -0.283100 0.175425 -0.283898
v -0.306309 0.179769 -0.268177
v -0.280591 0.205249 -0.280487
v -0.299499 0.220284 -0.265902
v -0.300166 0.260462 -0.255339
v -0.318294 0.275819 -0.238473
v -0.289476 0.296605 -0.250294
v -0.312691 0.305285 -0.232506
v -0.270113 0.020182 -0.310430
v -0.267393 0.060523 -0.309225
v -0.260772 0.101516 -0.308608
v -0.259862 0.141342 -0.302834
v -0.256328 0.180292 -0.297978
v -0.257275 0.219458 -0.290394
v -0.276929 0.234998 -0.276579
v -0.247929 0.255207 -0.286001
v -0.271864 0.264143 -0.271344
v -0.240939 0.283433 -0.280244
v -0.259614 0.299509 -0.265772
v -0.237984 0.116695 -0.318906
v -0.233323 0.146307 -0.315762
v -0.224420 0.182609 -0.312623
v -0.223972 0.221235 -0.304831
v -0.217367 0.258827 -0.298132
v -0.214390 0.294987 -0.287581
v -0.232311 0.312540 -0.273300
v -0.199387 0.196789 -0.320061
v -0.194163 0.226018 -0.315946
v -0.183416 0.261829 -0.311219
v -0.179150 0.299109 -0.300117
v -0.155425 0.275381 -0.317100
v -0.141793 0.303407 -0.311159
v -0.105287 0.313667 -0.315167
v -0.075398 0.318173 -0.318324
v -0.045455 0.321501 -0.321237
v -0.016478 0.323671 -0.323300
v -0.283218 0.325778 -0.243845
v -0.301261 0.341515 -0.227482
v -0.298534 0.378952 -0.215033
v -0.315242 0.395634 -0.197108
v -0.288184 0.408147 -0.207740
v -0.304594 0.424574 -0.189488
v -0.298084 0.457928 -0.173457
v -0.314013 0.473824 -0.153409
v -0.284441 0.484701 -0.164062
v -0.299752 0.499900 -0.145451
v -0.293814 0.527226 -0.128644
v -0.301310 0.546640 -0.106799
v -0.295161 0.569343 -0.087536
v -0.303706 0.587883 -0.061538
v -0.317769 0.599029 -0.036850
v -0.287604 0.607143 -0.047164
v -0.301398 0.617557 -0.021053
v -0.257206 0.337631 -0.253000
v -0.275242 0.355748 -0.237159
v -0.247170 0.367295 -0.246017
v -0.265159 0.385262 -0.230508
v -0.260267 0.420127 -0.216437
v -0.276979 0.436773 -0.198389
v -0.247354 0.447276 -0.206865
v -0.263871 0.463660 -0.188518
v -0.255725 0.495976 -0.171179
v -0.271642 0.512373 -0.151662
v -0.243683 0.521176 -0.159124
v -0.258537 0.538438 -0.138489
v -0.272599 0.555114 -0.115206
v -0.245257 0.562754 -0.122831
v -0.258948 0.578669 -0.098573
v -0.273829 0.593201 -0.073396
v -0.244318 0.600433 -0.081695
v -0.258131 0.613626 -0.057615
v -0.266255 0.631208 -0.025936
v -0.203770 0.323648 -0.281097
v -0.221850 0.341960 -0.266520
v -0.218176 0.378492 -0.253707
v -0.236754 0.396749 -0.238255
v -0.207509 0.407332 -0.245964
v -0.225155 0.424928 -0.230077
v -0.217932 0.457658 -0.214087
v -0.234396 0.474052 -0.195687
v -0.205042 0.482655 -0.203409
v -0.219580 0.499702 -0.185338
v -0.215451 0.527562 -0.167858
v -0.223288 0.548170 -0.148235
v -0.216257 0.570668 -0.130741
v -0.222827 0.588423 -0.107844
v -0.215206 0.609416 -0.087510
v -0.223380 0.627312 -0.061215
v -0.237287 0.638121 -0.036268
v -0.175434 0.334761 -0.287912
v -0.192918 0.353372 -0.273851
v -0.164169 0.362058 -0.280911
v -0.180346 0.382285 -0.267053
v -0.178224 0.417866 -0.252902
v -0.195984 0.435739 -0.237116
v -0.165964 0.444062 -0.243990
v -0.181368 0.461921 -0.227740
v -0.176871 0.490097 -0.210497
v -0.185051 0.512483 -0.192039
v -0.180561 0.539846 -0.174299
v -0.194688 0.556875 -0.154491
v -0.166354 0.562895 -0.161098
v -0.179936 0.580045 -0.139548
v -0.193219 0.595874 -0.115359
v -0.165395 0.601776 -0.121798
v -0.177990 0.617619 -0.097517
v -0.192888 0.631698 -0.072429
v -0.138892 0.337510 -0.297958
v -0.135457 0.368296 -0.286341
v -0.144481 0.392437 -0.273929
v -0.140101 0.421185 -0.262357
v -0.136262 0.450220 -0.248877
v -0.144916 0.473427 -0.232413
v -0.140869 0.500589 -0.215128
v -0.156480 0.518240 -0.198543
v -0.126624 0.522218 -0.203139
v -0.141419 0.540133 -0.186737
v -0.136120 0.566080 -0.167755
v -0.140268 0.586773 -0.146927
v -0.135030 0.606670 -0.126822
v -0.138387 0.624448 -0.103989
v -0.100463 0.343437 -0.303604
v -0.099315 0.377353 -0.289634
v -0.114980 0.398041 -0.277990
v -0.085146 0.401872 -0.281405
v -0.100138 0.422926 -0.269461
v -0.098849 0.457133 -0.252037
v -0.114565 0.476973 -0.236872
v -0.084609 0.480183 -0.240396
v -0.099842 0.498854 -0.224885
v -0.096134 0.524702 -0.207085
v -0.100274 0.547697 -0.189439
v -0.098623 0.571925 -0.170875
v -0.103549 0.591677 -0.151610
v -0.098089 0.610503 -0.132045
v -0.100020 0.628967 -0.108926
v -0.060333 0.342577 -0.310373
v -0.059637 0.376074 -0.296168
v -0.055328 0.404845 -0.284448
v -0.059721 0.430085 -0.272381
v -0.059190 0.458046 -0.257944
v -0.054864 0.483128 -0.243556
v -0.059437 0.505510 -0.227240
v -0.059092 0.529802 -0.209746
v -0.059809 0.553780 -0.191968
v -0.058284 0.579509 -0.172208
v -0.073064 0.595196 -0.154763
v -0.043394 0.598466 -0.157741
v -0.057938 0.612853 -0.138979
v -0.063113 0.631908 -0.114413
v -0.019920 0.349111 -0.312046
v -0.019957 0.379119 -0.299252
v -0.019092 0.408115 -0.286865
v -0.019971 0.433907 -0.275106
v -0.019836 0.460202 -0.261473
v -0.018946 0.485708 -0.246269
v -0.019877 0.509296 -0.229702
v -0.019900 0.533209 -0.212359
v -0.019898 0.556348 -0.195320
v -0.019081 0.579768 -0.177360
v -0.015583 0.601680 -0.158909
v -0.018891 0.621877 -0.136079
v -0.033277 0.635459 -0.116912
v -0.248798 0.647649 -0.008741
v -0.206188 0.644933 -0.046048
v -0.219234 0.654899 -0.019357
v -0.163433 0.637248 -0.079498
v -0.175954 0.650197 -0.055754
v -0.180814 0.667535 -0.022728
v -0.164976 0.681723 -0.002964
v -0.134335 0.642918 -0.082483
v -0.139027 0.659096 -0.058224
v -0.144825 0.673312 -0.032339
v -0.136051 0.686510 -0.008706
v -0.098498 0.647742 -0.085725
v -0.100316 0.666684 -0.059518
v -0.115554 0.677080 -0.037281
v -0.085552 0.680829 -0.041144
v -0.099788 0.689781 -0.017384
v -0.059471 0.650361 -0.091981
v -0.059844 0.668624 -0.067594
v -0.055646 0.684403 -0.044310
v -0.059833 0.697097 -0.016081
v -0.010154 0.637724 -0.118695
v -0.019620 0.651140 -0.099381
v -0.019893 0.670480 -0.072951
v -0.019171 0.687099 -0.047595
v -0.020005 0.700885 -0.019155
v -1.314582 0.472439 0.240193
v -1.317088 0.472196 0.260708
v -1.315279 0.472081 0.281269
v -1.310430 0.485637 0.239840
v -1.312717 0.486513 0.260723
v -1.311053 0.485805 0.281673
v -1.276841 0.439739 0.158228
v -1.282851 0.437111 0.185694
v -1.287682 0.436145 0.221505
v -1.288813 0.434003 0.260119
v -1.287890 0.434878 0.298889
v -1.284055 0.460568 0.154959
v -1.295325 0.461598 0.185614
v -1.305441 0.462541 0.222958
v -1.307919 0.456362 0.260473
v -1.306116 0.461905 0.298143
v -1.278867 0.481927 0.158575
v -1.286653 0.487791 0.185955
v -1.295225 0.492079 0.223012
v -1.293375 0.498442 0.260444
v -1.295536 0.492666 0.297981
v -1.283718 0.435705 0.334977
v -1.277696 0.438749 0.362360
v -1.296178 0.461370 0.335351
v -1.284782 0.460433 0.365570
v -1.286985 0.488572 0.334730
v -1.279032 0.482180 0.361662
v -0.967360 0.315567 0.004440
v -0.966504 0.313373 0.313119
v -1.039570 0.324378 0.422627
v -1.043720 0.330310 0.436234
v -1.002112 0.318499 0.356006
v -1.010364 0.313167 0.383463
v -1.016420 0.317531 0.416092
v -1.028778 0.327878 0.432854
v -0.960756 0.281847 0.353892
v -0.963492 0.278664 0.378044
v -0.963431 0.284960 0.398974
v -0.977384 0.303140 0.343402
v -0.984804 0.296919 0.378656
v -0.979573 0.304738 0.409274
v -1.233863 0.432537 0.080789
v -1.243593 0.431352 0.105271
v -1.255571 0.430716 0.140881
v -1.254860 0.426082 0.180745
v -1.258313 0.424937 0.220225
v -1.258624 0.424023 0.259882
v -1.256505 0.422992 0.299644
v -1.235639 0.451586 0.079824
v -1.250139 0.459275 0.101157
v -1.265954 0.459788 0.131064
v -1.243856 0.481088 0.114340
v -1.256501 0.488657 0.142514
v -1.257263 0.500752 0.180586
v -1.259816 0.506946 0.220316
v -1.259321 0.510191 0.260101
v -1.259815 0.507584 0.299900
v -1.198775 0.406467 0.068286
v -1.202880 0.405805 0.084740
v -1.200108 0.427527 0.042422
v -1.213759 0.422976 0.065202
v -1.214673 0.415167 0.099970
v -1.217780 0.421984 0.140527
v -1.217155 0.428109 0.181978
v -1.226988 0.429319 0.220675
v -1.226935 0.429102 0.259327
v -1.219895 0.426720 0.298809
v -1.197705 0.446554 0.042570
v -1.213328 0.456836 0.064383
v -1.228969 0.468884 0.087003
v -1.204839 0.436767 0.201466
v -1.205157 0.439246 0.225940
v -1.202912 0.439106 0.255942
v -1.200370 0.436643 0.282785
v -1.204711 0.476589 0.080028
v -1.216519 0.486500 0.103782
v -1.219473 0.496233 0.140554
v -1.219539 0.503689 0.179918
v -1.220045 0.508409 0.219950
v -1.219974 0.510018 0.260010
v -1.220095 0.507985 0.299995
v -1.166003 0.397569 0.027628
v -1.176627 0.398158 0.058689
v -1.186091 0.403596 0.081663
v -1.181589 0.419720 0.025515
v -1.193644 0.412070 0.048384
v -1.164437 0.405042 0.079240
v -1.178061 0.413568 0.102833
v -1.178209 0.426984 0.141705
v -1.176724 0.434698 0.180220
v -1.165282 0.435925 0.215574
v -1.160659 0.435968 0.244791
v -1.192651 0.430678 0.310927
v -1.173196 0.447492 0.027466
v -1.177492 0.465528 0.054388
v -1.166877 0.434239 0.153350
v -1.166183 0.436578 0.167532
v -1.187255 0.439500 0.201656
v -1.184018 0.441329 0.226930
v -1.178264 0.441208 0.259782
v -1.178411 0.439549 0.293237
v -1.179177 0.480408 0.077297
v -1.179878 0.488629 0.105316
v -1.180659 0.495373 0.141076
v -1.180007 0.500360 0.180105
v -1.179993 0.503470 0.219963
v -1.180555 0.503764 0.260011
v -1.180962 0.501390 0.299999
v -1.136219 0.385625 0.022481
v -1.139177 0.393232 0.051400
v -1.136577 0.406377 0.076111
v -1.140623 0.418302 0.105242
v -1.141911 0.427693 0.141995
v -1.140837 0.427704 0.178971
v -1.138022 0.425667 0.219229
v -1.138010 0.427748 0.259927
v -1.133893 0.428002 0.298285
v -1.137768 0.454273 0.026262
v -1.138664 0.469932 0.058381
v -1.125659 0.475914 0.086289
v -1.153130 0.434367 0.153375
v -1.152701 0.434437 0.167441
v -1.157945 0.437214 0.273170
v -1.155815 0.437892 0.297153
v -1.153105 0.479993 0.079078
v -1.143719 0.484583 0.105023
v -1.143880 0.489947 0.141745
v -1.141080 0.493610 0.180383
v -1.140770 0.495562 0.219928
v -1.143191 0.495157 0.259785
v -1.144899 0.492802 0.299002
v -1.082381 0.358676 0.003481
v -1.099834 0.374913 0.018566
v -1.100115 0.390275 0.050101
v -1.081601 0.399491 0.192887
v -1.082583 0.398206 0.220067
v -1.081649 0.399159 0.247197
v -1.084256 0.435591 0.002255
v -1.104361 0.405605 0.074759
v -1.104789 0.414298 0.104776
v -1.105750 0.416091 0.140742
v -1.103761 0.411417 0.179449
v -1.107360 0.410606 0.219934
v -1.103420 0.410926 0.260384
v -1.104167 0.414599 0.298898
v -1.099798 0.450326 0.022543
v -1.099887 0.463625 0.059874
v -1.097574 0.471646 0.099563
v -1.088531 0.474861 0.136332
v -1.083796 0.477145 0.165812
v -1.082283 0.477706 0.234574
v -1.084548 0.475930 0.264321
v -1.087991 0.473447 0.300631
v -1.117955 0.480286 0.116494
v -1.112998 0.483042 0.145378
v -1.104609 0.484720 0.181037
v -1.103884 0.485607 0.220096
v -1.110658 0.485436 0.259708
v -1.114464 0.483535 0.298224
v -1.055234 0.352123 0.006589
v -1.061375 0.371656 0.029626
v -1.060413 0.388686 0.062111
v -1.050087 0.392440 0.100604
v -1.050980 0.391731 0.139721
v -1.057709 0.390705 0.179654
v -1.056031 0.388018 0.220008
v -1.057967 0.390062 0.260201
v -1.053398 0.386626 0.299625
v -1.054692 0.434932 0.005852
v -1.077867 0.401602 0.078563
v -1.074886 0.405087 0.104749
v -1.076443 0.404317 0.136531
v -1.079143 0.401998 0.165095
v -1.079399 0.401554 0.273633
v -1.077514 0.402406 0.300090
v -1.064414 0.447586 0.029365
v -1.063102 0.455986 0.062502
v -1.060074 0.461285 0.100624
v -1.057940 0.466013 0.140108
v -1.059663 0.470513 0.180065
v -1.059154 0.470177 0.220250
v -1.055617 0.465333 0.260434
v -1.058309 0.462172 0.299907
v -1.081256 0.478796 0.189760
v -1.080895 0.478912 0.210615
v -1.020197 0.346567 0.012779
v -1.006604 0.350395 0.313496
v -1.026015 0.365993 0.033991
v -1.024547 0.377321 0.064326
v -1.021112 0.379459 0.101015
v -1.021741 0.378360 0.140108
v -1.024358 0.376871 0.179886
v -1.024476 0.375398 0.219679
v -1.025108 0.375265 0.258748
v -1.022783 0.369883 0.296628
v -1.019042 0.430320 0.018037
v -1.006929 0.434746 0.054952
v -1.002293 0.437827 0.085255
v -1.000259 0.439568 0.276649
v -1.002321 0.436485 0.306082
v -1.037085 0.442431 0.035958
v -1.031072 0.446459 0.064449
v -1.023332 0.448849 0.101193
v -1.024766 0.454183 0.140841
v -1.025384 0.457009 0.180417
v -1.025151 0.455965 0.220363
v -1.021615 0.451114 0.261210
v -1.027719 0.449585 0.300124
v -0.981565 0.337824 0.023371
v -0.970531 0.348839 0.061189
v -0.967374 0.353288 0.100225
v -0.966992 0.354227 0.140042
v -0.967536 0.353191 0.180087
v -0.968769 0.350332 0.219967
v -0.973606 0.346547 0.258772
v -0.981190 0.338396 0.297436
v -0.999167 0.357127 0.038708
v -0.995514 0.364218 0.065909
v -0.993535 0.366003 0.101447
v -0.993576 0.365590 0.140217
v -0.994625 0.364597 0.179805
v -0.995415 0.363400 0.218721
v -0.997139 0.362196 0.254808
v -0.999107 0.357949 0.284027
v -0.982973 0.418290 0.023184
v -0.976971 0.423041 0.060557
v -0.977975 0.429511 0.100465
v -0.971226 0.431365 0.140573
v -0.969499 0.432116 0.180342
v -0.971506 0.431031 0.220515
v -0.977344 0.430070 0.261436
v -0.974941 0.423351 0.300871
v -0.999050 0.440734 0.115508
v -0.996723 0.443079 0.144999
v -0.995921 0.444298 0.180454
v -0.996902 0.443477 0.216355
v -0.998349 0.441705 0.246594
v -1.255536 0.422216 0.339374
v -1.255721 0.428297 0.377596
v -1.243889 0.433818 0.403514
v -1.265210 0.458937 0.386303
v -1.245891 0.457702 0.407696
v -1.257122 0.501665 0.339273
v -1.255692 0.488118 0.375677
v -1.242842 0.478302 0.397901
v -1.198845 0.401844 0.396720
v -1.199746 0.402906 0.418276
v -1.193089 0.405063 0.435492
v -1.218420 0.418762 0.339335
v -1.218037 0.412265 0.380157
v -1.220058 0.422807 0.415828
v -1.201253 0.421909 0.437779
v -1.216051 0.456133 0.421057
v -1.200366 0.442990 0.436376
v -1.219397 0.503026 0.339356
v -1.218701 0.493164 0.375430
v -1.218511 0.479803 0.402653
v -1.173281 0.396002 0.392774
v -1.173418 0.391692 0.418422
v -1.171336 0.398323 0.440497
v -1.179823 0.423516 0.336796
v -1.180313 0.408632 0.368420
v -1.173803 0.420693 0.446290
v -1.171116 0.434639 0.316920
v -1.164104 0.476495 0.396893
v -1.178440 0.465333 0.418481
v -1.175195 0.445288 0.439122
v -1.180943 0.496924 0.339444
v -1.179829 0.488423 0.377010
v -1.192083 0.479882 0.400979
v -1.140453 0.388620 0.387907
v -1.142397 0.381638 0.417499
v -1.139328 0.390647 0.443050
v -1.141713 0.422135 0.333372
v -1.145403 0.405113 0.362782
v -1.140039 0.417272 0.447981
v -1.153845 0.433943 0.318003
v -1.136110 0.471658 0.390537
v -1.141007 0.458502 0.416878
v -1.144370 0.441748 0.438754
v -1.146125 0.489397 0.335812
v -1.146032 0.483360 0.367546
v -1.084157 0.358604 0.392227
v -1.086497 0.351838 0.416896
v -1.083534 0.357333 0.438542
v -1.089621 0.388740 0.351762
v -1.104147 0.378002 0.379512
v -1.110937 0.370254 0.415200
v -1.102154 0.380218 0.443805
v -1.106329 0.408171 0.334794
v -1.117518 0.397319 0.359819
v -1.089215 0.429233 0.425810
v -1.103035 0.414072 0.443723
v -1.092418 0.469933 0.338845
v -1.102526 0.463914 0.377348
v -1.105821 0.448028 0.412355
v -1.117329 0.436097 0.434487
v -1.117467 0.481059 0.333304
v -1.120733 0.477050 0.360619
v -1.045364 0.356280 0.354686
v -1.058557 0.347869 0.381933
v -1.058450 0.335981 0.414076
v -1.057441 0.346136 0.440271
v -1.060964 0.379058 0.338212
v -1.074689 0.368637 0.366470
v -1.065627 0.376034 0.444854
v -1.080146 0.398120 0.326056
v -1.047471 0.431036 0.391588
v -1.061591 0.422978 0.416594
v -1.068493 0.404763 0.438650
v -1.061756 0.457734 0.338502
v -1.065751 0.448800 0.375385
v -1.077720 0.440722 0.402280
v -1.018327 0.341667 0.343378
v -1.031526 0.331270 0.376087
v -1.008154 0.345172 0.427475
v -1.036650 0.325735 0.402591
v -1.031330 0.347310 0.439314
v -1.033478 0.364614 0.326844
v -1.001864 0.397620 0.395783
v -1.011105 0.379630 0.420135
v -1.035613 0.374869 0.438199
v -1.007236 0.430273 0.341880
v -1.018669 0.420520 0.380548
v -1.031906 0.406915 0.413240
v -1.043812 0.397028 0.433143
v -1.032196 0.445776 0.335875
v -1.037802 0.439241 0.365152
v -0.992044 0.328030 0.328089
v -0.979417 0.337748 0.417145
v -0.962455 0.397903 0.356065
v -0.974858 0.389249 0.382585
v -0.981509 0.368776 0.407570
v -0.977944 0.415066 0.338842
v -0.990915 0.409447 0.368043
v -0.927547 0.273815 0.311764
v -0.937008 0.308853 0.011111
v -0.921418 0.315677 0.236258
v -0.930028 0.308926 0.263806
v -0.941552 0.298450 0.297117
v -0.885510 0.237433 0.310162
v -0.881808 0.278042 0.236654
v -0.891125 0.268466 0.263525
v -0.902516 0.257946 0.297688
v -0.901932 0.303033 0.017436
v -0.886760 0.309369 0.193712
v -0.897223 0.301772 0.224267
v -0.908427 0.291108 0.257188
v -0.917830 0.281986 0.284237
v -0.842680 0.198678 0.275979
v -0.847600 0.195422 0.303235
v -0.845862 0.234768 0.235438
v -0.852383 0.222388 0.263760
v -0.865517 0.220941 0.298471
v -0.848608 0.271757 0.011910
v -0.848146 0.273675 0.194450
v -0.858389 0.262076 0.223824
v -0.869505 0.248973 0.256846
v -0.879787 0.242228 0.284043
v -0.865317 0.295598 0.026462
v -0.852502 0.306919 0.062122
v -0.845768 0.311324 0.099869
v -0.848800 0.307872 0.138824
v -0.860597 0.298701 0.177480
v -0.871768 0.288189 0.208526
v -0.800797 0.014454 0.198550
v -0.807535 0.019038 0.225973
v -0.815179 0.019826 0.261117
v -0.819662 0.019963 0.300070
v -0.800126 0.043553 0.199761
v -0.806090 0.058892 0.222948
v -0.815673 0.059754 0.260360
v -0.821716 0.059870 0.299872
v -0.807539 0.100082 0.226681
v -0.817449 0.100008 0.261395
v -0.824030 0.099339 0.300109
v -0.801134 0.156694 0.198847
v -0.808790 0.141344 0.222716
v -0.820767 0.139946 0.260389
v -0.827406 0.136975 0.299903
v -0.804556 0.186071 0.194826
v -0.816617 0.180843 0.224574
v -0.829022 0.178428 0.261385
v -0.834256 0.170166 0.300407
v -0.806180 0.233729 0.005577
v -0.802131 0.234824 0.158479
v -0.810713 0.221618 0.184691
v -0.826944 0.217818 0.218637
v -0.835222 0.206437 0.247364
v -0.819825 0.259424 0.021370
v -0.809486 0.270276 0.055297
v -0.804737 0.275577 0.083450
v -0.810690 0.261409 0.151554
v -0.825926 0.257277 0.180405
v -0.836563 0.246318 0.207630
v -0.837064 0.282734 0.035348
v -0.827954 0.290804 0.063462
v -0.819613 0.293509 0.098462
v -0.822350 0.288757 0.136156
v -0.835491 0.283273 0.165117
v -0.760847 0.016364 0.078569
v -0.771922 0.019724 0.105609
v -0.783863 0.019828 0.139080
v -0.793724 0.019103 0.172250
v -0.760122 0.045084 0.079735
v -0.768485 0.059754 0.103290
v -0.781581 0.059693 0.140276
v -0.793213 0.058944 0.177563
v -0.799339 0.072688 0.200818
v -0.767618 0.100139 0.109284
v -0.779348 0.099992 0.141815
v -0.790728 0.099940 0.175332
v -0.799013 0.100065 0.201386
v -0.767106 0.139808 0.110856
v -0.778915 0.140300 0.143002
v -0.791637 0.140577 0.177794
v -0.799482 0.127474 0.200841
v -0.768120 0.197214 0.003827
v -0.768804 0.179063 0.108020
v -0.780757 0.180069 0.139983
v -0.792334 0.177262 0.170508
v -0.780276 0.219806 0.019877
v -0.774367 0.223239 0.058869
v -0.774311 0.218089 0.098104
v -0.787557 0.219684 0.137361
v -0.796037 0.206825 0.164572
v -0.795604 0.243673 0.033050
v -0.790010 0.250043 0.061979
v -0.789661 0.255985 0.096347
v -0.795581 0.253758 0.128394
v -0.802603 0.277530 0.105841
v -0.805200 0.276028 0.125313
v -0.731394 0.019801 0.021605
v -0.748031 0.019731 0.052829
v -0.734413 0.060256 0.025604
v -0.749769 0.059856 0.058280
v -0.758572 0.074776 0.081468
v -0.734627 0.100193 0.024184
v -0.746903 0.100131 0.055845
v -0.757285 0.104452 0.083253
v -0.738621 0.139746 0.019898
v -0.747550 0.138757 0.054660
v -0.757078 0.139354 0.083843
v -0.751173 0.177121 0.018080
v -0.753088 0.173590 0.053589
v -0.759115 0.172916 0.082437
v -0.762789 0.200410 0.031154
v -0.761235 0.200374 0.056815
v -0.763435 0.198885 0.080699
v -0.716938 0.005071 0.001866
v -0.937868 0.269109 0.341696
v -0.935838 0.268488 0.374077
v -0.940596 0.279834 0.396978
v -0.952946 0.289776 0.326909
v -0.922897 0.315104 0.394390
v -0.943334 0.304283 0.405456
v -0.885876 0.235635 0.336353
v -0.881319 0.241465 0.360072
v -0.908076 0.253848 0.337366
v -0.900431 0.263528 0.372778
v -0.918759 0.275256 0.390700
v -0.901187 0.300301 0.383434
v -0.920693 0.293556 0.396641
v -0.847243 0.194519 0.334323
v -0.843130 0.200228 0.360077
v -0.864107 0.217912 0.333508
v -0.855050 0.227484 0.362841
v -0.847966 0.282767 0.361283
v -0.859503 0.263379 0.368926
v -0.851168 0.307229 0.354967
v -0.871055 0.297164 0.369029
v -0.819702 0.019980 0.340029
v -0.817340 0.019959 0.380057
v -0.813096 0.019892 0.419620
v -0.806230 0.019738 0.457390
v -0.800838 0.033900 0.481624
v -0.822345 0.059898 0.339979
v -0.819655 0.059990 0.379935
v -0.815140 0.059943 0.419109
v -0.808656 0.060095 0.455005
v -0.801816 0.063416 0.483112
v -0.824878 0.099324 0.340021
v -0.821428 0.100059 0.379925
v -0.815607 0.100221 0.419093
v -0.808533 0.100441 0.454997
v -0.801744 0.097183 0.483038
v -0.827839 0.136952 0.339930
v -0.823009 0.140251 0.379788
v -0.814578 0.140525 0.419486
v -0.806051 0.141081 0.457453
v -0.800855 0.126798 0.481568
v -0.833835 0.170336 0.339280
v -0.827360 0.181450 0.377844
v -0.813753 0.180108 0.416473
v -0.804911 0.177254 0.449189
v -0.827310 0.222269 0.385108
v -0.809468 0.218698 0.417870
v -0.802736 0.206172 0.443846
v -0.831333 0.281794 0.365917
v -0.823015 0.263085 0.381888
v -0.809123 0.248994 0.407545
v -0.828518 0.305409 0.356774
v -0.813265 0.296857 0.373934
v -0.798878 0.003582 0.478780
v -0.792709 0.018703 0.502988
v -0.779853 0.019489 0.537090
v -0.766697 0.023722 0.566465
v -0.793546 0.059859 0.508601
v -0.782518 0.059810 0.539392
v -0.769146 0.060786 0.569079
v -0.793738 0.100597 0.508558
v -0.783068 0.100182 0.539656
v -0.769888 0.100133 0.569923
v -0.799211 0.157345 0.478869
v -0.793610 0.141838 0.502950
v -0.782289 0.140472 0.537732
v -0.769382 0.139937 0.569319
v -0.797099 0.186457 0.473992
v -0.789165 0.181614 0.503677
v -0.778980 0.180212 0.537156
v -0.767200 0.179025 0.567847
v -0.799545 0.236641 0.436682
v -0.794384 0.222429 0.464095
v -0.784568 0.220814 0.500469
v -0.774452 0.219468 0.535662
v -0.763993 0.215565 0.565222
v -0.804368 0.277345 0.399742
v -0.796549 0.265866 0.426233
v -0.787647 0.261612 0.462166
v -0.777909 0.260323 0.499975
v -0.767878 0.257904 0.536546
v -0.760496 0.245330 0.561726
v -0.795877 0.304680 0.393431
v -0.786600 0.301237 0.424565
v -0.778212 0.299868 0.460930
v -0.769336 0.298683 0.498732
v -0.763708 0.287597 0.527366
v -0.750209 0.019720 0.591168
v -0.731045 0.021418 0.618822
v -0.753726 0.059935 0.594438
v -0.736897 0.060933 0.619035
v -0.755156 0.099994 0.595499
v -0.739043 0.100265 0.619580
v -0.755099 0.140029 0.595314
v -0.739337 0.139904 0.619730
v -0.753098 0.180028 0.593721
v -0.737143 0.179500 0.619230
v -0.749445 0.220127 0.590493
v -0.731566 0.219400 0.619752
v -0.755988 0.275982 0.555276
v -0.746945 0.260991 0.580937
v -0.730474 0.256820 0.610319
v -0.757802 0.317281 0.517371
v -0.751353 0.305342 0.545355
v -0.735496 0.300998 0.579089
v -0.725295 0.286808 0.604424
v -0.712811 0.006760 0.636122
v -0.715428 0.234981 0.638495
v -0.713209 0.265010 0.632328
v -0.717836 0.315612 0.597876
v -0.707704 0.300917 0.621818
v -0.717191 0.035922 0.640259
v -0.720676 0.065447 0.641644
v -0.722398 0.101216 0.642631
v -0.722953 0.139069 0.643085
v -0.721523 0.175366 0.642487
v -0.717982 0.205647 0.641656
v -0.697486 0.022370 0.657971
v -0.679600 0.036053 0.679488
v -0.701729 0.061910 0.661797
v -0.682327 0.065575 0.682355
v -0.703882 0.100577 0.663673
v -0.684199 0.101299 0.684178
v -0.704769 0.139988 0.664409
v -0.685284 0.139380 0.685098
v -0.703445 0.179716 0.663280
v -0.684375 0.176331 0.684231
v -0.699831 0.220876 0.660374
v -0.681881 0.207483 0.681953
v -0.695399 0.260336 0.654932
v -0.689075 0.295276 0.647142
v -0.674841 0.008138 0.674931
v -0.657329 0.023185 0.696830
v -0.639767 0.036662 0.717017
v -0.661274 0.062287 0.701534
v -0.641007 0.065640 0.721207
v -0.663352 0.100685 0.704066
v -0.641772 0.101036 0.724282
v -0.664683 0.140201 0.705078
v -0.643502 0.139392 0.725039
v -0.663666 0.180368 0.704068
v -0.642579 0.176688 0.724607
v -0.679202 0.235368 0.678999
v -0.660887 0.221934 0.700383
v -0.642549 0.207416 0.720357
v -0.675306 0.265016 0.675085
v -0.656038 0.260775 0.695863
v -0.668165 0.299305 0.667667
v -0.649318 0.295182 0.689315
v -0.942077 0.327540 0.032879
v -0.938315 0.337396 0.064258
v -0.936642 0.341892 0.100917
v -0.936619 0.342796 0.140063
v -0.937097 0.340137 0.180005
v -0.938805 0.333845 0.220379
v -0.948753 0.329773 0.256326
v -0.956806 0.322867 0.284887
v -0.927442 0.393255 0.016714
v -0.922600 0.397538 0.046199
v -0.925219 0.394964 0.314007
v -0.951784 0.406230 0.025823
v -0.943258 0.408870 0.061898
v -0.944499 0.415199 0.101106
v -0.941299 0.418339 0.140314
v -0.940442 0.418989 0.180071
v -0.942203 0.417350 0.219862
v -0.944980 0.414875 0.258958
v -0.943089 0.408932 0.296538
v -0.907380 0.320103 0.038025
v -0.904990 0.328495 0.066369
v -0.903036 0.332024 0.101125
v -0.903558 0.331767 0.138709
v -0.904070 0.326483 0.176356
v -0.913077 0.321791 0.207211
v -0.895980 0.381732 0.020415
v -0.897252 0.390092 0.060677
v -0.889622 0.393557 0.100698
v -0.885809 0.396229 0.140179
v -0.885408 0.396486 0.180017
v -0.887596 0.394723 0.219800
v -0.891251 0.391598 0.259253
v -0.898834 0.386284 0.298796
v -0.918870 0.400932 0.076020
v -0.915735 0.403933 0.105407
v -0.912350 0.406293 0.141312
v -0.911863 0.406618 0.180012
v -0.914109 0.405002 0.218643
v -0.917223 0.402763 0.254537
v -0.919395 0.399636 0.283654
v -0.842900 0.358850 0.000792
v -0.880906 0.313422 0.041683
v -0.875636 0.320549 0.067046
v -0.872030 0.323396 0.100384
v -0.873647 0.322138 0.134992
v -0.878596 0.317066 0.163703
v -0.847313 0.355926 0.319629
v -0.858322 0.369549 0.021974
v -0.859441 0.377869 0.060740
v -0.856960 0.384006 0.100143
v -0.855185 0.387961 0.140015
v -0.855357 0.388391 0.180046
v -0.856525 0.386476 0.220060
v -0.858160 0.382377 0.259878
v -0.860470 0.372682 0.298668
v -0.814485 0.355462 0.006065
v -0.821420 0.356033 0.319441
v -0.819173 0.364261 0.031607
v -0.819988 0.371922 0.063904
v -0.819403 0.379747 0.100913
v -0.818778 0.385189 0.140386
v -0.820448 0.385912 0.180204
v -0.821371 0.384586 0.219918
v -0.821815 0.381490 0.259027
v -0.821098 0.373366 0.295049
v -0.779991 0.354240 0.007722
v -0.798118 0.364108 0.321907
v -0.780014 0.364030 0.033780
v -0.780250 0.373415 0.064687
v -0.780701 0.383336 0.101087
v -0.780618 0.390945 0.141304
v -0.786720 0.391696 0.181234
v -0.788393 0.391336 0.220831
v -0.788279 0.389618 0.261587
v -0.784139 0.383589 0.304170
v -0.759220 0.400687 0.157168
v -0.761120 0.401921 0.186063
v -0.762204 0.403196 0.221159
v -0.762530 0.404571 0.257615
v -0.763710 0.402017 0.288868
v -0.745514 0.355612 0.005161
v -0.741282 0.368412 0.029973
v -0.741877 0.380711 0.061463
v -0.744454 0.392199 0.096424
v -0.753867 0.397166 0.126645
v -0.761299 0.399764 0.317251
v -0.726541 0.405978 0.114148
v -0.735680 0.409955 0.144293
v -0.737000 0.414993 0.181989
v -0.738224 0.418456 0.221071
v -0.737517 0.423008 0.261937
v -0.743157 0.418578 0.302820
v -0.719596 0.439591 0.275191
v -0.720327 0.440751 0.301906
v -0.716540 0.358617 0.001814
v -0.702320 0.374987 0.020978
v -0.705384 0.391071 0.055099
v -0.716578 0.399046 0.083544
v -0.687877 0.407411 0.072389
v -0.699304 0.415175 0.101136
v -0.702655 0.427631 0.139288
v -0.710850 0.431235 0.179113
v -0.714807 0.434348 0.216222
v -0.717521 0.437109 0.246826
v -0.683305 0.445375 0.154158
v -0.688598 0.448816 0.184388
v -0.693600 0.451964 0.221308
v -0.700190 0.454085 0.261048
v -0.697341 0.461968 0.300203
v -0.680303 0.478503 0.309111
v -0.662491 0.387909 0.018886
v -0.676199 0.397911 0.044483
v -0.647094 0.406157 0.035430
v -0.659641 0.415649 0.061045
v -0.665247 0.431095 0.094970
v -0.675718 0.439312 0.124711
v -0.648345 0.450519 0.112157
v -0.658524 0.458817 0.142313
v -0.665282 0.465929 0.181222
v -0.670886 0.470373 0.219382
v -0.676474 0.473701 0.255609
v -0.678805 0.476989 0.285079
v -0.639854 0.478118 0.156439
v -0.643041 0.484985 0.185510
v -0.648698 0.488992 0.221349
v -0.654621 0.492325 0.259684
v -0.661475 0.493025 0.299266
v -0.928826 0.341118 0.388108
v -0.950823 0.335226 0.405701
v -0.935846 0.388160 0.343357
v -0.942809 0.370136 0.375604
v -0.957464 0.359807 0.397893
v -0.951920 0.405100 0.326469
v -0.887397 0.349573 0.349781
v -0.902101 0.335569 0.371725
v -0.903508 0.371606 0.335430
v -0.916344 0.360261 0.361748
v -0.858185 0.339169 0.341716
v -0.876246 0.325155 0.361407
v -0.874231 0.361605 0.325662
v -0.821790 0.334939 0.343404
v -0.806237 0.323357 0.364855
v -0.793988 0.351561 0.346719
v -0.786089 0.337321 0.380365
v -0.775725 0.335193 0.419098
v -0.767296 0.335753 0.456933
v -0.763234 0.326816 0.486829
v -0.775041 0.375295 0.342509
v -0.768951 0.367315 0.379278
v -0.763575 0.363531 0.414893
v -0.759313 0.360218 0.444147
v -0.755034 0.354000 0.474853
v -0.750802 0.344572 0.504584
v -0.740517 0.338203 0.538323
v -0.727070 0.335169 0.568352
v -0.755939 0.397730 0.346135
v -0.752789 0.392387 0.381479
v -0.749147 0.387111 0.419732
v -0.745400 0.378629 0.459550
v -0.733512 0.377356 0.499104
v -0.726431 0.367179 0.534239
v -0.717247 0.360843 0.560852
v -0.735745 0.422273 0.342136
v -0.735102 0.416470 0.381081
v -0.732170 0.411680 0.419234
v -0.727746 0.405653 0.455403
v -0.720524 0.401729 0.485263
v -0.718803 0.441370 0.328800
v -0.708456 0.343119 0.590553
v -0.691734 0.336115 0.618075
v -0.713973 0.395780 0.513494
v -0.707320 0.387526 0.542198
v -0.696865 0.375969 0.576300
v -0.683669 0.364989 0.605068
v -0.717582 0.440386 0.355497
v -0.716766 0.437308 0.385296
v -0.713795 0.433482 0.421241
v -0.708343 0.427601 0.459457
v -0.699674 0.419782 0.499273
v -0.690353 0.410292 0.535532
v -0.682098 0.401562 0.563920
v -0.699492 0.459664 0.341042
v -0.697267 0.456903 0.381083
v -0.693973 0.453584 0.419397
v -0.689195 0.448957 0.455721
v -0.683173 0.443178 0.485990
v -0.681285 0.477436 0.331073
v -0.669734 0.351652 0.632479
v -0.672328 0.392046 0.591712
v -0.660231 0.380811 0.620679
v -0.676219 0.436285 0.513612
v -0.668033 0.428489 0.542496
v -0.658136 0.417635 0.576834
v -0.647131 0.407131 0.606649
v -0.679607 0.476278 0.354702
v -0.676174 0.475097 0.384692
v -0.672199 0.472144 0.421005
v -0.666898 0.467439 0.459570
v -0.659447 0.459563 0.499717
v -0.648452 0.450533 0.535973
v -0.642064 0.440217 0.563733
v -0.661810 0.492813 0.340176
v -0.655220 0.492922 0.380146
v -0.650205 0.490309 0.419072
v -0.645064 0.486885 0.455660
v -0.642259 0.480315 0.485325
v -0.679453 0.323046 0.641370
v -0.657201 0.335819 0.657627
v -0.641466 0.323294 0.681491
v -0.646899 0.366434 0.647054
v -0.635250 0.008049 0.712085
v -0.619170 0.022258 0.731579
v -0.619387 0.060167 0.739297
v -0.618008 0.098826 0.745246
v -0.600998 0.112123 0.761276
v -0.621225 0.140015 0.744628
v -0.601624 0.139936 0.762021
v -0.618819 0.181533 0.745006
v -0.601279 0.167858 0.761202
v -0.640035 0.235963 0.717397
v -0.622280 0.221787 0.735947
v -0.635230 0.265124 0.714562
v -0.614850 0.260122 0.733574
v -0.627519 0.299201 0.707814
v -0.606533 0.294995 0.728014
v -0.594834 0.019186 0.752446
v -0.572750 0.020619 0.772353
v -0.598077 0.054410 0.757160
v -0.577400 0.058861 0.775444
v -0.599725 0.083481 0.759693
v -0.582678 0.098534 0.775647
v -0.581176 0.139926 0.778368
v -0.599750 0.196575 0.759143
v -0.582249 0.181252 0.775133
v -0.597961 0.225888 0.755547
v -0.576158 0.220254 0.773979
v -0.591504 0.261532 0.752167
v -0.570333 0.256078 0.770755
v -0.580163 0.299686 0.746797
v -0.562919 0.285507 0.766182
v -0.549729 0.019657 0.790984
v -0.527313 0.023651 0.807996
v -0.554459 0.059589 0.794106
v -0.529667 0.060537 0.811564
v -0.558080 0.099603 0.795592
v -0.533278 0.099930 0.812966
v -0.558079 0.139996 0.796640
v -0.533492 0.139969 0.813330
v -0.556601 0.180300 0.794603
v -0.530436 0.179833 0.811779
v -0.552187 0.219870 0.791732
v -0.527630 0.218535 0.807914
v -0.546225 0.258575 0.786966
v -0.523495 0.253762 0.803213
v -0.554101 0.314271 0.758491
v -0.536838 0.297272 0.779044
v -0.519957 0.281225 0.796469
v -0.501591 0.018817 0.822600
v -0.500823 0.058925 0.828937
v -0.480899 0.073543 0.841758
v -0.506616 0.099654 0.829263
v -0.482720 0.102984 0.842937
v -0.506612 0.139631 0.829310
v -0.482308 0.136189 0.842786
v -0.500628 0.180027 0.828772
v -0.480621 0.165193 0.840988
v -0.500186 0.219782 0.822804
v -0.495979 0.256733 0.816845
v -0.504479 0.312062 0.790274
v -0.495043 0.288660 0.806458
v -0.476360 0.014320 0.836433
v -0.451694 0.019863 0.850661
v -0.478757 0.043881 0.839480
v -0.457883 0.058891 0.852465
v -0.456686 0.099739 0.855913
v -0.455209 0.139770 0.855649
v -0.477757 0.195371 0.838378
v -0.457417 0.179556 0.850503
v -0.473376 0.225592 0.835347
v -0.449691 0.216769 0.848589
v -0.464168 0.262700 0.830602
v -0.444757 0.246700 0.844462
v -0.477643 0.319982 0.799994
v -0.462350 0.300463 0.816707
v -0.421890 0.018680 0.865046
v -0.423275 0.058299 0.869696
v -0.401742 0.072125 0.879960
v -0.426888 0.099735 0.870326
v -0.402495 0.099732 0.880992
v -0.422437 0.141127 0.870643
v -0.401257 0.127247 0.880013
v -0.423584 0.181130 0.865266
v -0.418572 0.220246 0.861073
v -0.436997 0.276860 0.838253
v -0.418177 0.258795 0.852357
v -0.426025 0.305621 0.830545
v -0.407557 0.287702 0.845393
v -0.393281 0.014220 0.875853
v -0.368808 0.023495 0.884068
v -0.398827 0.043332 0.877947
v -0.377273 0.059350 0.886170
v -0.375153 0.099817 0.888152
v -0.398278 0.156280 0.877991
v -0.376949 0.140232 0.885610
v -0.393292 0.185456 0.875793
v -0.368459 0.176164 0.883524
v -0.383172 0.221523 0.873005
v -0.362858 0.204870 0.881062
v -0.381273 0.260531 0.863586
v -0.395767 0.315645 0.836646
v -0.377646 0.296944 0.850985
v -0.336820 0.020706 0.891147
v -0.339357 0.059802 0.894972
v -0.339021 0.099967 0.896422
v -0.339345 0.140079 0.893870
v -0.336672 0.179074 0.890138
v -0.355618 0.235062 0.877520
v -0.336513 0.216826 0.885353
v -0.344685 0.263889 0.872796
v -0.326109 0.245704 0.882268
v -0.340000 0.297877 0.860544
v -0.626259 0.394178 0.008164
v -0.619322 0.414713 0.028086
v -0.625601 0.431351 0.056115
v -0.637415 0.440882 0.083167
v -0.609223 0.451430 0.071202
v -0.621101 0.460863 0.099133
v -0.632116 0.469905 0.128106
v -0.604804 0.481508 0.115424
v -0.615182 0.490194 0.144631
v -0.617040 0.503313 0.182100
v -0.625218 0.507084 0.221200
v -0.630713 0.510846 0.260247
v -0.635518 0.512876 0.299889
v -0.600139 0.519960 0.196756
v -0.603403 0.524245 0.225611
v -0.606364 0.528623 0.261432
v -0.610808 0.530793 0.300213
v -0.597134 0.399920 0.000390
v -0.585516 0.423816 0.016640
v -0.597584 0.438738 0.042897
v -0.569271 0.448232 0.031265
v -0.581913 0.461105 0.058247
v -0.593726 0.471435 0.086384
v -0.566558 0.482834 0.074242
v -0.577680 0.492673 0.102550
v -0.583269 0.508431 0.136955
v -0.593495 0.514588 0.166582
v -0.566953 0.527278 0.154071
v -0.578190 0.531505 0.183992
v -0.579451 0.539842 0.221383
v -0.579223 0.546809 0.260618
v -0.585528 0.547843 0.300563
v -0.560827 0.560749 0.275531
v -0.562859 0.562766 0.304959
v -0.555362 0.434493 0.007859
v -0.540162 0.459581 0.020609
v -0.554196 0.471590 0.046391
v -0.525582 0.484137 0.034907
v -0.540065 0.493710 0.062021
v -0.545208 0.510796 0.095344
v -0.556049 0.519815 0.124308
v -0.528616 0.531003 0.111841
v -0.539622 0.539665 0.142329
v -0.550131 0.548527 0.180281
v -0.555514 0.554947 0.215750
v -0.558483 0.558226 0.245396
v -0.521063 0.558381 0.156903
v -0.525960 0.566522 0.185490
v -0.532914 0.571077 0.221209
v -0.540102 0.572219 0.260554
v -0.539169 0.576935 0.300608
v -0.512001 0.471820 0.010932
v -0.497541 0.497564 0.024130
v -0.511835 0.510214 0.056251
v -0.519389 0.521242 0.083135
v -0.481549 0.521371 0.036688
v -0.491172 0.530554 0.063684
v -0.501609 0.541418 0.097495
v -0.512587 0.549710 0.127647
v -0.484927 0.562675 0.115019
v -0.496421 0.569059 0.145120
v -0.498449 0.583507 0.182015
v -0.507419 0.587976 0.220988
v -0.512395 0.590255 0.260313
v -0.513634 0.592847 0.300095
v -0.480235 0.600437 0.195710
v -0.484353 0.604418 0.225133
v -0.487115 0.606684 0.261273
v -0.488467 0.608008 0.300190
v -0.470197 0.509915 0.010300
v -0.456302 0.535860 0.024972
v -0.466920 0.547158 0.058550
v -0.475403 0.555563 0.086827
v -0.440125 0.558776 0.037538
v -0.446800 0.568569 0.065638
v -0.458015 0.577419 0.102142
v -0.468760 0.585828 0.138158
v -0.474782 0.593728 0.166962
v -0.440613 0.597694 0.116810
v -0.446813 0.604735 0.145623
v -0.456172 0.611074 0.181567
v -0.458809 0.618507 0.220787
v -0.460867 0.621641 0.260195
v -0.461575 0.622504 0.300022
v -0.430963 0.548507 0.009632
v -0.416070 0.571423 0.023614
v -0.420619 0.586499 0.057333
v -0.432394 0.591173 0.087406
v -0.405751 0.604710 0.073932
v -0.415808 0.609865 0.104035
v -0.419500 0.619700 0.141099
v -0.423134 0.629055 0.179858
v -0.431567 0.633314 0.220053
v -0.434824 0.635719 0.259969
v -0.435291 0.636053 0.299986
v -0.384851 0.590034 0.014889
v -0.395728 0.597595 0.043288
v -0.368755 0.608358 0.031053
v -0.379498 0.615519 0.060392
v -0.382659 0.627616 0.098557
v -0.391948 0.633224 0.135147
v -0.397911 0.638306 0.164837
v -0.357940 0.599688 0.001855
v -0.341401 0.617623 0.018425
v -0.346080 0.631281 0.053579
v -0.356047 0.637411 0.083665
v -0.635181 0.395223 0.635251
v -0.633096 0.430416 0.592349
v -0.621385 0.420898 0.621304
v -0.634754 0.474166 0.514721
v -0.622602 0.469039 0.544078
v -0.618624 0.452463 0.577128
v -0.605597 0.444311 0.605612
v -0.636022 0.513080 0.340002
v -0.632034 0.511541 0.380042
v -0.626733 0.508655 0.419938
v -0.619473 0.505686 0.460173
v -0.619588 0.493841 0.498136
v -0.608014 0.489104 0.528123
v -0.611977 0.531393 0.339896
v -0.609237 0.529783 0.379058
v -0.604443 0.526966 0.415806
v -0.601672 0.522445 0.445823
v -0.593355 0.433746 0.633245
v -0.598575 0.480975 0.556610
v -0.591123 0.470084 0.583657
v -0.576998 0.457963 0.616974
v -0.597642 0.517378 0.475783
v -0.592440 0.510652 0.505185
v -0.581834 0.501781 0.541698
v -0.569855 0.490933 0.575963
v -0.561916 0.479644 0.601737
v -0.587610 0.548697 0.340060
v -0.585443 0.547463 0.379655
v -0.578871 0.544975 0.419924
v -0.579672 0.534127 0.460179
v -0.569289 0.528882 0.496426
v -0.563581 0.521110 0.525806
v -0.564234 0.564248 0.340076
v -0.563457 0.563584 0.375339
v -0.560925 0.560711 0.404910
v -0.543894 0.470112 0.631186
v -0.554731 0.513983 0.554018
v -0.541791 0.507222 0.581525
v -0.536686 0.491001 0.609922
v -0.556774 0.556411 0.434562
v -0.551453 0.550973 0.463844
v -0.539861 0.545632 0.499558
v -0.537468 0.532701 0.537183
v -0.526304 0.525629 0.566055
v -0.539753 0.579172 0.340030
v -0.539561 0.578144 0.379447
v -0.538841 0.571999 0.418917
v -0.527988 0.568088 0.454976
v -0.521638 0.562015 0.483870
v -0.517527 0.481328 0.639242
v -0.515287 0.514806 0.595373
v -0.504334 0.502502 0.622799
v -0.513773 0.555500 0.513864
v -0.503909 0.548951 0.543880
v -0.498930 0.534537 0.579005
v -0.487385 0.523878 0.607064
v -0.514506 0.594347 0.339979
v -0.513992 0.593673 0.379761
v -0.510169 0.589392 0.419015
v -0.498871 0.584534 0.458003
v -0.496432 0.572269 0.496267
v -0.486657 0.565824 0.526385
v -0.489251 0.608544 0.339804
v -0.488765 0.607914 0.378677
v -0.485715 0.604808 0.414522
v -0.480460 0.600255 0.443268
v -0.474691 0.512080 0.634253
v -0.476406 0.558026 0.556583
v -0.464883 0.549979 0.584893
v -0.458583 0.533519 0.618020
v -0.473100 0.594234 0.473118
v -0.463327 0.588162 0.503328
v -0.459209 0.574984 0.539301
v -0.447959 0.567219 0.568003
v -0.461769 0.622482 0.339959
v -0.461273 0.621571 0.379655
v -0.459001 0.617996 0.418424
v -0.455803 0.610283 0.455822
v -0.445972 0.604671 0.485711
v -0.437012 0.558393 0.596450
v -0.424763 0.549362 0.622960
v -0.435816 0.597301 0.515954
v -0.424760 0.589668 0.544864
v -0.419765 0.575456 0.579699
v -0.407868 0.566878 0.607410
v -0.434944 0.635692 0.340007
v -0.434079 0.634858 0.380003
v -0.431056 0.632238 0.419890
v -0.422444 0.627060 0.459993
v -0.418401 0.614024 0.498036
v -0.407185 0.606120 0.527149
v -0.395979 0.555113 0.635556
v -0.396194 0.597492 0.556093
v -0.384380 0.589129 0.584110
v -0.379083 0.573953 0.618388
v -0.394687 0.635589 0.474287
v -0.383391 0.628095 0.503339
v -0.378337 0.613691 0.538367
v -0.366355 0.605170 0.566439
v -0.355058 0.596210 0.594186
v -0.342813 0.587473 0.620918
v -0.354207 0.635543 0.514043
v -0.342249 0.626829 0.542246
v -0.336854 0.612118 0.576896
v -0.324540 0.603504 0.604485
v -0.632311 0.351561 0.672306
v -0.617284 0.335491 0.696894
v -0.600363 0.322822 0.718715
v -0.621733 0.381610 0.661558
v -0.606713 0.365867 0.686301
v -0.608560 0.408345 0.648422
v -0.591479 0.350834 0.708961
v -0.575728 0.335661 0.730773
v -0.594695 0.394536 0.674440
v -0.580045 0.379788 0.699200
v -0.564776 0.364370 0.721435
v -0.580984 0.420644 0.660828
v -0.566571 0.406902 0.686815
v -0.565534 0.444290 0.645351
v -0.543785 0.343573 0.748969
v -0.527290 0.327287 0.768760
v -0.552507 0.392606 0.710432
v -0.537784 0.377026 0.732588
v -0.552658 0.430811 0.673104
v -0.537737 0.418727 0.698618
v -0.525211 0.402891 0.721679
v -0.537495 0.452906 0.658823
v -0.524635 0.441404 0.683007
v -0.516800 0.356450 0.758260
v -0.499988 0.341762 0.776549
v -0.504650 0.382812 0.749316
v -0.488005 0.368269 0.767822
v -0.504155 0.430258 0.709975
v -0.498039 0.410562 0.732357
v -0.504790 0.470395 0.663473
v -0.497444 0.452328 0.690248
v -0.489310 0.491641 0.649013
v -0.466238 0.346652 0.791571
v -0.449528 0.329042 0.808564
v -0.476468 0.395909 0.755838
v -0.459930 0.379931 0.775704
v -0.476374 0.438806 0.718502
v -0.463988 0.422174 0.741982
v -0.446896 0.406765 0.763748
v -0.475894 0.477632 0.676036
v -0.462359 0.462223 0.702278
v -0.447868 0.446069 0.727551
v -0.459669 0.500416 0.660679
v -0.447639 0.485257 0.685735
v -0.445802 0.522241 0.643629
v -0.437692 0.357539 0.799248
v -0.419907 0.339988 0.815842
v -0.424877 0.384662 0.789823
v -0.407717 0.367534 0.806401
v -0.433326 0.430552 0.750885
v -0.416589 0.416043 0.771885
v -0.425689 0.471536 0.713334
v -0.417068 0.452322 0.738220
v -0.403194 0.438355 0.758885
v -0.424891 0.511054 0.670771
v -0.418646 0.493279 0.693756
v -0.417800 0.532431 0.650495
v -0.381400 0.342766 0.827761
v -0.365309 0.322889 0.842195
v -0.395245 0.394574 0.795870
v -0.377841 0.377203 0.811830
v -0.380136 0.419258 0.785218
v -0.365139 0.402318 0.802021
v -0.396771 0.480584 0.718723
v -0.381305 0.466678 0.740568
v -0.375413 0.444964 0.765090
v -0.396349 0.518639 0.678601
v -0.382968 0.502554 0.702181
v -0.367909 0.487524 0.724758
v -0.382369 0.541361 0.661602
v -0.368470 0.525356 0.685447
v -0.366863 0.562462 0.644262
v -0.345058 0.352046 0.833521
v -0.336107 0.328186 0.847450
v -0.340719 0.380654 0.821038
v -0.344816 0.429953 0.790847
v -0.336300 0.408850 0.807781
v -0.345298 0.472075 0.750736
v -0.340470 0.452565 0.772702
v -0.345633 0.510844 0.710720
v -0.338004 0.493000 0.732366
v -0.345285 0.550707 0.670415
v -0.338237 0.532563 0.692515
v -0.337131 0.571560 0.649751
v -0.402922 0.643376 0.194370
v -0.407297 0.647295 0.224345
v -0.409724 0.649577 0.260988
v -0.409901 0.649635 0.300139
v -0.363257 0.643005 0.114166
v -0.368853 0.647949 0.143675
v -0.377747 0.652769 0.180283
v -0.380418 0.660304 0.220153
v -0.382684 0.663845 0.259977
v -0.382639 0.664014 0.299993
v -0.328372 0.647166 0.071509
v -0.337672 0.652736 0.101685
v -0.340442 0.661325 0.139946
v -0.343462 0.669454 0.179604
v -0.352306 0.673961 0.219971
v -0.356350 0.676843 0.259929
v -0.356289 0.676848 0.299996
v -0.322703 0.681704 0.194686
v -0.326836 0.685602 0.224519
v -0.330153 0.687927 0.261035
v -0.329940 0.687677 0.300175
v -0.409283 0.648903 0.339848
v -0.408344 0.647923 0.378957
v -0.406314 0.646042 0.415516
v -0.402347 0.642123 0.445147
v -0.381447 0.662818 0.339984
v -0.379925 0.661124 0.379796
v -0.377917 0.658074 0.418912
v -0.375845 0.650814 0.456723
v -0.365296 0.644064 0.485593
v -0.353992 0.675341 0.339947
v -0.351147 0.673342 0.379625
v -0.347529 0.670470 0.418762
v -0.339887 0.665225 0.457926
v -0.336312 0.651934 0.495813
v -0.324348 0.643332 0.524422
v -0.327323 0.685901 0.339768
v -0.324720 0.683641 0.378392
v -0.322013 0.681329 0.413890
v -0.319145 0.678044 0.442599
v -0.299259 0.020058 0.899577
v -0.299666 0.060043 0.903997
v -0.299742 0.100107 0.905161
v -0.300076 0.140109 0.902353
v -0.299403 0.179881 0.898095
v -0.299193 0.219008 0.893025
v -0.315153 0.275068 0.876295
v -0.296992 0.256120 0.886533
v -0.301271 0.302696 0.868701
v -0.285048 0.282728 0.880994
v -0.259653 0.020092 0.908192
v -0.260086 0.060201 0.913010
v -0.237996 0.070772 0.918648
v -0.260706 0.100855 0.913903
v -0.238654 0.090932 0.919004
v -0.261091 0.140720 0.910546
v -0.260243 0.180180 0.906272
v -0.260011 0.219435 0.901239
v -0.259147 0.256705 0.894502
v -0.265045 0.312833 0.873695
v -0.256104 0.288429 0.885780
v -0.220043 0.017867 0.915020
v -0.203038 0.038491 0.919945
v -0.232205 0.046870 0.916924
v -0.213579 0.064513 0.921534
v -0.234393 0.115451 0.918045
v -0.214905 0.098403 0.921984
v -0.224497 0.144740 0.916842
v -0.205685 0.126407 0.921012
v -0.221012 0.181577 0.912878
v -0.220264 0.220397 0.907948
v -0.220090 0.259607 0.900691
v -0.235705 0.318100 0.878262
v -0.219918 0.297105 0.889676
v -0.184121 0.007737 0.917653
v -0.174721 0.032489 0.921696
v -0.177889 0.063962 0.924449
v -0.178748 0.100167 0.924912
v -0.195619 0.155961 0.919037
v -0.177187 0.136856 0.922626
v -0.181672 0.183506 0.917111
v -0.165018 0.163020 0.920733
v -0.180472 0.221088 0.912387
v -0.180164 0.259520 0.905642
v -0.179889 0.295595 0.895325
v -0.154915 0.002344 0.919148
v -0.138790 0.023505 0.922910
v -0.139572 0.060885 0.926615
v -0.139843 0.099549 0.927417
v -0.139232 0.136821 0.924994
v -0.145564 0.193280 0.918537
v -0.136177 0.168590 0.921922
v -0.141232 0.224237 0.914948
v -0.140250 0.260396 0.908822
v -0.140019 0.296398 0.898676
v -0.099208 0.023826 0.925256
v -0.099898 0.060767 0.928930
v -0.100025 0.100097 0.929735
v -0.100088 0.139520 0.927046
v -0.116414 0.198988 0.919717
v -0.100089 0.177616 0.923106
v -0.102161 0.224766 0.917513
v -0.086210 0.203849 0.921036
v -0.100601 0.261268 0.911535
v -0.100128 0.297903 0.901343
v -0.059658 0.021178 0.927138
v -0.059966 0.060131 0.931104
v -0.060020 0.099988 0.932014
v -0.060110 0.139593 0.929369
v -0.060110 0.177383 0.925493
v -0.066317 0.234375 0.918629
v -0.056976 0.209607 0.922143
v -0.061388 0.264825 0.913697
v -0.060270 0.300784 0.903457
v -0.019891 0.021139 0.928848
v -0.019996 0.060106 0.932841
v -0.020013 0.100055 0.933788
v -0.020064 0.140146 0.931140
v -0.020256 0.179969 0.927052
v -0.037126 0.239563 0.919676
v -0.020682 0.218240 0.922899
v -0.021398 0.263666 0.916436
v -0.011160 0.242020 0.920493
v -0.020261 0.300088 0.906205
v -0.307085 0.632260 0.013052
v -0.318274 0.640010 0.041634
v -0.278425 0.639762 0.001790
v -0.312988 0.592602 0.632899
v -0.312875 0.634007 0.552941
v -0.300738 0.625153 0.580868
v -0.295143 0.610094 0.615224
v -0.271474 0.632330 0.591397
v -0.258088 0.623862 0.618324
v -0.222821 0.629941 0.630676
v -0.193219 0.635561 0.635425
v -0.316035 0.358220 0.838686
v -0.299879 0.338250 0.852536
v -0.303816 0.384222 0.830108
v -0.286095 0.365737 0.843920
v -0.315444 0.437434 0.795619
v -0.300046 0.418246 0.813931
v -0.315394 0.478081 0.757718
v -0.301709 0.461140 0.780704
v -0.286463 0.443404 0.801552
v -0.315509 0.517784 0.717801
v -0.301115 0.501037 0.741032
v -0.286802 0.484268 0.764244
v -0.315267 0.557890 0.677658
v -0.301573 0.541512 0.701428
v -0.287114 0.524698 0.724607
v -0.300381 0.580222 0.660138
v -0.287303 0.564973 0.684848
v -0.284356 0.599497 0.641907
v -0.260510 0.342663 0.861284
v -0.273671 0.393442 0.834842
v -0.255962 0.375508 0.848069
v -0.259358 0.419482 0.826041
v -0.243563 0.400527 0.839936
v -0.263728 0.469160 0.788713
v -0.255727 0.448289 0.808751
v -0.263890 0.509795 0.749771
v -0.256094 0.491090 0.770907
v -0.264882 0.550717 0.710615
v -0.257013 0.531870 0.731745
v -0.264664 0.589799 0.669864
v -0.257948 0.572656 0.692440
v -0.255686 0.608112 0.648131
v -0.220784 0.342839 0.870338
v -0.205771 0.322040 0.881942
v -0.218630 0.375976 0.856160
v -0.220107 0.430235 0.830107
v -0.214592 0.405171 0.844115
v -0.233191 0.476262 0.793339
v -0.218243 0.458710 0.812054
v -0.233460 0.516258 0.756347
v -0.218174 0.498617 0.778072
v -0.204131 0.480602 0.798014
v -0.235011 0.557223 0.717541
v -0.219752 0.539474 0.739506
v -0.205356 0.521123 0.760871
v -0.235719 0.595453 0.677901
v -0.221327 0.580203 0.700741
v -0.206776 0.562240 0.722200
v -0.220010 0.613917 0.659746
v -0.206822 0.600831 0.682932
v -0.180316 0.350408 0.872827
v -0.175689 0.324885 0.884466
v -0.179697 0.380307 0.859998
v -0.184097 0.434749 0.834475
v -0.178659 0.410227 0.847197
v -0.178967 0.459016 0.819690
v -0.178355 0.503073 0.783395
v -0.174508 0.482312 0.802759
v -0.179253 0.544573 0.744807
v -0.175105 0.524382 0.764574
v -0.180235 0.586111 0.705984
v -0.175865 0.565978 0.726037
v -0.178994 0.625201 0.658468
v -0.176058 0.606944 0.684889
v -0.141270 0.354397 0.875038
v -0.139126 0.327590 0.886663
v -0.139975 0.384089 0.862532
v -0.154347 0.437423 0.836911
v -0.139196 0.417254 0.848503
v -0.139180 0.458425 0.826170
v -0.124150 0.439831 0.839254
v -0.139469 0.506469 0.787270
v -0.138475 0.484158 0.807002
v -0.139929 0.548604 0.748641
v -0.138773 0.527792 0.767906
v -0.141014 0.590314 0.710281
v -0.138962 0.569854 0.729611
v -0.139162 0.628389 0.665795
v -0.139008 0.610535 0.689546
v -0.105007 0.356832 0.877299
v -0.100262 0.330797 0.888657
v -0.100382 0.384275 0.866267
v -0.099262 0.415389 0.853395
v -0.099230 0.464845 0.827558
v -0.094640 0.442172 0.841718
v -0.099925 0.510263 0.790507
v -0.099665 0.488349 0.809741
v -0.101079 0.552740 0.751977
v -0.099969 0.531651 0.771155
v -0.104287 0.594059 0.713984
v -0.099854 0.574423 0.732847
v -0.101056 0.631854 0.671464
v -0.100024 0.613722 0.694526
v -0.075211 0.358920 0.879204
v -0.060113 0.337219 0.889508
v -0.060186 0.382252 0.870984
v -0.045396 0.360936 0.881108
v -0.059812 0.415559 0.857232
v -0.059782 0.469208 0.830239
v -0.058658 0.444786 0.844377
v -0.060081 0.514272 0.793570
v -0.059979 0.492329 0.812693
v -0.064683 0.557282 0.754686
v -0.060611 0.536255 0.773961
v -0.074153 0.597053 0.716922
v -0.059639 0.580724 0.734777
v -0.065446 0.634749 0.676797
v -0.060094 0.615542 0.700994
v -0.045125 0.599906 0.719597
v -0.019817 0.334717 0.893282
v -0.019851 0.387997 0.871628
v -0.016409 0.362496 0.882437
v -0.019995 0.418358 0.859117
v -0.020007 0.472419 0.832483
v -0.019826 0.447474 0.846299
v -0.020119 0.518083 0.795485
v -0.020044 0.495531 0.814945
v -0.035218 0.559100 0.758188
v -0.020690 0.542253 0.774627
v -0.020241 0.577666 0.743563
v -0.010952 0.560573 0.760223
v -0.036399 0.637903 0.679259
v -0.020828 0.624242 0.698274
v -0.016653 0.601908 0.721739
v -0.289377 0.648228 0.030868
v -0.300230 0.655905 0.060216
v -0.302647 0.667993 0.098967
v -0.311727 0.673382 0.135443
v -0.317777 0.677453 0.164989
v -0.282301 0.680931 0.115486
v -0.287490 0.685316 0.144598
v -0.296996 0.688990 0.180803
v -0.296543 0.696456 0.220599
v -0.299690 0.699698 0.260209
v -0.299593 0.699673 0.300136
v -0.260390 0.655604 0.019781
v -0.264607 0.669156 0.055767
v -0.274922 0.675559 0.085508
v -0.246075 0.683370 0.074124
v -0.256024 0.688580 0.103631
v -0.256721 0.696677 0.141329
v -0.262188 0.702103 0.180303
v -0.261691 0.709641 0.220801
v -0.268492 0.711770 0.260782
v -0.268697 0.712005 0.300316
v -0.240287 0.720159 0.235840
v -0.242727 0.722456 0.264402
v -0.243076 0.722759 0.296988
v -0.224137 0.668691 0.015913
v -0.235618 0.676238 0.044596
v -0.205932 0.683375 0.034214
v -0.217220 0.690568 0.062920
v -0.220415 0.701343 0.100102
v -0.222026 0.710056 0.139262
v -0.231433 0.713337 0.176252
v -0.236424 0.716788 0.206201
v -0.201985 0.720606 0.155759
v -0.207007 0.723946 0.185217
v -0.215540 0.726974 0.221855
v -0.214490 0.732156 0.261003
v -0.214994 0.732712 0.300233
v -0.194491 0.675373 0.005153
v -0.176745 0.689339 0.023825
v -0.180480 0.701995 0.059299
v -0.185070 0.713019 0.094923
v -0.195200 0.716818 0.124667
v -0.166851 0.722855 0.113403
v -0.176294 0.726197 0.142996
v -0.176128 0.732215 0.181186
v -0.178923 0.737318 0.220414
v -0.179193 0.742132 0.260105
v -0.179658 0.742708 0.300096
v -0.139381 0.698246 0.022294
v -0.142153 0.711467 0.056738
v -0.156398 0.717672 0.083689
v -0.125817 0.721816 0.076620
v -0.138140 0.726957 0.102758
v -0.139374 0.733759 0.140513
v -0.139437 0.739789 0.180003
v -0.140306 0.745294 0.219841
v -0.141056 0.749792 0.259720
v -0.142307 0.750163 0.299776
v -0.100495 0.703496 0.016866
v -0.105147 0.714720 0.047172
v -0.096170 0.725247 0.071635
v -0.099560 0.733605 0.103118
v -0.100060 0.740772 0.140459
v -0.100959 0.746409 0.179642
v -0.101868 0.751645 0.218886
v -0.103440 0.756098 0.258693
v -0.107997 0.756002 0.298905
v -0.081715 0.760815 0.272699
v -0.082421 0.760959 0.298521
v -0.060105 0.710685 0.017486
v -0.075074 0.718003 0.042387
v -0.045153 0.721297 0.038532
v -0.059206 0.728361 0.063455
v -0.059918 0.739346 0.100739
v -0.060286 0.747380 0.139881
v -0.064342 0.752348 0.178012
v -0.065870 0.756968 0.214642
v -0.076201 0.759028 0.243957
v -0.046730 0.762075 0.232465
v -0.056410 0.763788 0.261778
v -0.054248 0.764814 0.298478
v -0.019841 0.713035 0.010467
v -0.016360 0.723694 0.035888
v -0.019610 0.733774 0.064942
v -0.019977 0.744752 0.101368
v -0.020257 0.753597 0.141430
v -0.033240 0.757114 0.175156
v -0.039478 0.759603 0.202908
v -0.008913 0.758832 0.162071
v -0.012212 0.761389 0.186402
v -0.018753 0.763995 0.219755
v -0.019449 0.767661 0.259458
v -0.018941 0.768811 0.299160
v -0.312382 0.672443 0.471837
v -0.301237 0.665493 0.500963
v -0.295093 0.650734 0.535527
v -0.283191 0.641668 0.563309
v -0.296600 0.697812 0.340099
v -0.295677 0.694468 0.379572
v -0.294306 0.691060 0.417850
v -0.293943 0.685540 0.454552
v -0.283687 0.680768 0.483486
v -0.272328 0.672815 0.512717
v -0.258579 0.664556 0.540523
v -0.254400 0.648538 0.574134
v -0.242494 0.639652 0.600050
v -0.262702 0.711281 0.340703
v -0.264066 0.706591 0.380708
v -0.262282 0.702849 0.419819
v -0.258811 0.697895 0.458350
v -0.255294 0.688289 0.494792
v -0.243632 0.680604 0.521517
v -0.241412 0.721257 0.325967
v -0.223835 0.672396 0.551505
v -0.218435 0.659080 0.579162
v -0.214023 0.645480 0.607242
v -0.239059 0.719098 0.355785
v -0.236200 0.716889 0.385381
v -0.231618 0.714174 0.421341
v -0.222636 0.711002 0.460255
v -0.219128 0.700395 0.496904
v -0.215500 0.687466 0.527935
v -0.217369 0.728646 0.340487
v -0.210419 0.726460 0.379634
v -0.206037 0.723470 0.415556
v -0.202069 0.720434 0.444675
v -0.194913 0.677874 0.557695
v -0.180071 0.667899 0.582393
v -0.177763 0.650072 0.615896
v -0.194658 0.715664 0.474573
v -0.181349 0.709066 0.502569
v -0.179714 0.692377 0.537367
v -0.165579 0.682199 0.561908
v -0.179625 0.739005 0.340114
v -0.177272 0.734673 0.379893
v -0.175693 0.729888 0.418871
v -0.176075 0.724402 0.456107
v -0.164869 0.719990 0.482588
v -0.140924 0.671396 0.589994
v -0.138892 0.656544 0.617697
v -0.144386 0.712691 0.511370
v -0.139809 0.699669 0.538938
v -0.135605 0.685871 0.565641
v -0.140136 0.746795 0.339680
v -0.139340 0.741556 0.379716
v -0.139027 0.736022 0.419158
v -0.138791 0.730285 0.456273
v -0.135380 0.723569 0.487574
v -0.104970 0.675472 0.594628
v -0.100318 0.661954 0.620565
v -0.114276 0.715863 0.516321
v -0.099345 0.706867 0.540088
v -0.099315 0.690303 0.569941
v -0.100910 0.753748 0.338675
v -0.099956 0.748157 0.379406
v -0.099710 0.742217 0.419630
v -0.099611 0.735654 0.458917
v -0.098453 0.726742 0.495908
v -0.084093 0.719546 0.520423
v -0.079116 0.759431 0.323958
v -0.075404 0.678710 0.598656
v -0.060580 0.668475 0.621622
v -0.059422 0.709093 0.549469
v -0.060203 0.692313 0.579282
v -0.045805 0.682024 0.602035
v -0.072473 0.756825 0.351995
v -0.061843 0.754230 0.381583
v -0.059924 0.748575 0.419948
v -0.059823 0.741889 0.458913
v -0.059068 0.733234 0.494944
v -0.054742 0.723061 0.524067
v -0.053458 0.762296 0.334243
v -0.043363 0.760059 0.362392
v -0.020239 0.669308 0.629934
v -0.019888 0.712742 0.552770
v -0.019900 0.697739 0.579588
v -0.016656 0.684188 0.604882
v -0.033150 0.757052 0.392680
v -0.020187 0.754025 0.420545
v -0.019986 0.746843 0.459220
v -0.019817 0.737814 0.495848
v -0.018938 0.726373 0.526673
v -0.018293 0.766065 0.337372
v -0.016580 0.762048 0.373064
v -0.010046 0.759270 0.398044
v -0.163590 0.639764 0.639527
v -0.134279 0.643211 0.643156
v -0.098935 0.647199 0.647355
v -0.060975 0.651284 0.651877
v -0.021341 0.652082 0.660346
v -0.011328 0.639883 0.680810
v 0.019789 -0.726057 -0.730478
v 0.019858 -0.732533 -0.697440
v 0.019911 -0.735631 -0.659540
v 0.038964 -0.676459 -0.884460
v 0.039763 -0.678682 -0.866606
v 0.019937 -0.695545 -0.775585
v 0.020009 -0.714393 -0.755618
v 0.019869 -0.645821 -0.922965
v 0.020840 -0.666247 -0.895664
v 0.017971 -0.670401 -0.859586
v 0.016362 -0.667959 -0.824497
v 0.015849 -0.676339 -0.795240
v 0.058484 -0.724936 -0.730201
v 0.058816 -0.730666 -0.697205
v 0.059162 -0.733540 -0.659477
v 0.061781 -0.678619 -0.882310
v 0.064043 -0.683875 -0.856068
v 0.069087 -0.688322 -0.820195
v 0.060129 -0.696830 -0.784272
v 0.059926 -0.714275 -0.756902
v 0.058782 -0.644110 -0.923206
v 0.060248 -0.664374 -0.901635
v 0.042194 -0.675452 -0.846596
v 0.044888 -0.674876 -0.821413
v 0.042328 -0.680608 -0.797619
v 0.093576 -0.723127 -0.728053
v 0.094648 -0.727120 -0.696283
v 0.095867 -0.729378 -0.659237
v 0.087529 -0.678036 -0.880276
v 0.100678 -0.686344 -0.857016
v 0.102274 -0.695420 -0.820391
v 0.100365 -0.704502 -0.784535
v 0.099540 -0.715338 -0.753707
v 0.094982 -0.642439 -0.920414
v 0.100101 -0.663486 -0.897982
v 0.115444 -0.674927 -0.876979
v 0.120337 -0.719931 -0.722649
v 0.124475 -0.722045 -0.694591
v 0.127211 -0.723511 -0.658747
v 0.135070 -0.684853 -0.848166
v 0.137293 -0.694380 -0.816625
v 0.139893 -0.702839 -0.780507
v 0.138900 -0.711964 -0.741056
v 0.149760 -0.714009 -0.700237
v 0.153780 -0.715591 -0.660061
v 0.124248 -0.638325 -0.918145
v 0.138926 -0.653537 -0.898740
v 0.144088 -0.670824 -0.871630
v 0.161756 -0.679705 -0.841464
v 0.168643 -0.686065 -0.815286
v 0.177845 -0.691517 -0.780765
v 0.176365 -0.699221 -0.740645
v 0.179983 -0.702408 -0.700286
v 0.181883 -0.704074 -0.660075
v 0.175526 -0.649219 -0.888229
v 0.179245 -0.665714 -0.857782
v 0.192075 -0.673631 -0.824652
v 0.198484 -0.679109 -0.796549
v 0.203078 -0.683565 -0.766876
v 0.206329 -0.686761 -0.736491
v 0.209108 -0.688854 -0.699299
v 0.210279 -0.689956 -0.659907
v 0.205006 -0.640476 -0.882888
v 0.215586 -0.650503 -0.856078
v 0.219862 -0.661669 -0.820073
v 0.222345 -0.670555 -0.781679
v 0.230330 -0.672458 -0.740766
v 0.233793 -0.674044 -0.700286
v 0.234787 -0.674640 -0.660062
v 0.240973 -0.641341 -0.843964
v 0.246309 -0.647477 -0.815398
v 0.250128 -0.652723 -0.779397
v 0.254260 -0.654887 -0.740121
v 0.255966 -0.655988 -0.700072
v 0.256062 -0.656029 -0.660004
v 0.015557 -0.763774 -0.322517
v 0.019946 -0.737825 -0.619949
v 0.019974 -0.739892 -0.580000
v 0.019991 -0.741740 -0.540004
v 0.019992 -0.743286 -0.500007
v 0.019982 -0.744452 -0.460050
v 0.019951 -0.745373 -0.420381
v 0.019803 -0.747400 -0.382044
v 0.019212 -0.753131 -0.347783
v 0.042925 -0.761454 -0.320247
v 0.059407 -0.735609 -0.619941
v 0.059598 -0.737520 -0.579999
v 0.059703 -0.739201 -0.540003
v 0.059698 -0.740585 -0.500001
v 0.059623 -0.741626 -0.459977
v 0.059478 -0.742469 -0.419901
v 0.059082 -0.744445 -0.379930
v 0.058192 -0.750298 -0.340823
v 0.096777 -0.731064 -0.619906
v 0.097464 -0.732545 -0.579998
v 0.097814 -0.733791 -0.540003
v 0.097770 -0.734776 -0.500001
v 0.097478 -0.735480 -0.459994
v 0.097063 -0.735975 -0.419946
v 0.096539 -0.737104 -0.379824
v 0.096156 -0.740775 -0.339860
v 0.129173 -0.724671 -0.619815
v 0.130615 -0.725631 -0.579993
v 0.131327 -0.726333 -0.540004
v 0.131210 -0.726744 -0.499999
v 0.130565 -0.726878 -0.459996
v 0.129725 -0.726752 -0.419985
v 0.128914 -0.726704 -0.379951
v 0.127932 -0.727922 -0.339960
v 0.155934 -0.716713 -0.620025
v 0.157397 -0.717501 -0.580013
v 0.158072 -0.717845 -0.540004
v 0.157863 -0.717656 -0.499993
v 0.157098 -0.716938 -0.459973
v 0.156255 -0.715549 -0.419927
v 0.155663 -0.713472 -0.379850
v 0.153316 -0.712921 -0.339921
v 0.182715 -0.704958 -0.620013
v 0.183038 -0.705376 -0.580002
v 0.182903 -0.705272 -0.539995
v 0.182334 -0.704563 -0.499981
v 0.181507 -0.703038 -0.459969
v 0.180897 -0.700094 -0.419978
v 0.181536 -0.694923 -0.379363
v 0.175804 -0.694190 -0.339287
v 0.197487 -0.676919 -0.364352
v 0.194392 -0.673142 -0.334964
v 0.210254 -0.690252 -0.619990
v 0.209596 -0.690005 -0.579995
v 0.208549 -0.689234 -0.540003
v 0.207258 -0.687917 -0.500107
v 0.205756 -0.685793 -0.460821
v 0.204244 -0.682281 -0.423883
v 0.200862 -0.680027 -0.393838
v 0.234314 -0.674177 -0.619997
v 0.233081 -0.672932 -0.579987
v 0.231374 -0.670986 -0.539988
v 0.229376 -0.668395 -0.499955
v 0.226962 -0.665159 -0.459792
v 0.225036 -0.659103 -0.418972
v 0.215093 -0.660065 -0.378838
v 0.211641 -0.650270 -0.340479
v 0.255131 -0.654961 -0.619992
v 0.253622 -0.652960 -0.580052
v 0.251607 -0.649889 -0.540356
v 0.249265 -0.645811 -0.501271
v 0.245362 -0.643463 -0.464184
v 0.241189 -0.641073 -0.433845
v 0.018828 -0.806537 -0.249850
v 0.019394 -0.812127 -0.217813
v 0.020096 -0.806452 -0.182794
v 0.030019 -0.795245 -0.160236
v 0.018412 -0.777530 -0.299352
v 0.019361 -0.793666 -0.275560
v 0.006290 -0.792764 -0.162168
v 0.020820 -0.778779 -0.140709
v 0.033766 -0.767294 -0.117389
v 0.011086 -0.764405 -0.120296
v 0.020258 -0.756934 -0.095797
v 0.020011 -0.752969 -0.058661
v 0.020016 -0.751340 -0.019743
v 0.053742 -0.803666 -0.247078
v 0.055580 -0.809543 -0.216656
v 0.057333 -0.805611 -0.182938
v 0.051314 -0.796654 -0.160336
v 0.054539 -0.771025 -0.297697
v 0.056852 -0.788141 -0.271043
v 0.074594 -0.792288 -0.166296
v 0.061268 -0.782604 -0.142023
v 0.060953 -0.768385 -0.114990
v 0.071899 -0.755786 -0.313086
v 0.060806 -0.758230 -0.089902
v 0.060166 -0.755392 -0.056612
v 0.060004 -0.754316 -0.019202
v 0.079356 -0.796593 -0.242610
v 0.084996 -0.800206 -0.218508
v 0.082811 -0.799410 -0.192400
v 0.082680 -0.766570 -0.285215
v 0.090902 -0.778498 -0.257326
v 0.105973 -0.779332 -0.220398
v 0.100068 -0.783203 -0.179259
v 0.097535 -0.772428 -0.142164
v 0.087563 -0.765957 -0.116574
v 0.100116 -0.748659 -0.300744
v 0.111335 -0.755450 -0.265294
v 0.118778 -0.759210 -0.236304
v 0.114328 -0.758719 -0.123902
v 0.101649 -0.757617 -0.095582
v 0.100442 -0.756531 -0.058425
v 0.100064 -0.756305 -0.019659
v 0.122377 -0.761887 -0.207435
v 0.122521 -0.762400 -0.179580
v 0.120485 -0.761056 -0.152576
v 0.129027 -0.731239 -0.300256
v 0.133178 -0.735646 -0.261119
v 0.135584 -0.741742 -0.221077
v 0.142579 -0.738777 -0.178872
v 0.138687 -0.746362 -0.138017
v 0.140445 -0.749225 -0.098786
v 0.140481 -0.753217 -0.059702
v 0.140196 -0.755109 -0.019970
v 0.152453 -0.712967 -0.300158
v 0.153285 -0.713966 -0.261057
v 0.154135 -0.716742 -0.224149
v 0.156864 -0.717973 -0.193573
v 0.160773 -0.720967 -0.164177
v 0.166601 -0.726243 -0.135173
v 0.177856 -0.733638 -0.099663
v 0.180079 -0.743669 -0.060158
v 0.180294 -0.749194 -0.020167
v 0.172834 -0.691958 -0.299826
v 0.171650 -0.689761 -0.260004
v 0.170976 -0.692069 -0.219988
v 0.173706 -0.698381 -0.179893
v 0.188110 -0.701363 -0.143997
v 0.197167 -0.712976 -0.115513
v 0.190723 -0.668038 -0.299298
v 0.189016 -0.660603 -0.260493
v 0.186607 -0.663115 -0.221318
v 0.192402 -0.665655 -0.184363
v 0.201005 -0.676587 -0.156804
v 0.207620 -0.723465 -0.087832
v 0.218346 -0.730905 -0.058318
v 0.219677 -0.739133 -0.019880
v 0.212671 -0.689233 -0.129681
v 0.225459 -0.702759 -0.103212
v 0.236776 -0.714809 -0.076044
v 0.205837 -0.644676 -0.304924
v 0.201132 -0.640691 -0.275525
v 0.212333 -0.648595 -0.169207
v 0.225118 -0.662909 -0.143160
v 0.237253 -0.678832 -0.118932
v 0.246843 -0.723624 -0.046703
v 0.257418 -0.728558 -0.017748
v 0.258337 -0.692435 -0.090307
v 0.264747 -0.708905 -0.062736
v 0.276026 -0.716339 -0.035722
v 0.256916 -0.648611 -0.130548
v 0.264269 -0.669463 -0.109357
v 0.286221 -0.722806 -0.006318
v 0.285953 -0.681881 -0.082901
v 0.300046 -0.693946 -0.057805
v 0.304165 -0.710034 -0.023984
v 0.284080 -0.641389 -0.119403
v 0.298945 -0.658196 -0.098536
v 0.313254 -0.672990 -0.075158
v 0.019742 -0.570906 -0.963698
v 0.019717 -0.541819 -0.965945
v 0.019709 -0.513605 -0.962309
v 0.058119 -0.568978 -0.962485
v 0.057984 -0.541482 -0.964551
v 0.058010 -0.514742 -0.961252
v 0.092415 -0.565809 -0.960407
v 0.092134 -0.540944 -0.962309
v 0.092224 -0.516632 -0.959556
v 0.118416 -0.562453 -0.957510
v 0.119987 -0.540453 -0.959301
v 0.118182 -0.518924 -0.957313
v 0.019966 -0.621239 -0.942309
v 0.019975 -0.596548 -0.956271
v 0.019950 -0.488389 -0.952107
v 0.019997 -0.463924 -0.936062
v 0.020003 -0.442511 -0.917608
v 0.020003 -0.424867 -0.895597
v 0.019978 -0.408689 -0.870745
v 0.019800 -0.395716 -0.845228
v 0.019992 -0.383746 -0.815960
v 0.020091 -0.372216 -0.783208
v 0.020157 -0.363353 -0.752051
v 0.016525 -0.357096 -0.726208
v 0.019336 -0.351309 -0.695984
v 0.019926 -0.344197 -0.659137
v 0.059692 -0.619734 -0.940936
v 0.059677 -0.594197 -0.954834
v 0.059614 -0.489998 -0.951290
v 0.059944 -0.464928 -0.935450
v 0.059997 -0.443215 -0.916918
v 0.059977 -0.425762 -0.894465
v 0.059780 -0.409827 -0.869039
v 0.058622 -0.397094 -0.843748
v 0.059795 -0.385849 -0.814679
v 0.060172 -0.374477 -0.780137
v 0.060790 -0.364842 -0.743661
v 0.075363 -0.361213 -0.716050
v 0.045162 -0.358630 -0.722747
v 0.057266 -0.354984 -0.696680
v 0.059090 -0.348510 -0.659242
v 0.098842 -0.617594 -0.937648
v 0.098753 -0.589472 -0.952186
v 0.098696 -0.493570 -0.950140
v 0.099763 -0.466779 -0.934602
v 0.099970 -0.444255 -0.915939
v 0.099891 -0.426954 -0.892693
v 0.099296 -0.411180 -0.866114
v 0.094581 -0.399032 -0.841868
v 0.099156 -0.389399 -0.814237
v 0.100021 -0.378951 -0.779246
v 0.100807 -0.370027 -0.741552
v 0.104352 -0.363953 -0.704644
v 0.115040 -0.361538 -0.674978
v 0.085878 -0.357604 -0.685891
v 0.095991 -0.354632 -0.656614
v 0.138150 -0.615764 -0.931915
v 0.153760 -0.634068 -0.914232
v 0.137891 -0.578777 -0.949135
v 0.145454 -0.540530 -0.953425
v 0.137860 -0.503221 -0.949601
v 0.139532 -0.469973 -0.933761
v 0.139932 -0.445539 -0.914753
v 0.139822 -0.427881 -0.890246
v 0.139452 -0.411207 -0.860285
v 0.154626 -0.402515 -0.837536
v 0.124022 -0.400963 -0.840031
v 0.138630 -0.394131 -0.816527
v 0.139689 -0.384312 -0.779360
v 0.140090 -0.375977 -0.740295
v 0.141137 -0.370051 -0.700736
v 0.142845 -0.365518 -0.660855
v 0.122322 -0.358531 -0.644171
v 0.175841 -0.608330 -0.927894
v 0.183874 -0.629116 -0.908684
v 0.179033 -0.577136 -0.941331
v 0.181441 -0.540178 -0.947385
v 0.179221 -0.502978 -0.944058
v 0.179545 -0.470817 -0.931069
v 0.179829 -0.447128 -0.913068
v 0.179713 -0.429910 -0.889508
v 0.180049 -0.414744 -0.861074
v 0.184612 -0.403816 -0.833403
v 0.175518 -0.395948 -0.809067
v 0.178632 -0.389261 -0.776843
v 0.178784 -0.382568 -0.739412
v 0.179019 -0.377781 -0.700009
v 0.179652 -0.374855 -0.660096
v 0.206040 -0.603630 -0.920871
v 0.220847 -0.619846 -0.899927
v 0.232533 -0.631752 -0.872704
v 0.218154 -0.577737 -0.931111
v 0.235081 -0.595127 -0.913746
v 0.220023 -0.540728 -0.939076
v 0.218680 -0.503935 -0.937980
v 0.218148 -0.472849 -0.927448
v 0.218865 -0.449989 -0.910113
v 0.218389 -0.432142 -0.887263
v 0.219136 -0.417517 -0.857531
v 0.220817 -0.406151 -0.823314
v 0.233111 -0.403527 -0.794381
v 0.204594 -0.398594 -0.803092
v 0.215219 -0.395610 -0.775703
v 0.213987 -0.390567 -0.738560
v 0.214012 -0.387690 -0.699735
v 0.213987 -0.386791 -0.660175
v 0.254091 -0.607562 -0.887697
v 0.258042 -0.623498 -0.856844
v 0.267907 -0.628965 -0.819018
v 0.273019 -0.633005 -0.779934
v 0.275504 -0.634958 -0.740084
v 0.275826 -0.635723 -0.700029
v 0.275060 -0.635172 -0.659991
v 0.246852 -0.567402 -0.924238
v 0.262101 -0.582130 -0.907076
v 0.257051 -0.539544 -0.928299
v 0.275093 -0.555072 -0.911958
v 0.254034 -0.505273 -0.929404
v 0.252128 -0.476477 -0.921815
v 0.255306 -0.455689 -0.904652
v 0.278180 -0.441264 -0.643507
v 0.253007 -0.436476 -0.884306
v 0.255207 -0.424066 -0.855143
v 0.256642 -0.415784 -0.819358
v 0.258564 -0.411307 -0.779767
v 0.263792 -0.413217 -0.739320
v 0.264517 -0.415926 -0.699281
v 0.264843 -0.421444 -0.658589
v 0.239522 -0.401073 -0.763690
v 0.241453 -0.399526 -0.734618
v 0.242137 -0.399430 -0.698699
v 0.241944 -0.401028 -0.660751
v 0.275855 -0.596361 -0.877763
v 0.282155 -0.603451 -0.852891
v 0.288754 -0.607223 -0.818339
v 0.292792 -0.608891 -0.779816
v 0.293892 -0.609419 -0.740226
v 0.292519 -0.610377 -0.700145
v 0.290509 -0.609915 -0.660049
v 0.286167 -0.573932 -0.886989
v 0.298314 -0.578315 -0.855771
v 0.305245 -0.581081 -0.819286
v 0.309895 -0.579110 -0.780354
v 0.310272 -0.575586 -0.740684
v 0.306646 -0.577391 -0.700220
v 0.303261 -0.577440 -0.660073
v 0.280952 -0.528640 -0.915877
v 0.297919 -0.540439 -0.895065
v 0.310097 -0.551136 -0.859605
v 0.315771 -0.556296 -0.824591
v 0.317056 -0.558587 -0.795774
v 0.316112 -0.538498 -0.731817
v 0.312647 -0.539445 -0.697538
v 0.308516 -0.539398 -0.659401
v 0.281214 -0.503134 -0.916565
v 0.300967 -0.501554 -0.894537
v 0.310390 -0.488291 -0.870806
v 0.315849 -0.487294 -0.765816
v 0.315005 -0.499653 -0.736914
v 0.309864 -0.500289 -0.698718
v 0.304395 -0.499772 -0.659377
v 0.276145 -0.480300 -0.912670
v 0.287451 -0.467470 -0.892494
v 0.304040 -0.463802 -0.857971
v 0.306446 -0.458095 -0.819578
v 0.307847 -0.461892 -0.780117
v 0.303862 -0.463662 -0.739652
v 0.298914 -0.464168 -0.699434
v 0.292229 -0.461884 -0.658527
v 0.278001 -0.445205 -0.879499
v 0.284630 -0.438343 -0.853777
v 0.286401 -0.433293 -0.818666
v 0.286880 -0.432759 -0.779955
v 0.286329 -0.434093 -0.740690
v 0.284013 -0.436127 -0.703590
v 0.281097 -0.438594 -0.673117
v 0.019982 -0.336423 -0.619876
v 0.020415 -0.327299 -0.581598
v 0.034997 -0.321124 -0.557674
v 0.059386 -0.341255 -0.620496
v 0.060403 -0.333194 -0.583537
v 0.064220 -0.324425 -0.552755
v 0.096515 -0.348274 -0.618839
v 0.099359 -0.341134 -0.580470
v 0.099963 -0.330321 -0.542979
v 0.113244 -0.323458 -0.514983
v 0.152674 -0.363710 -0.624353
v 0.157787 -0.361833 -0.594655
v 0.128088 -0.355695 -0.615155
v 0.136564 -0.352193 -0.578855
v 0.135753 -0.342477 -0.540209
v 0.141009 -0.331452 -0.503277
v 0.153804 -0.324500 -0.473620
v 0.182662 -0.372987 -0.620423
v 0.182675 -0.369979 -0.580026
v 0.188779 -0.368696 -0.540360
v 0.192964 -0.365327 -0.503657
v 0.195860 -0.361226 -0.473182
v 0.161368 -0.359037 -0.564507
v 0.164578 -0.354633 -0.534879
v 0.170304 -0.347820 -0.498870
v 0.179799 -0.340003 -0.459392
v 0.189171 -0.328483 -0.424950
v 0.198345 -0.321269 -0.399429
v 0.236833 -0.637176 -0.404252
v 0.231936 -0.632421 -0.375248
v 0.227780 -0.620090 -0.339844
v 0.234494 -0.592378 -0.327174
v 0.236410 -0.403156 -0.565786
v 0.235713 -0.404096 -0.535563
v 0.234681 -0.404978 -0.498782
v 0.233363 -0.404528 -0.459502
v 0.234168 -0.405694 -0.420055
v 0.235199 -0.405866 -0.381727
v 0.237409 -0.404413 -0.347167
v 0.214530 -0.386582 -0.620777
v 0.217147 -0.387857 -0.580639
v 0.214784 -0.385615 -0.539813
v 0.214780 -0.383446 -0.499511
v 0.213792 -0.378379 -0.458550
v 0.219478 -0.378637 -0.419125
v 0.224332 -0.375227 -0.381449
v 0.231553 -0.374346 -0.346798
v 0.199596 -0.357070 -0.444160
v 0.205633 -0.351189 -0.415531
v 0.212729 -0.338348 -0.381132
v 0.226776 -0.338290 -0.345999
v 0.273522 -0.633398 -0.620039
v 0.271487 -0.630475 -0.580368
v 0.269009 -0.625831 -0.541189
v 0.267025 -0.617664 -0.501289
v 0.260235 -0.615497 -0.460079
v 0.251198 -0.617027 -0.419897
v 0.245853 -0.608280 -0.384278
v 0.240471 -0.601450 -0.356292
v 0.275215 -0.592123 -0.486237
v 0.272798 -0.579909 -0.456014
v 0.263773 -0.579749 -0.418503
v 0.255217 -0.576454 -0.381358
v 0.245619 -0.574698 -0.345547
v 0.276051 -0.540003 -0.449374
v 0.268854 -0.540143 -0.416430
v 0.260081 -0.539313 -0.380167
v 0.250494 -0.538177 -0.344417
v 0.276258 -0.486738 -0.485403
v 0.274163 -0.500016 -0.456631
v 0.266912 -0.500574 -0.418823
v 0.258894 -0.500672 -0.379926
v 0.250555 -0.500136 -0.340649
v 0.275644 -0.443240 -0.614293
v 0.272123 -0.445825 -0.578720
v 0.270082 -0.451466 -0.539982
v 0.268973 -0.460117 -0.499643
v 0.263842 -0.462882 -0.459492
v 0.258527 -0.463707 -0.419837
v 0.253047 -0.464157 -0.380050
v 0.248367 -0.463078 -0.340233
v 0.259170 -0.420682 -0.619518
v 0.253537 -0.419512 -0.580415
v 0.253391 -0.425508 -0.539967
v 0.252108 -0.429783 -0.499922
v 0.249319 -0.431137 -0.459915
v 0.246809 -0.432296 -0.420018
v 0.244629 -0.432887 -0.380304
v 0.244035 -0.430176 -0.340999
v 0.239887 -0.401301 -0.625050
v 0.237887 -0.401954 -0.595569
v 0.287935 -0.608364 -0.620248
v 0.284992 -0.605945 -0.581577
v 0.281745 -0.602645 -0.546166
v 0.278444 -0.599165 -0.517601
v 0.299345 -0.576798 -0.620070
v 0.294886 -0.575745 -0.580495
v 0.289850 -0.574524 -0.542107
v 0.284087 -0.574951 -0.505400
v 0.280930 -0.566066 -0.477774
v 0.303816 -0.539721 -0.619892
v 0.298568 -0.539855 -0.580138
v 0.292902 -0.539856 -0.541090
v 0.287004 -0.539864 -0.504669
v 0.282416 -0.540064 -0.474751
v 0.299761 -0.501960 -0.619755
v 0.294758 -0.503603 -0.580171
v 0.289542 -0.504916 -0.541279
v 0.283886 -0.504571 -0.504146
v 0.280853 -0.514221 -0.477764
v 0.289571 -0.468387 -0.618979
v 0.285947 -0.472017 -0.580779
v 0.282583 -0.475749 -0.544833
v 0.279440 -0.479443 -0.515647
v 0.197903 -0.637552 -0.247354
v 0.197819 -0.636716 -0.220710
v 0.202617 -0.639594 -0.194602
v 0.218208 -0.615448 -0.300807
v 0.208752 -0.616192 -0.260929
v 0.210315 -0.611953 -0.220943
v 0.220641 -0.618945 -0.182667
v 0.234909 -0.633837 -0.156672
v 0.229574 -0.579565 -0.298303
v 0.220552 -0.579709 -0.260600
v 0.220472 -0.578651 -0.223666
v 0.231194 -0.581018 -0.191851
v 0.234629 -0.544510 -0.288912
v 0.228895 -0.543906 -0.257914
v 0.229531 -0.544548 -0.224993
v 0.239975 -0.546761 -0.196620
v 0.237867 -0.517276 -0.282640
v 0.235803 -0.513021 -0.256310
v 0.237847 -0.514539 -0.226140
v 0.245222 -0.520543 -0.202574
v 0.240703 -0.400429 -0.321061
v 0.239725 -0.374196 -0.318635
v 0.239032 -0.342285 -0.318997
v 0.243937 -0.605115 -0.166311
v 0.261745 -0.617861 -0.146089
v 0.239964 -0.563360 -0.318940
v 0.252520 -0.576390 -0.171422
v 0.273329 -0.584133 -0.153950
v 0.242719 -0.534400 -0.313058
v 0.262037 -0.541125 -0.176172
v 0.279059 -0.555773 -0.160149
v 0.243844 -0.498215 -0.300447
v 0.243861 -0.487408 -0.260690
v 0.250438 -0.489222 -0.223188
v 0.262572 -0.504252 -0.190840
v 0.246562 -0.458939 -0.300375
v 0.251734 -0.455647 -0.260629
v 0.264508 -0.457521 -0.222702
v 0.274791 -0.473784 -0.196037
v 0.246988 -0.418859 -0.302069
v 0.258439 -0.419386 -0.264036
v 0.272464 -0.423558 -0.233015
v 0.251399 -0.379192 -0.293412
v 0.267920 -0.380564 -0.261874
v 0.280133 -0.394678 -0.237630
v 0.253243 -0.339418 -0.295571
v 0.270393 -0.340683 -0.269820
v 0.295723 -0.614879 -0.129133
v 0.312139 -0.631753 -0.110848
v 0.302283 -0.579299 -0.140968
v 0.283558 -0.525918 -0.165286
v 0.302994 -0.541267 -0.151262
v 0.288323 -0.496458 -0.171422
v 0.311723 -0.504514 -0.154875
v 0.285041 -0.444923 -0.203543
v 0.299590 -0.459535 -0.179628
v 0.317259 -0.474932 -0.160680
v 0.292069 -0.416114 -0.211499
v 0.310850 -0.423026 -0.188926
v 0.285436 -0.365959 -0.242750
v 0.299992 -0.379699 -0.219859
v 0.316091 -0.393715 -0.197818
v 0.288697 -0.335539 -0.248144
v 0.306726 -0.340097 -0.226497
v 0.010567 -0.319215 -0.559969
v 0.019595 -0.311359 -0.537942
v 0.019679 -0.294239 -0.507916
v 0.016539 -0.274659 -0.485373
v 0.019947 -0.251235 -0.466596
v 0.020596 -0.219847 -0.450159
v 0.036782 -0.199789 -0.440981
v 0.011207 -0.196750 -0.443361
v 0.021368 -0.175569 -0.436287
v 0.020194 -0.138700 -0.428826
v 0.019919 -0.099842 -0.421516
v 0.019739 -0.060449 -0.414432
v 0.018884 -0.022028 -0.407896
v 0.055484 -0.311804 -0.528597
v 0.059198 -0.295186 -0.500050
v 0.074475 -0.281165 -0.478878
v 0.045458 -0.276783 -0.483224
v 0.059474 -0.259439 -0.465319
v 0.056576 -0.229970 -0.449326
v 0.065753 -0.205721 -0.437264
v 0.060837 -0.175162 -0.430480
v 0.059328 -0.138918 -0.423601
v 0.058714 -0.100321 -0.416573
v 0.058317 -0.061682 -0.409838
v 0.055876 -0.024317 -0.403979
v 0.074463 -0.005712 -0.397755
v 0.084292 -0.316513 -0.523305
v 0.096507 -0.306748 -0.498745
v 0.103341 -0.287974 -0.472066
v 0.096773 -0.260870 -0.453502
v 0.113338 -0.244485 -0.436441
v 0.085157 -0.235699 -0.444192
v 0.101102 -0.216124 -0.430225
v 0.097754 -0.178655 -0.422106
v 0.095529 -0.140255 -0.415626
v 0.094045 -0.102181 -0.409570
v 0.094300 -0.065455 -0.403613
v 0.113038 -0.047444 -0.395459
v 0.084278 -0.036226 -0.401046
v 0.102844 -0.017351 -0.393860
v 0.125294 -0.312639 -0.486668
v 0.137665 -0.299935 -0.460195
v 0.150959 -0.285105 -0.435869
v 0.125303 -0.273188 -0.447043
v 0.140022 -0.256222 -0.427193
v 0.137854 -0.218506 -0.414345
v 0.158000 -0.204166 -0.399069
v 0.130346 -0.179310 -0.409598
v 0.155340 -0.174626 -0.395816
v 0.126132 -0.141320 -0.405153
v 0.152041 -0.138832 -0.392089
v 0.122815 -0.106050 -0.401149
v 0.148621 -0.100584 -0.388360
v 0.119298 -0.077549 -0.398086
v 0.139475 -0.061347 -0.387513
v 0.137395 -0.020499 -0.382645
v 0.164536 -0.313456 -0.446806
v 0.173983 -0.297757 -0.420886
v 0.191946 -0.293896 -0.394372
v 0.166070 -0.263252 -0.410070
v 0.186170 -0.258484 -0.388999
v 0.161468 -0.233803 -0.403556
v 0.179250 -0.219048 -0.387150
v 0.179768 -0.178972 -0.381745
v 0.178764 -0.139292 -0.377460
v 0.179464 -0.098653 -0.372157
v 0.199317 -0.083241 -0.359771
v 0.171700 -0.059261 -0.371735
v 0.197334 -0.054091 -0.358448
v 0.168731 -0.020081 -0.368826
v 0.195147 -0.018463 -0.356367
v 0.209712 -0.298855 -0.369963
v 0.227382 -0.298615 -0.339853
v 0.206510 -0.259502 -0.366877
v 0.225298 -0.258868 -0.342532
v 0.203946 -0.219859 -0.366223
v 0.224705 -0.219580 -0.344156
v 0.203767 -0.180690 -0.364672
v 0.224992 -0.179742 -0.345294
v 0.202762 -0.143813 -0.363053
v 0.224131 -0.139448 -0.346520
v 0.201099 -0.113461 -0.361488
v 0.219931 -0.098450 -0.348520
v 0.221844 -0.058706 -0.345397
v 0.221204 -0.019546 -0.343280
v 0.241086 -0.283572 -0.320178
v 0.243128 -0.254234 -0.320339
v 0.243878 -0.218389 -0.322961
v 0.245443 -0.179655 -0.325450
v 0.246787 -0.139789 -0.327848
v 0.246722 -0.099628 -0.329671
v 0.247635 -0.059773 -0.329081
v 0.247334 -0.020054 -0.328017
v 0.239717 -0.313195 -0.319267
v 0.254137 -0.298546 -0.300557
v 0.273276 -0.303300 -0.275169
v 0.262892 -0.258103 -0.297005
v 0.278460 -0.272483 -0.276576
v 0.263619 -0.218707 -0.302306
v 0.265879 -0.179628 -0.305829
v 0.268394 -0.139948 -0.308689
v 0.270087 -0.099973 -0.310705
v 0.271144 -0.059977 -0.311376
v 0.271114 -0.019952 -0.311243
v 0.293099 -0.298576 -0.253531
v 0.312244 -0.303515 -0.232082
v 0.281697 -0.243918 -0.279478
v 0.298788 -0.257778 -0.258553
v 0.316675 -0.272563 -0.236875
v 0.283607 -0.214398 -0.283176
v 0.303346 -0.218011 -0.263497
v 0.286566 -0.178557 -0.286574
v 0.307317 -0.179388 -0.267479
v 0.289643 -0.139782 -0.289534
v 0.310826 -0.139885 -0.270647
v 0.292070 -0.099983 -0.291672
v 0.313831 -0.099846 -0.272801
v 0.293753 -0.059973 -0.292789
v 0.316507 -0.059681 -0.273795
v 0.294233 -0.019973 -0.293361
v 0.316742 -0.019798 -0.275440
v 0.334443 -0.685322 -0.046215
v 0.339391 -0.699125 -0.017090
v 0.334447 -0.646693 -0.088529
v 0.341387 -0.665635 -0.066564
v 0.361937 -0.676531 -0.039624
v 0.374559 -0.686334 -0.014583
v 0.362504 -0.640244 -0.078715
v 0.375382 -0.656265 -0.056300
v 0.391175 -0.667775 -0.031164
v 0.404003 -0.679315 -0.004045
v 0.406698 -0.646770 -0.046748
v 0.421775 -0.660113 -0.020642
v 0.456502 -0.650584 -0.009035
v 0.484441 -0.640443 -0.002155
v 0.317343 -0.558874 -0.772621
v 0.316967 -0.558567 -0.754393
v 0.312519 -0.527868 -0.877621
v 0.319388 -0.528560 -0.852683
v 0.321612 -0.532283 -0.819160
v 0.321153 -0.537676 -0.783872
v 0.319945 -0.537503 -0.756091
v 0.314024 -0.509286 -0.876695
v 0.320098 -0.502464 -0.853272
v 0.322044 -0.504344 -0.819251
v 0.321125 -0.504792 -0.784351
v 0.319797 -0.513339 -0.758494
v 0.316150 -0.481073 -0.844278
v 0.317954 -0.479970 -0.819694
v 0.317254 -0.481350 -0.794589
v 0.323891 -0.603714 -0.121617
v 0.341131 -0.619163 -0.105045
v 0.336058 -0.576015 -0.128634
v 0.354209 -0.592634 -0.113974
v 0.337765 -0.538932 -0.137685
v 0.342854 -0.500452 -0.142015
v 0.325779 -0.445236 -0.166856
v 0.342996 -0.462653 -0.150123
v 0.337114 -0.415283 -0.171368
v 0.352659 -0.432575 -0.154575
v 0.321469 -0.365048 -0.204006
v 0.338309 -0.378412 -0.184441
v 0.327634 -0.335265 -0.207870
v 0.348148 -0.340343 -0.188895
v 0.376241 -0.615456 -0.090785
v 0.392268 -0.632158 -0.069610
v 0.363511 -0.564355 -0.121864
v 0.383168 -0.580047 -0.107602
v 0.369629 -0.534874 -0.126546
v 0.394165 -0.543767 -0.114914
v 0.377213 -0.497535 -0.128401
v 0.398065 -0.513480 -0.118270
v 0.375166 -0.458232 -0.135857
v 0.360000 -0.402967 -0.160366
v 0.377658 -0.418583 -0.144393
v 0.364309 -0.374475 -0.166225
v 0.387364 -0.380281 -0.148620
v 0.372176 -0.339318 -0.170766
v 0.394998 -0.344995 -0.152983
v 0.406341 -0.605977 -0.082530
v 0.423512 -0.622150 -0.061519
v 0.435964 -0.638119 -0.037852
v 0.418714 -0.577693 -0.093187
v 0.435931 -0.595263 -0.074883
v 0.423574 -0.539317 -0.103474
v 0.400400 -0.482962 -0.120414
v 0.421591 -0.498572 -0.110239
v 0.402347 -0.453834 -0.123168
v 0.427620 -0.458976 -0.110712
v 0.406065 -0.418492 -0.127786
v 0.431761 -0.421067 -0.113200
v 0.413145 -0.381004 -0.131981
v 0.436485 -0.385897 -0.116954
v 0.421856 -0.342000 -0.135869
v 0.440700 -0.356866 -0.120794
v 0.457878 -0.610187 -0.052045
v 0.464046 -0.629693 -0.029719
v 0.446957 -0.566464 -0.085152
v 0.464364 -0.582301 -0.068687
v 0.457061 -0.537309 -0.090198
v 0.475479 -0.554533 -0.075982
v 0.455061 -0.498836 -0.095956
v 0.456958 -0.459641 -0.097184
v 0.459236 -0.420282 -0.099324
v 0.462299 -0.381405 -0.103665
v 0.444717 -0.327114 -0.124989
v 0.464255 -0.342354 -0.110179
v 0.485417 -0.602940 -0.041774
v 0.498270 -0.618848 -0.018916
v 0.498074 -0.577143 -0.053035
v 0.513618 -0.593676 -0.031619
v 0.481767 -0.525124 -0.081143
v 0.502010 -0.540020 -0.067079
v 0.483566 -0.495382 -0.083607
v 0.508663 -0.499831 -0.070445
v 0.484754 -0.458852 -0.084257
v 0.510377 -0.460104 -0.071374
v 0.486424 -0.419822 -0.085638
v 0.511635 -0.421012 -0.072163
v 0.490144 -0.380225 -0.088744
v 0.514177 -0.384454 -0.074447
v 0.497276 -0.339831 -0.091928
v 0.517115 -0.354440 -0.077533
v 0.527890 -0.607789 -0.007732
v 0.526020 -0.565925 -0.042406
v 0.542111 -0.581989 -0.021460
v 0.535848 -0.536450 -0.049517
v 0.553493 -0.553365 -0.030890
v 0.536577 -0.498574 -0.055415
v 0.537015 -0.459625 -0.056639
v 0.537502 -0.419939 -0.057343
v 0.538761 -0.380063 -0.060215
v 0.520411 -0.324589 -0.081057
v 0.539135 -0.339631 -0.066494
v 0.568956 -0.568118 -0.010886
v 0.560225 -0.524428 -0.037651
v 0.579531 -0.538781 -0.019961
v 0.561506 -0.494813 -0.041146
v 0.584148 -0.499223 -0.025230
v 0.561672 -0.458634 -0.041861
v 0.585037 -0.459800 -0.026515
v 0.561926 -0.419710 -0.042219
v 0.585301 -0.419971 -0.026771
v 0.563461 -0.379873 -0.044227
v 0.587042 -0.380165 -0.028099
v 0.566385 -0.339964 -0.048284
v 0.590819 -0.341293 -0.030961
v 0.603808 -0.526576 -0.006264
v 0.608359 -0.496292 -0.009151
v 0.609386 -0.459204 -0.009781
v 0.609570 -0.419920 -0.009862
v 0.611083 -0.380306 -0.010891
v 0.615061 -0.341196 -0.013296
v 0.333879 -0.299320 -0.213222
v 0.355377 -0.304615 -0.193845
v 0.320903 -0.244642 -0.240771
v 0.339350 -0.259312 -0.219768
v 0.357708 -0.274592 -0.200192
v 0.324583 -0.214635 -0.244699
v 0.344941 -0.218902 -0.225243
v 0.328678 -0.178597 -0.248560
v 0.349830 -0.179827 -0.229646
v 0.332494 -0.139646 -0.251709
v 0.353966 -0.140847 -0.232950
v 0.336328 -0.099558 -0.253659
v 0.357777 -0.103800 -0.235032
v 0.341319 -0.058605 -0.253523
v 0.358858 -0.073407 -0.237687
v 0.339561 -0.018845 -0.257311
v 0.380799 -0.300676 -0.175113
v 0.398655 -0.315505 -0.158244
v 0.361587 -0.245712 -0.204254
v 0.379553 -0.260387 -0.186086
v 0.366651 -0.215526 -0.207241
v 0.387934 -0.220138 -0.188873
v 0.371786 -0.179102 -0.210934
v 0.394411 -0.181259 -0.192297
v 0.376152 -0.140206 -0.214221
v 0.397266 -0.144901 -0.196603
v 0.381467 -0.099692 -0.215684
v 0.399134 -0.114932 -0.199644
v 0.360061 -0.043540 -0.239485
v 0.377723 -0.058455 -0.223654
v 0.360768 -0.014412 -0.240822
v 0.381694 -0.018775 -0.223931
v 0.402403 -0.285879 -0.162851
v 0.420880 -0.300944 -0.146339
v 0.405720 -0.255914 -0.167420
v 0.429879 -0.261039 -0.149480
v 0.412281 -0.219496 -0.170910
v 0.434755 -0.224807 -0.154349
v 0.420616 -0.180174 -0.173509
v 0.438613 -0.195164 -0.158421
v 0.420505 -0.140178 -0.180476
v 0.400963 -0.084977 -0.202074
v 0.419357 -0.100056 -0.186680
v 0.401928 -0.055047 -0.204708
v 0.425107 -0.059703 -0.187258
v 0.404921 -0.018708 -0.205950
v 0.428966 -0.020055 -0.188628
v 0.448842 -0.296589 -0.129269
v 0.471870 -0.304886 -0.113569
v 0.458597 -0.258994 -0.131656
v 0.476953 -0.274581 -0.117095
v 0.459876 -0.219714 -0.139636
v 0.442080 -0.165258 -0.162171
v 0.460820 -0.180101 -0.147544
v 0.444993 -0.135430 -0.165128
v 0.469583 -0.139878 -0.149398
v 0.446875 -0.098994 -0.168606
v 0.472580 -0.100212 -0.152983
v 0.450822 -0.060148 -0.170383
v 0.475384 -0.061520 -0.155642
v 0.454835 -0.020931 -0.171970
v 0.478008 -0.025722 -0.157934
v 0.498634 -0.299568 -0.099078
v 0.481285 -0.244330 -0.121238
v 0.499987 -0.259370 -0.106680
v 0.485452 -0.214977 -0.125206
v 0.509663 -0.220257 -0.109305
v 0.489880 -0.179210 -0.130146
v 0.514154 -0.184523 -0.114306
v 0.499075 -0.140049 -0.132072
v 0.518029 -0.155099 -0.117973
v 0.499258 -0.099746 -0.137679
v 0.501002 -0.060200 -0.141236
v 0.502708 -0.020831 -0.144526
v 0.524286 -0.294736 -0.084573
v 0.547323 -0.300279 -0.068698
v 0.529029 -0.258382 -0.089065
v 0.553572 -0.263800 -0.071990
v 0.538426 -0.218899 -0.091589
v 0.556993 -0.233760 -0.076130
v 0.539335 -0.179530 -0.099506
v 0.521336 -0.125189 -0.121385
v 0.540022 -0.140072 -0.107232
v 0.524293 -0.095276 -0.123939
v 0.547767 -0.100093 -0.109044
v 0.527373 -0.058813 -0.126444
v 0.552866 -0.061137 -0.111070
v 0.530581 -0.019649 -0.129092
v 0.554911 -0.024117 -0.114425
v 0.572750 -0.300345 -0.051413
v 0.596160 -0.305066 -0.033906
v 0.580299 -0.259936 -0.054422
v 0.598559 -0.275170 -0.038258
v 0.560516 -0.204010 -0.080250
v 0.578709 -0.218887 -0.064465
v 0.563940 -0.174649 -0.084433
v 0.586672 -0.179261 -0.067783
v 0.567896 -0.139075 -0.089322
v 0.593205 -0.141220 -0.071784
v 0.573832 -0.100954 -0.092400
v 0.596958 -0.105764 -0.076489
v 0.580914 -0.061227 -0.093655
v 0.599695 -0.076504 -0.079609
v 0.579991 -0.020097 -0.099821
v 0.622059 -0.301643 -0.015579
v 0.601773 -0.245266 -0.042297
v 0.619802 -0.260617 -0.025922
v 0.604744 -0.215282 -0.046844
v 0.627393 -0.220737 -0.029153
v 0.611694 -0.179153 -0.050276
v 0.634417 -0.184288 -0.032518
v 0.620333 -0.140150 -0.053369
v 0.638093 -0.154693 -0.037089
v 0.620983 -0.100814 -0.061312
v 0.602307 -0.046385 -0.082313
v 0.621143 -0.061351 -0.068287
v 0.605477 -0.016199 -0.085185
v 0.629936 -0.021560 -0.069759
v 0.643349 -0.287338 -0.001004
v 0.645193 -0.256398 -0.006555
v 0.651161 -0.218955 -0.010434
v 0.659399 -0.178978 -0.013665
v 0.641890 -0.125101 -0.041609
v 0.659125 -0.139378 -0.024628
v 0.645509 -0.095476 -0.045954
v 0.666839 -0.100466 -0.028610
v 0.649713 -0.059158 -0.050307
v 0.672101 -0.064260 -0.032922
v 0.658620 -0.019468 -0.051722
v 0.676014 -0.034238 -0.035606
v 0.679056 -0.163782 0.000821
v 0.683306 -0.134561 -0.003403
v 0.688283 -0.098553 -0.008567
v 0.692475 -0.059834 -0.013959
v 0.679251 -0.004449 -0.038330
v 0.694741 -0.019598 -0.020453
v 0.020047 -0.761537 0.197116
v 0.020010 -0.768282 0.226067
v 0.019994 -0.776994 0.261096
v 0.019881 -0.786225 0.298421
v 0.020018 -0.749661 0.020019
v 0.020011 -0.748545 0.059932
v 0.020009 -0.749301 0.099449
v 0.020008 -0.752148 0.137082
v 0.019884 -0.756492 0.169972
v 0.060231 -0.761127 0.197522
v 0.060049 -0.767140 0.226355
v 0.059966 -0.775010 0.261560
v 0.059742 -0.783928 0.300199
v 0.059993 -0.752421 0.020116
v 0.060010 -0.750474 0.059956
v 0.060046 -0.750322 0.099580
v 0.059977 -0.752587 0.137487
v 0.059135 -0.756495 0.170549
v 0.100693 -0.761212 0.195390
v 0.100186 -0.766237 0.225535
v 0.099986 -0.772474 0.261328
v 0.099896 -0.779647 0.300133
v 0.099997 -0.754849 0.020052
v 0.100028 -0.752796 0.059998
v 0.100141 -0.752123 0.099723
v 0.099581 -0.753876 0.137604
v 0.096012 -0.757008 0.169607
v 0.156213 -0.760296 0.158019
v 0.141530 -0.762346 0.185976
v 0.140240 -0.766977 0.222210
v 0.139920 -0.771330 0.260483
v 0.139882 -0.775793 0.300045
v 0.140075 -0.755017 0.020046
v 0.140119 -0.754038 0.060147
v 0.140275 -0.754224 0.100007
v 0.138154 -0.756298 0.138167
v 0.125784 -0.758208 0.165322
v 0.196780 -0.759773 0.120986
v 0.185069 -0.762085 0.146789
v 0.181062 -0.766245 0.182486
v 0.179359 -0.770312 0.220596
v 0.179025 -0.772734 0.260090
v 0.179300 -0.774193 0.300007
v 0.180189 -0.751711 0.019971
v 0.180238 -0.752939 0.059885
v 0.180727 -0.755631 0.099061
v 0.167410 -0.757675 0.127477
v 0.225602 -0.761086 0.118149
v 0.221615 -0.767161 0.146363
v 0.218942 -0.774429 0.181129
v 0.215348 -0.779560 0.219932
v 0.214735 -0.780933 0.259936
v 0.216490 -0.779076 0.299888
v 0.220080 -0.744696 0.019496
v 0.220176 -0.749086 0.057746
v 0.220705 -0.754699 0.091830
v 0.274383 -0.803404 0.193754
v 0.270468 -0.807994 0.223378
v 0.270067 -0.808481 0.259313
v 0.273279 -0.805028 0.293871
v 0.261077 -0.763141 0.117347
v 0.259149 -0.775329 0.145118
v 0.254770 -0.788445 0.179258
v 0.245246 -0.793957 0.219257
v 0.243770 -0.794882 0.259628
v 0.248341 -0.790895 0.299332
v 0.259367 -0.736074 0.020097
v 0.260100 -0.743993 0.057390
v 0.260249 -0.753336 0.090356
v 0.312132 -0.799379 0.158959
v 0.301589 -0.808022 0.183042
v 0.302276 -0.814514 0.220354
v 0.302588 -0.815465 0.258832
v 0.304176 -0.811694 0.294688
v 0.298776 -0.765888 0.116258
v 0.298121 -0.784043 0.141743
v 0.283376 -0.794471 0.165831
v 0.297317 -0.727776 0.022575
v 0.300016 -0.738382 0.057860
v 0.300020 -0.751565 0.089846
v 0.315747 -0.716577 0.004240
v 0.015137 -0.798868 0.354882
v 0.018472 -0.799043 0.372199
v 0.019349 -0.794073 0.332355
v 0.015350 -0.790500 0.393070
v 0.018665 -0.772528 0.420620
v 0.038235 -0.762599 0.441479
v 0.011631 -0.739697 0.434268
v 0.031751 -0.734711 0.448508
v 0.008561 -0.707732 0.440427
v 0.026820 -0.699793 0.452004
v 0.007767 -0.682444 0.444368
v 0.019049 -0.662196 0.454648
v 0.042604 -0.798292 0.358821
v 0.055754 -0.800147 0.381656
v 0.071425 -0.798958 0.414513
v 0.079339 -0.794283 0.442306
v 0.059112 -0.792915 0.338750
v 0.074563 -0.796745 0.364873
v 0.040456 -0.794214 0.398027
v 0.048895 -0.786731 0.423131
v 0.063624 -0.774686 0.454872
v 0.078567 -0.765129 0.481804
v 0.054954 -0.738111 0.464914
v 0.073771 -0.736220 0.486868
v 0.052308 -0.700021 0.468333
v 0.073205 -0.702707 0.488161
v 0.055502 -0.661963 0.470155
v 0.076156 -0.673303 0.486794
v 0.086316 -0.800355 0.392351
v 0.101837 -0.802178 0.419796
v 0.104467 -0.801281 0.455956
v 0.113801 -0.797676 0.486578
v 0.100180 -0.787525 0.338885
v 0.105065 -0.794920 0.374748
v 0.118605 -0.798040 0.401745
v 0.087971 -0.786144 0.472423
v 0.099418 -0.777736 0.502302
v 0.112887 -0.768332 0.534671
v 0.124478 -0.763049 0.558737
v 0.092209 -0.739408 0.509433
v 0.107331 -0.737396 0.536577
v 0.120387 -0.739122 0.560529
v 0.092852 -0.699797 0.509955
v 0.110535 -0.702388 0.538100
v 0.121127 -0.714386 0.559567
v 0.078237 -0.651569 0.484006
v 0.097357 -0.659185 0.502942
v 0.114358 -0.671888 0.528360
v 0.128812 -0.801785 0.432089
v 0.138970 -0.803970 0.461557
v 0.140746 -0.804220 0.500850
v 0.150841 -0.802440 0.536498
v 0.157496 -0.796648 0.564435
v 0.140165 -0.781349 0.339547
v 0.142198 -0.787931 0.377663
v 0.146289 -0.794865 0.413623
v 0.157273 -0.798025 0.442355
v 0.121627 -0.792121 0.516443
v 0.130564 -0.787055 0.543857
v 0.142618 -0.775973 0.576050
v 0.157400 -0.766407 0.602872
v 0.136245 -0.739630 0.581779
v 0.152314 -0.737490 0.606795
v 0.127217 -0.685518 0.554198
v 0.135991 -0.702785 0.577549
v 0.153373 -0.704968 0.604486
v 0.119614 -0.645779 0.520159
v 0.136480 -0.655336 0.545081
v 0.149164 -0.671178 0.575870
v 0.161382 -0.678555 0.600461
v 0.166911 -0.802094 0.473280
v 0.177354 -0.804672 0.502830
v 0.182100 -0.806388 0.539979
v 0.183321 -0.803583 0.576818
v 0.194430 -0.797901 0.604069
v 0.180039 -0.776553 0.339896
v 0.180565 -0.780389 0.379399
v 0.182114 -0.786248 0.417783
v 0.185093 -0.793384 0.454656
v 0.195861 -0.797044 0.483867
v 0.166833 -0.787925 0.593333
v 0.181479 -0.778773 0.621248
v 0.171468 -0.740350 0.628423
v 0.172532 -0.701672 0.626446
v 0.160930 -0.640781 0.559033
v 0.171058 -0.651424 0.584061
v 0.182733 -0.664698 0.616127
v 0.205767 -0.801528 0.514402
v 0.217097 -0.804334 0.543098
v 0.219704 -0.805911 0.578039
v 0.222796 -0.802614 0.608803
v 0.220108 -0.776534 0.339728
v 0.220023 -0.774749 0.379833
v 0.219784 -0.777374 0.419602
v 0.221382 -0.783292 0.458535
v 0.224119 -0.791842 0.495916
v 0.235310 -0.796490 0.524784
v 0.220157 -0.790151 0.633196
v 0.209196 -0.652572 0.630730
v 0.278210 -0.798443 0.320687
v 0.245082 -0.801073 0.554098
v 0.255295 -0.803275 0.580625
v 0.254688 -0.802290 0.609450
v 0.260673 -0.783987 0.338967
v 0.259881 -0.772981 0.379854
v 0.257084 -0.770163 0.420126
v 0.258958 -0.773197 0.460145
v 0.260897 -0.781978 0.499051
v 0.263776 -0.792361 0.536330
v 0.274867 -0.796887 0.565053
v 0.259878 -0.793816 0.632968
v 0.304915 -0.802892 0.324564
v 0.280042 -0.800030 0.588875
v 0.279586 -0.799465 0.608655
v 0.300539 -0.787389 0.350039
v 0.300238 -0.771340 0.383749
v 0.290872 -0.764889 0.421616
v 0.296175 -0.764874 0.461360
v 0.299172 -0.773574 0.500592
v 0.300823 -0.784851 0.539515
v 0.301878 -0.793149 0.579432
v 0.299044 -0.791147 0.621222
v 0.319152 -0.762269 0.399860
v 0.315950 -0.759141 0.422861
v 0.317496 -0.759497 0.447484
v 0.196671 -0.765002 0.644886
v 0.190121 -0.736888 0.650318
v 0.190904 -0.703667 0.649101
v 0.197984 -0.675539 0.641996
v 0.224407 -0.770494 0.658407
v 0.238918 -0.757779 0.674730
v 0.213802 -0.737423 0.667055
v 0.236248 -0.734384 0.681287
v 0.214157 -0.701015 0.666299
v 0.236256 -0.704721 0.681573
v 0.224435 -0.664883 0.656730
v 0.239715 -0.679595 0.675251
v 0.261512 -0.777892 0.658403
v 0.262215 -0.760313 0.677362
v 0.264829 -0.735045 0.686640
v 0.264809 -0.704075 0.688437
v 0.261937 -0.654697 0.665467
v 0.265265 -0.675827 0.681681
v 0.300360 -0.773743 0.656962
v 0.287294 -0.759144 0.675834
v 0.315731 -0.752421 0.672292
v 0.298009 -0.737038 0.685605
v 0.297212 -0.703959 0.689115
v 0.300696 -0.652449 0.668900
v 0.296304 -0.674656 0.683539
v 0.019366 -0.623792 0.468457
v 0.034531 -0.604943 0.483509
v 0.010782 -0.602578 0.481489
v 0.020368 -0.586410 0.498299
v 0.020041 -0.565585 0.522626
v 0.019986 -0.546679 0.545332
v 0.019833 -0.527757 0.567254
v 0.019985 -0.508460 0.588301
v 0.019858 -0.489133 0.609182
v 0.020016 -0.470040 0.629972
v 0.053296 -0.630382 0.474442
v 0.062744 -0.609458 0.487988
v 0.059092 -0.586436 0.503676
v 0.059968 -0.565525 0.524200
v 0.059836 -0.545417 0.544954
v 0.058788 -0.525908 0.565684
v 0.059723 -0.506341 0.586141
v 0.058876 -0.487055 0.606881
v 0.059899 -0.467994 0.627552
v 0.076931 -0.632119 0.483150
v 0.093991 -0.621537 0.497028
v 0.093990 -0.591306 0.508613
v 0.099674 -0.568423 0.526222
v 0.099456 -0.543848 0.544630
v 0.095141 -0.523264 0.563801
v 0.099082 -0.503363 0.583201
v 0.095341 -0.484547 0.603709
v 0.099502 -0.465597 0.623792
v 0.122003 -0.619991 0.514561
v 0.145411 -0.617849 0.534775
v 0.120538 -0.595087 0.516574
v 0.139350 -0.578688 0.530744
v 0.139733 -0.541472 0.546173
v 0.125421 -0.520780 0.563030
v 0.154022 -0.519025 0.561112
v 0.139831 -0.500149 0.580111
v 0.125539 -0.483006 0.600330
v 0.154191 -0.480362 0.598195
v 0.139518 -0.464454 0.618040
v 0.176980 -0.614854 0.552238
v 0.191990 -0.629328 0.579163
v 0.198729 -0.641201 0.604392
v 0.179874 -0.579882 0.540502
v 0.180311 -0.544886 0.544568
v 0.184490 -0.518247 0.558481
v 0.180600 -0.496947 0.577290
v 0.184320 -0.475809 0.597660
v 0.179412 -0.454782 0.621278
v 0.194104 -0.436266 0.638794
v 0.206521 -0.603697 0.558932
v 0.223096 -0.614309 0.581970
v 0.225064 -0.631345 0.615148
v 0.220862 -0.579215 0.547872
v 0.236567 -0.595859 0.565176
v 0.220367 -0.544810 0.545381
v 0.221275 -0.516366 0.556644
v 0.219365 -0.494003 0.574057
v 0.220961 -0.472674 0.593345
v 0.218895 -0.452628 0.614439
v 0.224143 -0.433249 0.634181
v 0.257146 -0.607114 0.591516
v 0.261529 -0.619925 0.618596
v 0.260748 -0.571084 0.552309
v 0.265524 -0.591396 0.571178
v 0.260282 -0.541016 0.546786
v 0.260572 -0.511865 0.554937
v 0.255986 -0.489521 0.570454
v 0.259755 -0.467487 0.587775
v 0.255284 -0.447863 0.608239
v 0.260011 -0.427540 0.627696
v 0.285914 -0.602077 0.597130
v 0.300826 -0.611946 0.619401
v 0.299076 -0.566243 0.557655
v 0.301386 -0.587876 0.580131
v 0.315688 -0.598840 0.600637
v 0.300038 -0.536721 0.548410
v 0.301044 -0.503232 0.553322
v 0.286308 -0.483693 0.567540
v 0.315473 -0.478997 0.562925
v 0.300478 -0.460307 0.580846
v 0.285735 -0.442536 0.602488
v 0.313959 -0.436647 0.597009
v 0.299241 -0.419657 0.619679
v 0.314430 -0.397072 0.636935
v 0.020008 -0.450827 0.650958
v 0.020027 -0.431705 0.671804
v 0.020016 -0.412422 0.692687
v 0.020032 -0.393001 0.712961
v 0.020024 -0.372747 0.732455
v 0.020024 -0.351790 0.751690
v 0.020006 -0.330780 0.770641
v 0.059811 -0.448788 0.648653
v 0.060010 -0.429635 0.669541
v 0.059901 -0.410338 0.690461
v 0.060065 -0.390869 0.710797
v 0.060014 -0.370683 0.730517
v 0.060046 -0.349829 0.749904
v 0.059878 -0.328907 0.768962
v 0.098772 -0.446222 0.645420
v 0.099875 -0.426889 0.666472
v 0.099193 -0.407637 0.687488
v 0.100171 -0.388098 0.707795
v 0.099886 -0.367911 0.727858
v 0.100085 -0.347062 0.747476
v 0.099103 -0.326338 0.766703
v 0.135251 -0.443824 0.641881
v 0.139601 -0.423947 0.663144
v 0.136278 -0.405141 0.684302
v 0.140358 -0.385636 0.704130
v 0.139073 -0.365041 0.725038
v 0.140104 -0.343618 0.745234
v 0.136028 -0.323569 0.764485
v 0.165376 -0.439170 0.641619
v 0.180693 -0.420000 0.660060
v 0.166946 -0.403418 0.680950
v 0.195625 -0.400520 0.678338
v 0.180852 -0.384590 0.698437
v 0.175690 -0.362213 0.722185
v 0.180445 -0.338153 0.744334
v 0.166603 -0.320503 0.763080
v 0.236532 -0.642265 0.640558
v 0.220246 -0.414861 0.655675
v 0.225160 -0.394788 0.676598
v 0.219384 -0.374451 0.700121
v 0.204665 -0.359383 0.719327
v 0.234179 -0.355220 0.715208
v 0.219218 -0.340049 0.734334
v 0.265057 -0.634505 0.645288
v 0.255938 -0.409157 0.649454
v 0.260994 -0.388953 0.669518
v 0.256308 -0.370203 0.691627
v 0.264315 -0.349708 0.709695
v 0.256378 -0.331677 0.730223
v 0.300661 -0.630386 0.647572
v 0.286050 -0.403073 0.643272
v 0.300562 -0.380840 0.660879
v 0.287067 -0.364270 0.684714
v 0.315574 -0.358426 0.678054
v 0.302225 -0.341591 0.701621
v 0.287331 -0.324835 0.724494
v 0.020020 -0.309481 0.789703
v 0.020020 -0.288052 0.808553
v 0.020034 -0.265848 0.826792
v 0.019176 -0.243095 0.843005
v 0.020185 -0.216530 0.856992
v 0.020449 -0.187387 0.870699
v 0.017079 -0.162393 0.882450
v 0.020373 -0.135367 0.894047
v 0.020090 -0.102119 0.906794
v 0.019571 -0.069459 0.915964
v 0.015939 -0.043207 0.920799
v 0.019281 -0.014577 0.924403
v 0.060009 -0.307604 0.788092
v 0.059902 -0.286000 0.807128
v 0.060078 -0.263441 0.825684
v 0.055762 -0.241521 0.841701
v 0.060488 -0.215024 0.855397
v 0.061759 -0.182570 0.870687
v 0.047000 -0.161274 0.881457
v 0.076872 -0.159895 0.880060
v 0.061592 -0.137881 0.890782
v 0.060256 -0.100625 0.904919
v 0.059431 -0.062674 0.915308
v 0.044191 -0.040583 0.919969
v 0.074242 -0.036976 0.918760
v 0.058319 -0.015735 0.922603
v 0.099875 -0.305014 0.785939
v 0.099005 -0.282961 0.805535
v 0.100665 -0.258397 0.825557
v 0.085859 -0.240124 0.839738
v 0.115897 -0.238584 0.837916
v 0.100936 -0.218294 0.850624
v 0.101522 -0.185853 0.866122
v 0.106072 -0.158688 0.878450
v 0.101273 -0.132363 0.890374
v 0.100183 -0.098941 0.903004
v 0.100058 -0.063133 0.912564
v 0.103970 -0.031820 0.917692
v 0.094812 -0.007131 0.921637
v 0.139560 -0.302661 0.783179
v 0.135342 -0.282007 0.802252
v 0.140198 -0.259963 0.820022
v 0.145315 -0.237233 0.836109
v 0.140670 -0.212775 0.849924
v 0.140539 -0.183692 0.863914
v 0.141615 -0.156346 0.876684
v 0.140197 -0.129605 0.888699
v 0.140002 -0.097241 0.900844
v 0.139986 -0.060411 0.910408
v 0.140652 -0.023222 0.916580
v 0.124367 -0.002016 0.920531
v 0.195307 -0.318179 0.760331
v 0.180636 -0.299967 0.779897
v 0.165524 -0.281643 0.798697
v 0.194429 -0.279095 0.796280
v 0.179665 -0.261313 0.813941
v 0.181125 -0.235166 0.833011
v 0.179042 -0.209530 0.847672
v 0.179887 -0.181267 0.861222
v 0.180029 -0.153498 0.874334
v 0.178685 -0.127101 0.886473
v 0.179657 -0.096115 0.898080
v 0.180022 -0.060061 0.907473
v 0.180452 -0.023561 0.913543
v 0.225032 -0.316545 0.754759
v 0.220334 -0.295776 0.775095
v 0.224476 -0.274413 0.793706
v 0.219081 -0.253513 0.812644
v 0.219605 -0.228991 0.830222
v 0.214989 -0.205436 0.844687
v 0.219076 -0.178225 0.857076
v 0.219100 -0.149180 0.870853
v 0.214432 -0.123950 0.883414
v 0.218448 -0.094818 0.893826
v 0.219930 -0.059123 0.903003
v 0.220034 -0.020538 0.909500
v 0.261264 -0.309717 0.749136
v 0.256340 -0.289778 0.769578
v 0.260545 -0.267898 0.788165
v 0.255497 -0.246361 0.808155
v 0.259295 -0.219569 0.825933
v 0.244484 -0.200691 0.840755
v 0.273691 -0.195440 0.835539
v 0.258229 -0.175610 0.849932
v 0.258810 -0.140712 0.866456
v 0.243420 -0.120458 0.879471
v 0.273839 -0.113853 0.874956
v 0.255973 -0.095218 0.886850
v 0.259508 -0.059031 0.895845
v 0.259989 -0.019893 0.902522
v 0.315933 -0.318339 0.718695
v 0.301256 -0.301355 0.741349
v 0.286792 -0.283886 0.763614
v 0.315437 -0.277812 0.757796
v 0.300226 -0.260529 0.779995
v 0.285527 -0.242655 0.800663
v 0.314705 -0.236994 0.794539
v 0.299220 -0.219022 0.813441
v 0.302909 -0.189887 0.829700
v 0.294070 -0.165984 0.844674
v 0.298083 -0.136285 0.857816
v 0.304293 -0.103658 0.871221
v 0.285980 -0.086006 0.882772
v 0.316926 -0.076544 0.877917
v 0.298170 -0.057961 0.887672
v 0.299454 -0.019635 0.893983
v 0.338834 -0.799985 0.158136
v 0.338680 -0.808787 0.185535
v 0.338918 -0.813654 0.221026
v 0.339169 -0.814210 0.258978
v 0.339753 -0.810761 0.294890
v 0.335227 -0.765743 0.115038
v 0.338280 -0.783360 0.137543
v 0.326729 -0.723945 0.033286
v 0.339906 -0.731814 0.060019
v 0.339818 -0.748423 0.091042
v 0.344234 -0.711652 0.015611
v 0.356273 -0.718958 0.041126
v 0.365050 -0.795626 0.160443
v 0.374546 -0.802502 0.185935
v 0.373381 -0.807361 0.221718
v 0.373634 -0.807693 0.258594
v 0.375496 -0.803980 0.294725
v 0.365196 -0.763827 0.118854
v 0.377691 -0.778710 0.141974
v 0.391948 -0.788125 0.168376
v 0.393182 -0.791753 0.312839
v 0.375946 -0.728562 0.071397
v 0.379383 -0.745390 0.100631
v 0.393967 -0.758144 0.125741
v 0.379709 -0.700489 0.017878
v 0.384546 -0.713410 0.047587
v 0.399526 -0.795218 0.196421
v 0.400629 -0.799044 0.224273
v 0.400813 -0.799235 0.256116
v 0.400250 -0.795900 0.284375
v 0.407114 -0.770557 0.152840
v 0.418917 -0.779680 0.181863
v 0.423629 -0.785733 0.220915
v 0.423816 -0.786142 0.259862
v 0.419557 -0.781000 0.300188
v 0.404576 -0.722467 0.077554
v 0.416409 -0.732517 0.103185
v 0.422485 -0.749896 0.135940
v 0.435424 -0.757848 0.164581
v 0.437428 -0.760573 0.315592
v 0.415676 -0.689816 0.023843
v 0.419757 -0.706428 0.058369
v 0.433575 -0.715284 0.086296
v 0.433298 -0.672158 0.006942
v 0.443905 -0.764398 0.192550
v 0.447619 -0.768977 0.222752
v 0.447677 -0.769652 0.257287
v 0.443448 -0.766746 0.287394
v 0.443485 -0.724552 0.114425
v 0.450953 -0.733668 0.142091
v 0.461394 -0.742216 0.177845
v 0.467482 -0.747709 0.219506
v 0.467369 -0.748675 0.260476
v 0.460054 -0.746566 0.301579
v 0.444515 -0.683420 0.035665
v 0.456366 -0.692619 0.063570
v 0.462093 -0.707138 0.099603
v 0.472843 -0.714833 0.134775
v 0.478676 -0.721453 0.163749
v 0.461991 -0.666239 0.019807
v 0.473856 -0.675093 0.046778
v 0.483298 -0.726307 0.192661
v 0.487408 -0.728065 0.223674
v 0.487480 -0.727969 0.261072
v 0.484047 -0.725413 0.300486
v 0.484706 -0.683577 0.075136
v 0.495677 -0.690265 0.103964
v 0.499566 -0.699567 0.140397
v 0.501328 -0.707852 0.178878
v 0.508425 -0.708844 0.219577
v 0.509878 -0.708745 0.259803
v 0.509427 -0.706862 0.299739
v 0.496730 -0.650899 0.023904
v 0.502055 -0.666330 0.058174
v 0.513314 -0.673699 0.087309
v 0.521202 -0.680578 0.116234
v 0.526369 -0.685710 0.145063
v 0.530291 -0.690255 0.180842
v 0.534163 -0.692029 0.219751
v 0.535857 -0.692110 0.259275
v 0.540248 -0.690343 0.299486
v 0.525448 -0.641247 0.035106
v 0.536296 -0.650901 0.064208
v 0.540741 -0.664719 0.101878
v 0.550841 -0.671700 0.140935
v 0.556397 -0.676811 0.179886
v 0.558724 -0.679287 0.218534
v 0.559484 -0.680218 0.254516
v 0.560969 -0.681133 0.283995
v 0.564553 -0.683508 0.313940
v 0.563385 -0.641732 0.076932
v 0.574451 -0.647851 0.105700
v 0.579012 -0.657466 0.142341
v 0.584451 -0.663772 0.180628
v 0.585850 -0.668644 0.219913
v 0.586519 -0.671770 0.259074
v 0.585147 -0.675698 0.298018
v 0.600373 -0.637098 0.117049
v 0.606601 -0.643818 0.145979
v 0.616162 -0.648848 0.182088
v 0.617112 -0.656166 0.221134
v 0.620279 -0.660742 0.260137
v 0.620907 -0.666077 0.298588
v 0.336918 -0.803465 0.324533
v 0.339788 -0.789591 0.348722
v 0.339282 -0.773515 0.374997
v 0.324303 -0.762426 0.474926
v 0.338618 -0.767457 0.502583
v 0.339643 -0.778071 0.540301
v 0.340143 -0.784191 0.579165
v 0.338727 -0.780658 0.617086
v 0.346101 -0.760130 0.397413
v 0.345101 -0.755678 0.425242
v 0.343319 -0.756913 0.457280
v 0.354792 -0.759896 0.481944
v 0.364735 -0.799971 0.320777
v 0.378206 -0.786873 0.339805
v 0.374915 -0.771265 0.368401
v 0.377807 -0.765038 0.510863
v 0.378047 -0.772187 0.542811
v 0.378070 -0.774192 0.578709
v 0.375508 -0.767479 0.614429
v 0.381093 -0.756454 0.392387
v 0.381089 -0.751183 0.423397
v 0.380804 -0.752249 0.456463
v 0.384053 -0.757284 0.485470
v 0.390865 -0.746799 0.627832
v 0.394737 -0.645031 0.635910
v 0.409454 -0.772587 0.335817
v 0.402339 -0.764158 0.362579
v 0.412273 -0.761662 0.515347
v 0.412421 -0.765492 0.543557
v 0.413426 -0.763066 0.575589
v 0.402724 -0.757104 0.602844
v 0.431490 -0.753328 0.344862
v 0.419129 -0.749013 0.380818
v 0.419812 -0.744484 0.420067
v 0.419886 -0.746927 0.457432
v 0.419750 -0.754032 0.490369
v 0.430130 -0.745282 0.589998
v 0.416436 -0.734317 0.615944
v 0.423522 -0.697517 0.624965
v 0.420219 -0.658556 0.627141
v 0.438245 -0.757694 0.518278
v 0.439887 -0.758179 0.541217
v 0.437990 -0.753796 0.564925
v 0.457758 -0.737529 0.341116
v 0.454918 -0.734549 0.380486
v 0.458325 -0.734751 0.420531
v 0.459445 -0.740700 0.460624
v 0.457986 -0.749383 0.501182
v 0.464577 -0.745781 0.539409
v 0.456637 -0.734625 0.575513
v 0.441249 -0.723670 0.600732
v 0.470404 -0.698579 0.588353
v 0.448193 -0.695784 0.608173
v 0.471931 -0.659447 0.592913
v 0.448258 -0.662365 0.610664
v 0.482685 -0.722252 0.340333
v 0.485181 -0.722683 0.380532
v 0.495863 -0.725205 0.420959
v 0.499085 -0.732948 0.460391
v 0.498583 -0.737931 0.499527
v 0.497847 -0.731506 0.536576
v 0.484552 -0.722672 0.562933
v 0.508495 -0.708028 0.339083
v 0.511236 -0.711689 0.375851
v 0.517026 -0.716067 0.405288
v 0.513230 -0.709556 0.549887
v 0.498499 -0.695858 0.570898
v 0.498616 -0.659561 0.577116
v 0.525628 -0.721673 0.433439
v 0.536948 -0.725928 0.461064
v 0.536295 -0.726439 0.497508
v 0.525503 -0.720462 0.525500
v 0.539556 -0.695304 0.339854
v 0.543746 -0.702140 0.378674
v 0.545337 -0.712294 0.416106
v 0.556325 -0.717289 0.443974
v 0.553847 -0.709084 0.513125
v 0.539493 -0.696654 0.538523
v 0.521553 -0.684443 0.558502
v 0.547805 -0.658923 0.545526
v 0.523637 -0.656656 0.562533
v 0.561550 -0.720193 0.468133
v 0.561451 -0.717438 0.489687
v 0.570229 -0.686540 0.342999
v 0.582080 -0.692444 0.378463
v 0.582101 -0.704455 0.418061
v 0.582174 -0.710327 0.457576
v 0.581051 -0.699893 0.498035
v 0.566425 -0.685692 0.523267
v 0.594293 -0.678272 0.332613
v 0.600069 -0.682527 0.358936
v 0.592710 -0.672534 0.510902
v 0.577266 -0.656161 0.528627
v 0.619855 -0.688386 0.388374
v 0.619860 -0.696574 0.421067
v 0.616737 -0.697451 0.455914
v 0.613344 -0.685306 0.486612
v 0.625156 -0.671477 0.333704
v 0.626777 -0.678557 0.362991
v 0.617348 -0.655758 0.503226
v 0.599035 -0.647617 0.518376
v 0.336268 -0.766053 0.648547
v 0.343683 -0.738480 0.667723
v 0.323989 -0.727270 0.681781
v 0.349880 -0.700169 0.671433
v 0.326318 -0.701639 0.684249
v 0.340604 -0.662002 0.667287
v 0.322847 -0.677140 0.680625
v 0.363621 -0.758226 0.639435
v 0.375814 -0.734518 0.649650
v 0.378136 -0.698665 0.656335
v 0.377525 -0.661824 0.652384
v 0.399531 -0.724104 0.637165
v 0.402651 -0.698368 0.642421
v 0.401626 -0.671913 0.642129
v 0.513228 -0.630308 0.007275
v 0.542746 -0.620251 0.018853
v 0.552922 -0.632056 0.047027
v 0.556545 -0.595757 0.002708
v 0.575429 -0.607394 0.031983
v 0.579108 -0.624196 0.061104
v 0.591650 -0.630337 0.088987
v 0.584017 -0.581876 0.011551
v 0.595611 -0.554994 0.000948
v 0.599773 -0.596881 0.042168
v 0.607024 -0.608266 0.066894
v 0.618865 -0.618589 0.101288
v 0.629421 -0.627285 0.137507
v 0.635110 -0.634113 0.166743
v 0.614203 -0.573922 0.031635
v 0.627206 -0.587029 0.060201
v 0.636564 -0.596762 0.086138
v 0.620393 -0.540233 0.013461
v 0.629563 -0.500442 0.009166
v 0.631947 -0.460227 0.007874
v 0.632257 -0.420289 0.007673
v 0.633311 -0.381459 0.006788
v 0.636214 -0.345663 0.004638
v 0.341043 -0.614220 0.624494
v 0.334849 -0.562139 0.559858
v 0.339893 -0.581245 0.579924
v 0.344190 -0.597526 0.602180
v 0.339335 -0.535878 0.548752
v 0.340810 -0.503769 0.548422
v 0.345061 -0.475646 0.557587
v 0.339876 -0.453058 0.573630
v 0.344205 -0.429886 0.591233
v 0.336747 -0.411308 0.612027
v 0.344921 -0.390284 0.630317
v 0.380763 -0.620528 0.624607
v 0.364227 -0.559587 0.561889
v 0.378847 -0.576572 0.578581
v 0.376752 -0.597758 0.602272
v 0.379021 -0.537998 0.550884
v 0.392099 -0.558148 0.563731
v 0.379980 -0.502717 0.546027
v 0.380529 -0.470415 0.553370
v 0.375144 -0.445759 0.568331
v 0.380468 -0.419957 0.586267
v 0.366908 -0.403943 0.606760
v 0.395618 -0.397855 0.599691
v 0.382262 -0.381927 0.622023
v 0.395902 -0.359949 0.638164
v 0.433863 -0.607222 0.594742
v 0.416989 -0.623151 0.613212
v 0.418982 -0.583286 0.581603
v 0.404931 -0.600265 0.599883
v 0.419062 -0.534094 0.549907
v 0.418742 -0.559217 0.563933
v 0.419684 -0.499032 0.543266
v 0.419220 -0.461505 0.548961
v 0.403711 -0.441629 0.562685
v 0.433648 -0.434374 0.556173
v 0.416529 -0.418508 0.572992
v 0.423875 -0.392085 0.590485
v 0.417341 -0.372502 0.612659
v 0.423586 -0.350024 0.631838
v 0.462799 -0.619916 0.588369
v 0.443825 -0.633916 0.605267
v 0.472962 -0.564402 0.556577
v 0.458033 -0.584596 0.571643
v 0.459075 -0.538607 0.547745
v 0.445419 -0.560616 0.560985
v 0.459546 -0.499961 0.537509
v 0.458432 -0.460696 0.539161
v 0.463621 -0.423930 0.549253
v 0.446004 -0.406926 0.567576
v 0.475451 -0.395645 0.559096
v 0.458413 -0.380037 0.580460
v 0.445205 -0.363702 0.603842
v 0.472917 -0.353542 0.593750
v 0.457432 -0.338875 0.619178
v 0.494906 -0.624148 0.574514
v 0.502046 -0.569731 0.550625
v 0.492653 -0.593715 0.564659
v 0.498738 -0.537356 0.538540
v 0.520310 -0.484835 0.520201
v 0.498409 -0.499012 0.528200
v 0.519136 -0.459770 0.519370
v 0.493415 -0.459956 0.528501
v 0.520855 -0.434749 0.521730
v 0.500056 -0.421587 0.534412
v 0.504418 -0.384722 0.549389
v 0.487935 -0.368457 0.570629
v 0.516839 -0.356793 0.559843
v 0.501868 -0.341833 0.582491
v 0.486780 -0.327330 0.607379
v 0.547390 -0.620529 0.546473
v 0.522287 -0.625408 0.561650
v 0.536227 -0.581985 0.543301
v 0.518523 -0.599396 0.557214
v 0.554696 -0.525001 0.518048
v 0.535387 -0.543237 0.529769
v 0.545097 -0.495435 0.514633
v 0.525815 -0.513163 0.523813
v 0.546010 -0.459888 0.511253
v 0.545329 -0.424375 0.514123
v 0.527281 -0.407436 0.526987
v 0.554916 -0.395480 0.517873
v 0.538288 -0.378409 0.533744
v 0.544330 -0.344339 0.549456
v 0.529559 -0.329456 0.571821
v 0.598540 -0.603453 0.518557
v 0.578466 -0.618463 0.530416
v 0.593682 -0.574602 0.515802
v 0.568662 -0.583545 0.529292
v 0.583023 -0.538488 0.511429
v 0.562743 -0.554772 0.523611
v 0.580697 -0.499123 0.503553
v 0.578120 -0.460025 0.499682
v 0.577601 -0.421074 0.501259
v 0.580794 -0.382977 0.508142
v 0.564834 -0.365015 0.524286
v 0.592615 -0.352842 0.512240
v 0.576157 -0.336444 0.531410
v 0.621428 -0.617438 0.507426
v 0.600393 -0.626752 0.519776
v 0.623334 -0.578957 0.503004
v 0.617802 -0.540115 0.497919
v 0.638583 -0.484960 0.478256
v 0.617099 -0.499973 0.489842
v 0.635024 -0.455387 0.475735
v 0.609386 -0.459742 0.487234
v 0.633726 -0.420230 0.474879
v 0.607620 -0.420088 0.487538
v 0.635623 -0.385346 0.477325
v 0.610891 -0.380670 0.492389
v 0.638683 -0.356268 0.482375
v 0.619910 -0.340542 0.499691
v 0.601898 -0.324587 0.519747
v 0.336967 -0.633493 0.648476
v 0.337751 -0.372920 0.652382
v 0.345394 -0.352357 0.670944
v 0.340870 -0.333080 0.693135
v 0.366401 -0.636819 0.643294
v 0.367544 -0.367289 0.644701
v 0.380970 -0.346468 0.660374
v 0.375674 -0.325206 0.685285
v 0.415575 -0.331022 0.656949
v 0.402608 -0.318098 0.678203
v 0.444054 -0.323134 0.644690
v 0.640162 -0.316141 0.002596
v 0.472310 -0.312719 0.632673
v 0.515380 -0.315282 0.595413
v 0.500785 -0.300810 0.620723
v 0.514045 -0.274044 0.634009
v 0.556591 -0.317151 0.560093
v 0.542907 -0.302876 0.583493
v 0.528554 -0.288529 0.608473
v 0.555731 -0.275766 0.595721
v 0.541499 -0.261503 0.621298
v 0.553949 -0.233917 0.633847
v 0.582175 -0.304065 0.548800
v 0.569160 -0.289558 0.571729
v 0.596103 -0.276732 0.557774
v 0.582190 -0.262380 0.582426
v 0.568022 -0.248058 0.607912
v 0.594093 -0.234183 0.594078
v 0.580073 -0.220002 0.619997
v 0.592093 -0.191770 0.631953
v 0.630732 -0.304354 0.509446
v 0.609311 -0.297270 0.530765
v 0.638322 -0.277092 0.520476
v 0.622455 -0.264370 0.543216
v 0.608381 -0.248868 0.568367
v 0.634594 -0.235337 0.554735
v 0.620081 -0.220146 0.580039
v 0.605892 -0.205679 0.605842
v 0.631840 -0.191658 0.591902
v 0.617680 -0.177166 0.617640
v 0.629484 -0.148564 0.629470
v 0.345753 -0.311233 0.712722
v 0.338461 -0.292991 0.733648
v 0.345962 -0.271187 0.751268
v 0.337999 -0.252422 0.772243
v 0.344980 -0.229693 0.789393
v 0.336092 -0.208128 0.808502
v 0.338827 -0.178601 0.824916
v 0.322585 -0.159939 0.839324
v 0.352881 -0.152504 0.833742
v 0.335042 -0.134714 0.847896
v 0.340818 -0.100627 0.861736
v 0.345298 -0.065239 0.873672
v 0.326941 -0.046816 0.882986
v 0.355811 -0.035763 0.877865
v 0.336724 -0.017332 0.885876
v 0.381367 -0.300594 0.706812
v 0.368342 -0.285194 0.728062
v 0.396460 -0.278442 0.720346
v 0.383382 -0.262424 0.742880
v 0.368763 -0.245618 0.765534
v 0.396410 -0.238409 0.758557
v 0.382494 -0.221399 0.781162
v 0.366383 -0.203503 0.801101
v 0.395472 -0.195197 0.794601
v 0.377755 -0.177669 0.812925
v 0.383226 -0.143327 0.828243
v 0.365125 -0.125498 0.843174
v 0.395788 -0.115805 0.836658
v 0.377798 -0.097878 0.851738
v 0.381085 -0.060734 0.863857
v 0.383139 -0.021694 0.872945
v 0.363077 -0.005189 0.881372
v 0.430483 -0.308670 0.668784
v 0.415524 -0.296690 0.690940
v 0.423401 -0.271455 0.709700
v 0.417334 -0.252346 0.732039
v 0.423535 -0.229306 0.749639
v 0.416985 -0.209613 0.771396
v 0.423654 -0.182220 0.788095
v 0.406940 -0.166820 0.806056
v 0.435013 -0.155260 0.796699
v 0.418596 -0.138774 0.814630
v 0.424048 -0.104208 0.828753
v 0.406704 -0.086962 0.844969
v 0.434776 -0.074970 0.835767
v 0.416860 -0.057631 0.851504
v 0.417411 -0.019757 0.860403
v 0.458165 -0.298033 0.658123
v 0.443547 -0.284091 0.682631
v 0.471414 -0.271800 0.671985
v 0.456127 -0.257917 0.697647
v 0.443862 -0.242289 0.722160
v 0.470317 -0.231163 0.711095
v 0.455666 -0.216913 0.736598
v 0.443337 -0.201275 0.759813
v 0.470167 -0.190190 0.748016
v 0.455546 -0.175684 0.770598
v 0.460930 -0.142579 0.786814
v 0.445671 -0.125844 0.805117
v 0.473643 -0.113681 0.793066
v 0.456873 -0.096808 0.812241
v 0.460734 -0.059846 0.826285
v 0.442461 -0.045190 0.842381
v 0.472100 -0.021528 0.831458
v 0.447177 -0.015979 0.847120
v 0.486215 -0.286269 0.646216
v 0.499574 -0.259698 0.659720
v 0.484783 -0.245482 0.685473
v 0.512803 -0.232844 0.672933
v 0.498458 -0.218634 0.698772
v 0.483988 -0.204009 0.724492
v 0.511670 -0.191363 0.711746
v 0.497732 -0.176191 0.737187
v 0.481410 -0.163456 0.759782
v 0.511238 -0.143426 0.749841
v 0.489520 -0.136262 0.770596
v 0.518143 -0.116181 0.760473
v 0.501016 -0.100995 0.780810
v 0.482888 -0.085304 0.800541
v 0.511966 -0.064852 0.790061
v 0.489383 -0.056521 0.809018
v 0.518314 -0.036072 0.797653
v 0.500692 -0.020735 0.814444
v 0.527162 -0.247177 0.647057
v 0.540015 -0.219942 0.659959
v 0.525872 -0.205866 0.685886
v 0.552583 -0.192327 0.672389
v 0.538794 -0.178555 0.698422
v 0.524786 -0.164291 0.723227
v 0.551672 -0.150748 0.708909
v 0.538190 -0.136697 0.732069
v 0.541956 -0.103491 0.748433
v 0.527199 -0.087283 0.768170
v 0.553800 -0.073581 0.753055
v 0.538995 -0.057343 0.773128
v 0.540936 -0.020384 0.786831
v 0.523636 -0.006425 0.803786
v 0.566271 -0.206072 0.646193
v 0.578495 -0.178010 0.658335
v 0.564822 -0.164077 0.684613
v 0.590364 -0.149334 0.669998
v 0.576682 -0.135217 0.696011
v 0.561481 -0.123095 0.719628
v 0.587179 -0.101401 0.707350
v 0.567907 -0.095124 0.729802
v 0.595187 -0.072404 0.715199
v 0.578394 -0.058098 0.738280
v 0.561705 -0.044202 0.759747
v 0.587152 -0.018594 0.746869
v 0.566023 -0.015282 0.767670
v 0.603931 -0.163089 0.643852
v 0.615553 -0.134177 0.655385
v 0.600479 -0.122251 0.680219
v 0.627202 -0.101274 0.667012
v 0.609284 -0.094507 0.689124
v 0.635670 -0.073066 0.675683
v 0.619001 -0.058790 0.698917
v 0.602152 -0.044477 0.721775
v 0.627785 -0.021994 0.707065
v 0.609382 -0.014384 0.727675
v 0.640642 -0.639793 0.196306
v 0.646514 -0.644067 0.225428
v 0.655788 -0.647788 0.261594
v 0.656628 -0.655591 0.300008
v 0.681530 -0.640303 0.275419
v 0.688091 -0.645642 0.304114
v 0.653365 -0.682786 0.393322
v 0.656134 -0.686030 0.423189
v 0.647671 -0.683174 0.454603
v 0.637559 -0.676149 0.477190
v 0.660620 -0.663335 0.336257
v 0.660070 -0.673004 0.368478
v 0.676144 -0.672053 0.435547
v 0.669995 -0.660379 0.461405
v 0.647113 -0.652927 0.484858
v 0.677349 -0.676215 0.394051
v 0.678323 -0.677446 0.413159
v 0.697337 -0.652479 0.339830
v 0.694579 -0.664332 0.379988
v 0.697316 -0.663800 0.418588
v 0.696251 -0.647156 0.447888
v 0.722499 -0.643296 0.353268
v 0.724581 -0.647459 0.382664
v 0.724620 -0.644325 0.415132
v 0.717720 -0.637263 0.438157
v 0.646512 -0.604554 0.113345
v 0.657754 -0.611238 0.143904
v 0.659051 -0.624622 0.181349
v 0.670131 -0.629412 0.216965
v 0.675737 -0.634799 0.246118
v 0.636952 -0.560150 0.042306
v 0.650217 -0.568004 0.064896
v 0.662410 -0.581518 0.096403
v 0.673141 -0.590360 0.126876
v 0.645521 -0.534690 0.034287
v 0.666942 -0.538434 0.059235
v 0.677098 -0.554675 0.084569
v 0.651506 -0.499060 0.028583
v 0.672057 -0.499960 0.049308
v 0.653540 -0.459928 0.026674
v 0.674235 -0.460150 0.046045
v 0.653720 -0.420091 0.026421
v 0.674324 -0.420264 0.045738
v 0.654315 -0.380568 0.025701
v 0.674398 -0.381343 0.045499
v 0.656787 -0.341866 0.023222
v 0.675805 -0.345309 0.043508
v 0.681459 -0.599044 0.156721
v 0.687088 -0.607358 0.185275
v 0.698720 -0.613041 0.221096
v 0.700112 -0.625889 0.260058
v 0.711893 -0.631147 0.295422
v 0.687295 -0.566826 0.112712
v 0.697628 -0.577396 0.143149
v 0.707661 -0.586959 0.177702
v 0.715923 -0.593451 0.206317
v 0.687371 -0.525958 0.075227
v 0.700125 -0.538614 0.099869
v 0.709729 -0.551653 0.128236
v 0.692123 -0.496179 0.068685
v 0.709441 -0.499514 0.091176
v 0.694291 -0.459200 0.065931
v 0.712937 -0.459969 0.087331
v 0.694245 -0.419918 0.065875
v 0.713055 -0.420048 0.087310
v 0.693955 -0.380251 0.065983
v 0.712642 -0.380267 0.088093
v 0.694893 -0.340966 0.063696
v 0.713441 -0.341413 0.086538
v 0.722664 -0.600556 0.234765
v 0.727983 -0.608659 0.264269
v 0.739229 -0.614202 0.300219
v 0.719777 -0.561161 0.156497
v 0.729962 -0.568036 0.184301
v 0.739273 -0.578957 0.220144
v 0.748087 -0.588072 0.256467
v 0.754597 -0.594459 0.285601
v 0.720012 -0.524544 0.118188
v 0.730657 -0.535580 0.144265
v 0.746859 -0.540959 0.177149
v 0.752926 -0.553535 0.206051
v 0.727720 -0.495469 0.113875
v 0.744817 -0.499331 0.141402
v 0.754379 -0.513766 0.166147
v 0.730128 -0.458973 0.110225
v 0.746837 -0.459893 0.135219
v 0.730060 -0.419974 0.110605
v 0.746761 -0.420831 0.135863
v 0.729861 -0.380194 0.112709
v 0.747520 -0.381016 0.141078
v 0.757564 -0.371106 0.161575
v 0.730501 -0.340077 0.111670
v 0.747820 -0.338968 0.140788
v 0.757555 -0.348867 0.161516
v 0.760473 -0.600290 0.314505
v 0.760513 -0.562344 0.234967
v 0.769160 -0.567842 0.264156
v 0.774228 -0.578863 0.300470
v 0.763852 -0.525610 0.194227
v 0.771616 -0.536406 0.222914
v 0.786139 -0.537346 0.260194
v 0.790349 -0.551426 0.295470
v 0.759917 -0.485041 0.159732
v 0.769152 -0.497004 0.183790
v 0.781356 -0.499143 0.218317
v 0.792459 -0.498996 0.251587
v 0.761838 -0.456691 0.158183
v 0.773493 -0.459285 0.185687
v 0.784865 -0.459727 0.220715
v 0.794206 -0.459297 0.260006
v 0.794960 -0.451172 0.299895
v 0.760868 -0.424498 0.158859
v 0.771802 -0.420745 0.185786
v 0.782093 -0.420016 0.220977
v 0.788930 -0.419351 0.259927
v 0.789017 -0.417224 0.299494
v 0.759029 -0.396083 0.160355
v 0.767537 -0.381059 0.182539
v 0.778321 -0.380191 0.220105
v 0.784598 -0.379877 0.259722
v 0.784285 -0.379414 0.299139
v 0.758853 -0.323567 0.160379
v 0.767177 -0.338906 0.182561
v 0.777514 -0.339804 0.220111
v 0.782951 -0.339957 0.259732
v 0.781852 -0.339920 0.299002
v 0.797831 -0.523053 0.278805
v 0.800605 -0.528815 0.304398
v 0.800671 -0.499620 0.275937
v 0.802599 -0.501407 0.303675
v 0.799891 -0.476553 0.277437
v 0.800698 -0.475441 0.300888
v 0.675303 -0.632895 0.472517
v 0.655683 -0.618467 0.488895
v 0.676557 -0.566004 0.476945
v 0.656478 -0.580842 0.488124
v 0.672201 -0.536168 0.473908
v 0.648171 -0.544780 0.486038
v 0.663899 -0.498938 0.469891
v 0.643000 -0.514807 0.482081
v 0.662428 -0.459323 0.464102
v 0.660761 -0.420287 0.461777
v 0.661293 -0.381793 0.463681
v 0.662245 -0.344310 0.470547
v 0.646075 -0.326780 0.487440
v 0.717652 -0.637504 0.324203
v 0.697557 -0.616859 0.463747
v 0.678047 -0.609685 0.478129
v 0.698934 -0.579647 0.466950
v 0.678680 -0.589569 0.478559
v 0.700193 -0.539594 0.461187
v 0.719695 -0.483481 0.439206
v 0.699005 -0.498600 0.453569
v 0.717056 -0.454218 0.434801
v 0.692034 -0.458819 0.449859
v 0.712651 -0.418638 0.432382
v 0.688270 -0.419691 0.447453
v 0.711058 -0.380696 0.431555
v 0.687724 -0.380043 0.448166
v 0.712467 -0.343956 0.433581
v 0.690382 -0.340113 0.452712
v 0.740846 -0.626435 0.339075
v 0.747333 -0.626898 0.379716
v 0.746465 -0.617004 0.418718
v 0.725818 -0.613611 0.445374
v 0.752414 -0.579290 0.431108
v 0.728674 -0.579572 0.450003
v 0.750373 -0.539231 0.431545
v 0.727717 -0.543498 0.447727
v 0.742130 -0.498423 0.428014
v 0.723666 -0.513058 0.443679
v 0.757318 -0.444729 0.396579
v 0.742023 -0.458572 0.416780
v 0.753685 -0.414918 0.393449
v 0.735203 -0.419062 0.414227
v 0.750878 -0.378837 0.390315
v 0.732390 -0.379713 0.412323
v 0.750178 -0.340451 0.389680
v 0.732692 -0.339715 0.413579
v 0.765287 -0.604523 0.343108
v 0.768170 -0.604891 0.376541
v 0.763987 -0.601532 0.404090
v 0.784533 -0.577731 0.338959
v 0.784402 -0.574708 0.377140
v 0.771216 -0.574642 0.408940
v 0.793609 -0.556533 0.323683
v 0.787349 -0.538727 0.383834
v 0.771171 -0.539388 0.410201
v 0.793485 -0.486794 0.352093
v 0.785594 -0.500182 0.378111
v 0.766700 -0.503490 0.406149
v 0.790219 -0.458054 0.339586
v 0.774959 -0.459760 0.377197
v 0.761840 -0.473682 0.401143
v 0.782698 -0.419486 0.337253
v 0.770011 -0.419532 0.369916
v 0.777362 -0.379989 0.335651
v 0.765862 -0.379856 0.366168
v 0.774540 -0.339970 0.335016
v 0.763836 -0.339741 0.364971
v 0.795802 -0.558609 0.346238
v 0.795059 -0.559157 0.364378
v 0.800685 -0.536693 0.335484
v 0.798003 -0.538206 0.361756
v 0.800848 -0.504510 0.335002
v 0.796697 -0.514296 0.359039
v 0.798592 -0.479179 0.325469
v 0.661026 -0.302032 0.019194
v 0.677644 -0.315732 0.040005
v 0.665828 -0.261140 0.014568
v 0.670532 -0.224024 0.009741
v 0.674690 -0.193569 0.005411
v 0.680736 -0.287025 0.037193
v 0.696017 -0.301455 0.057724
v 0.715165 -0.305533 0.082423
v 0.685897 -0.256229 0.035735
v 0.705510 -0.261215 0.060291
v 0.718428 -0.276166 0.080736
v 0.689596 -0.218772 0.029641
v 0.708172 -0.221005 0.052897
v 0.693059 -0.178545 0.021122
v 0.711892 -0.183822 0.046352
v 0.703753 -0.138344 0.021771
v 0.716215 -0.153658 0.042790
v 0.707275 -0.099010 0.014608
v 0.711222 -0.060749 0.009201
v 0.713937 -0.024558 0.003781
v 0.732017 -0.300848 0.106707
v 0.747982 -0.299369 0.134263
v 0.721722 -0.246335 0.078104
v 0.733475 -0.261136 0.099879
v 0.749820 -0.261067 0.129494
v 0.725580 -0.215926 0.074882
v 0.740539 -0.220579 0.100180
v 0.753739 -0.224822 0.126525
v 0.730104 -0.178898 0.070205
v 0.747872 -0.180069 0.099235
v 0.757155 -0.194944 0.122741
v 0.720227 -0.123918 0.039580
v 0.732222 -0.138962 0.061069
v 0.749989 -0.140472 0.089525
v 0.724171 -0.094483 0.036635
v 0.739558 -0.099089 0.060696
v 0.754195 -0.104144 0.085259
v 0.728679 -0.058614 0.033463
v 0.746455 -0.059167 0.061120
v 0.757032 -0.074257 0.082498
v 0.731025 -0.020173 0.027771
v 0.747369 -0.019431 0.055009
v 0.760549 -0.294232 0.158651
v 0.770470 -0.298980 0.185844
v 0.779215 -0.299819 0.221045
v 0.783492 -0.299970 0.259985
v 0.782061 -0.299950 0.299274
v 0.762700 -0.258528 0.155992
v 0.773480 -0.259634 0.185427
v 0.782028 -0.259973 0.221033
v 0.786015 -0.260123 0.260102
v 0.784875 -0.260064 0.299953
v 0.766040 -0.219958 0.151799
v 0.777499 -0.219956 0.183603
v 0.786292 -0.220421 0.220563
v 0.790098 -0.221156 0.260033
v 0.789141 -0.221085 0.300017
v 0.760981 -0.164967 0.118749
v 0.769145 -0.179837 0.143577
v 0.781964 -0.180109 0.180653
v 0.791061 -0.181901 0.219726
v 0.794431 -0.185026 0.259843
v 0.793741 -0.185053 0.300052
v 0.764289 -0.135150 0.114602
v 0.775618 -0.139398 0.144513
v 0.787299 -0.140027 0.180596
v 0.796075 -0.144625 0.219324
v 0.798432 -0.154083 0.259709
v 0.798217 -0.154616 0.299823
v 0.767612 -0.098744 0.110315
v 0.780083 -0.099418 0.142943
v 0.791857 -0.098793 0.179461
v 0.797386 -0.114158 0.206759
v 0.759217 -0.044438 0.080489
v 0.768837 -0.059160 0.103141
v 0.782276 -0.059600 0.138567
v 0.792929 -0.058892 0.172241
v 0.760667 -0.015892 0.079111
v 0.772152 -0.019359 0.105564
v 0.784257 -0.019879 0.138476
v 0.793965 -0.019919 0.170871
v 0.801287 -0.123297 0.235156
v 0.802701 -0.128017 0.264255
v 0.802618 -0.127736 0.299733
v 0.799040 -0.082536 0.200603
v 0.803154 -0.095036 0.225033
v 0.806708 -0.096312 0.261371
v 0.807410 -0.096127 0.299909
v 0.800443 -0.054058 0.198602
v 0.806253 -0.058069 0.226313
v 0.810982 -0.059192 0.261346
v 0.812597 -0.059232 0.300134
v 0.801054 -0.019891 0.197877
v 0.807632 -0.019837 0.226228
v 0.813870 -0.019944 0.261264
v 0.816843 -0.019941 0.300128
v 0.673319 -0.313530 0.473001
v 0.658137 -0.297281 0.492226
v 0.662600 -0.264169 0.509175
v 0.648659 -0.249565 0.531543
v 0.675694 -0.236254 0.517490
v 0.661323 -0.221473 0.541637
v 0.646539 -0.206432 0.566524
v 0.672832 -0.192839 0.553068
v 0.658183 -0.177832 0.578293
v 0.643701 -0.162940 0.603748
v 0.669868 -0.149048 0.590063
v 0.655405 -0.134187 0.615534
v 0.667728 -0.101900 0.627751
v 0.676553 -0.074175 0.636659
v 0.715103 -0.313181 0.437619
v 0.698506 -0.298941 0.458780
v 0.682164 -0.284275 0.480186
v 0.707949 -0.263329 0.468250
v 0.689055 -0.257013 0.490898
v 0.715550 -0.235686 0.477601
v 0.701354 -0.223558 0.502280
v 0.687590 -0.207953 0.527653
v 0.711322 -0.193919 0.513431
v 0.698515 -0.178886 0.539148
v 0.684539 -0.163822 0.564663
v 0.708272 -0.150147 0.550803
v 0.695814 -0.134776 0.576248
v 0.680538 -0.122417 0.600645
v 0.707618 -0.102263 0.587935
v 0.690230 -0.095613 0.610250
v 0.714768 -0.074774 0.597294
v 0.700262 -0.060890 0.620661
v 0.708468 -0.023636 0.628864
v 0.751251 -0.303359 0.392991
v 0.734224 -0.298778 0.419999
v 0.720356 -0.284359 0.442347
v 0.754818 -0.273105 0.396053
v 0.745632 -0.258847 0.419659
v 0.728683 -0.255521 0.447764
v 0.751517 -0.224579 0.432203
v 0.735955 -0.221410 0.461284
v 0.724241 -0.207567 0.487359
v 0.758428 -0.197230 0.439862
v 0.750447 -0.186154 0.466377
v 0.733403 -0.178362 0.498279
v 0.721447 -0.164257 0.524390
v 0.757375 -0.157737 0.477362
v 0.748328 -0.144585 0.504100
v 0.730534 -0.135698 0.535616
v 0.718478 -0.122602 0.560331
v 0.755419 -0.115605 0.515023
v 0.746124 -0.100603 0.540947
v 0.728235 -0.095435 0.568158
v 0.752211 -0.065494 0.553566
v 0.734572 -0.060534 0.580663
v 0.721379 -0.046377 0.603771
v 0.757894 -0.036266 0.558533
v 0.746904 -0.021102 0.581552
v 0.728294 -0.016106 0.608479
v 0.774936 -0.299752 0.336087
v 0.764502 -0.299247 0.367746
v 0.777935 -0.259643 0.338879
v 0.766742 -0.258268 0.375549
v 0.759331 -0.243551 0.400858
v 0.783339 -0.220523 0.339364
v 0.774107 -0.218936 0.376307
v 0.764576 -0.215487 0.407959
v 0.789670 -0.183680 0.340158
v 0.782138 -0.180875 0.379954
v 0.771154 -0.180885 0.419101
v 0.765078 -0.169008 0.448451
v 0.796197 -0.151452 0.339687
v 0.792099 -0.143035 0.380111
v 0.782180 -0.141890 0.420602
v 0.771485 -0.139431 0.458948
v 0.764470 -0.127746 0.487264
v 0.796488 -0.114951 0.394197
v 0.792344 -0.104275 0.423878
v 0.782453 -0.100991 0.460931
v 0.770960 -0.098180 0.497236
v 0.762909 -0.085932 0.523631
v 0.796944 -0.075010 0.435278
v 0.792269 -0.061683 0.463510
v 0.780863 -0.060106 0.498693
v 0.768631 -0.057073 0.530046
v 0.796171 -0.025676 0.474124
v 0.786511 -0.021392 0.504210
v 0.772667 -0.020694 0.538521
v 0.762831 -0.006566 0.562881
v 0.801782 -0.125384 0.334898
v 0.799938 -0.121767 0.363957
v 0.806480 -0.095333 0.338571
v 0.803805 -0.095665 0.376068
v 0.801370 -0.085497 0.405178
v 0.811800 -0.059039 0.339759
v 0.809444 -0.058869 0.378846
v 0.805216 -0.056805 0.416200
v 0.801506 -0.045156 0.443327
v 0.816418 -0.019913 0.339942
v 0.814247 -0.019868 0.379443
v 0.810260 -0.019137 0.417067
v 0.804540 -0.016400 0.449382
v 0.639996 -0.121933 0.639950
v 0.649537 -0.094925 0.649389
v 0.659908 -0.059973 0.659816
v 0.642870 -0.045166 0.682684
v 0.668489 -0.022708 0.668492
v 0.649620 -0.014687 0.689466
v 0.683864 -0.046329 0.643712
v 0.690561 -0.015703 0.650461
v 0.016836 0.013626 -0.402481
v 0.033635 0.033098 -0.397208
v 0.010031 0.038096 -0.399087
v 0.020166 0.060471 -0.393349
v 0.019990 0.099856 -0.384446
v 0.020006 0.139420 -0.374961
v 0.020259 0.177232 -0.365895
v 0.036239 0.198457 -0.359291
v 0.011038 0.201163 -0.361112
v 0.021102 0.222935 -0.354497
v 0.020220 0.259827 -0.344697
v 0.019759 0.295161 -0.333607
v 0.044467 0.003800 -0.400872
v 0.062802 0.022838 -0.394845
v 0.059973 0.060357 -0.388276
v 0.059751 0.099295 -0.380028
v 0.058994 0.136613 -0.371373
v 0.056054 0.168421 -0.364084
v 0.065377 0.193127 -0.356807
v 0.061009 0.224046 -0.349732
v 0.060160 0.260330 -0.340289
v 0.059539 0.297037 -0.328805
v 0.100051 0.020701 -0.388144
v 0.098862 0.059813 -0.381609
v 0.098611 0.098795 -0.373774
v 0.096627 0.136240 -0.365849
v 0.114770 0.155296 -0.357456
v 0.084771 0.162761 -0.361401
v 0.101415 0.183233 -0.353481
v 0.099957 0.220491 -0.344694
v 0.099392 0.257236 -0.335433
v 0.096352 0.289154 -0.326230
v 0.135664 0.019416 -0.377806
v 0.134338 0.058131 -0.372481
v 0.134794 0.095387 -0.365689
v 0.153738 0.113459 -0.355322
v 0.125129 0.125002 -0.362006
v 0.143442 0.143886 -0.352289
v 0.140591 0.181470 -0.344269
v 0.137461 0.219643 -0.336660
v 0.137067 0.256948 -0.327978
v 0.125654 0.283760 -0.322472
v 0.166051 0.018507 -0.365716
v 0.192328 0.020003 -0.353956
v 0.163055 0.054166 -0.362496
v 0.188485 0.059194 -0.350867
v 0.160097 0.083154 -0.358974
v 0.181137 0.099319 -0.347352
v 0.178192 0.140334 -0.340077
v 0.178253 0.180708 -0.331590
v 0.169611 0.216972 -0.327196
v 0.163897 0.245776 -0.322625
v 0.219706 0.020167 -0.340984
v 0.217930 0.060157 -0.337541
v 0.217371 0.100556 -0.331639
v 0.209380 0.137356 -0.327964
v 0.204265 0.167037 -0.324100
v 0.246254 0.019174 -0.326567
v 0.244395 0.056149 -0.324565
v 0.241557 0.086525 -0.322091
v 0.075398 0.318173 -0.318324
v 0.105287 0.313667 -0.315167
v 0.155425 0.275381 -0.317100
v 0.141793 0.303406 -0.311159
v 0.199387 0.196789 -0.320061
v 0.194163 0.226018 -0.315946
v 0.183416 0.261829 -0.311219
v 0.179150 0.299109 -0.300117
v 0.237984 0.116695 -0.318906
v 0.233323 0.146307 -0.315762
v 0.224420 0.182609 -0.312623
v 0.223972 0.221235 -0.304831
v 0.217367 0.258827 -0.298132
v 0.214390 0.294987 -0.287581
v 0.232311 0.312540 -0.273300
v 0.270114 0.020182 -0.310430
v 0.267393 0.060523 -0.309225
v 0.260772 0.101516 -0.308608
v 0.259862 0.141342 -0.302834
v 0.256328 0.180292 -0.297978
v 0.257275 0.219458 -0.290394
v 0.276929 0.234998 -0.276579
v 0.247929 0.255207 -0.286001
v 0.271864 0.264143 -0.271344
v 0.240939 0.283433 -0.280244
v 0.259614 0.299509 -0.265772
v 0.293835 0.020070 -0.293040
v 0.316623 0.020044 -0.275822
v 0.292081 0.060190 -0.291942
v 0.315761 0.059949 -0.274741
v 0.288707 0.100182 -0.290333
v 0.314293 0.099914 -0.272352
v 0.286257 0.139120 -0.287128
v 0.310638 0.139903 -0.270518
v 0.283100 0.175425 -0.283898
v 0.306309 0.179769 -0.268177
v 0.280591 0.205249 -0.280487
v 0.299499 0.220284 -0.265902
v 0.300166 0.260462 -0.255339
v 0.318294 0.275819 -0.238473
v 0.289476 0.296605 -0.250294
v 0.312691 0.305285 -0.232506
v 0.016477 0.323671 -0.323300
v 0.045455 0.321501 -0.321237
v 0.019920 0.349111 -0.312046
v 0.019957 0.379119 -0.299252
v 0.019092 0.408115 -0.286865
v 0.019971 0.433907 -0.275106
v 0.019836 0.460202 -0.261473
v 0.018946 0.485708 -0.246269
v 0.019877 0.509296 -0.229702
v 0.019900 0.533209 -0.212359
v 0.019898 0.556348 -0.195320
v 0.019081 0.579768 -0.177360
v 0.015583 0.601680 -0.158909
v 0.018891 0.621877 -0.136079
v 0.033277 0.635459 -0.116912
v 0.060333 0.342577 -0.310373
v 0.059637 0.376074 -0.296168
v 0.055328 0.404845 -0.284448
v 0.059721 0.430085 -0.272381
v 0.059190 0.458046 -0.257944
v 0.054864 0.483128 -0.243556
v 0.059437 0.505510 -0.227240
v 0.059092 0.529802 -0.209746
v 0.059809 0.553780 -0.191968
v 0.058284 0.579509 -0.172208
v 0.073064 0.595196 -0.154763
v 0.043394 0.598466 -0.157741
v 0.057938 0.612853 -0.138979
v 0.063113 0.631908 -0.114413
v 0.100463 0.343437 -0.303604
v 0.099315 0.377353 -0.289634
v 0.114980 0.398041 -0.277990
v 0.085146 0.401872 -0.281405
v 0.100138 0.422926 -0.269461
v 0.098849 0.457133 -0.252037
v 0.114565 0.476973 -0.236872
v 0.084610 0.480183 -0.240396
v 0.099842 0.498854 -0.224885
v 0.096134 0.524702 -0.207085
v 0.100274 0.547697 -0.189439
v 0.098623 0.571925 -0.170875
v 0.103549 0.591677 -0.151610
v 0.098089 0.610503 -0.132045
v 0.100020 0.628967 -0.108926
v 0.138892 0.337510 -0.297958
v 0.135457 0.368296 -0.286341
v 0.144481 0.392437 -0.273929
v 0.140101 0.421185 -0.262357
v 0.136262 0.450220 -0.248877
v 0.144916 0.473427 -0.232413
v 0.140869 0.500589 -0.215128
v 0.156480 0.518240 -0.198543
v 0.126624 0.522218 -0.203139
v 0.141419 0.540133 -0.186737
v 0.136120 0.566080 -0.167755
v 0.140268 0.586773 -0.146927
v 0.135030 0.606670 -0.126822
v 0.138387 0.624448 -0.103989
v 0.175434 0.334761 -0.287912
v 0.192918 0.353372 -0.273851
v 0.164169 0.362058 -0.280911
v 0.180346 0.382285 -0.267053
v 0.178224 0.417866 -0.252902
v 0.195984 0.435739 -0.237116
v 0.165964 0.444062 -0.243990
v 0.181368 0.461922 -0.227740
v 0.176871 0.490097 -0.210497
v 0.185051 0.512483 -0.192039
v 0.180561 0.539846 -0.174299
v 0.194688 0.556875 -0.154491
v 0.166354 0.562895 -0.161098
v 0.179936 0.580045 -0.139548
v 0.193219 0.595873 -0.115359
v 0.165395 0.601776 -0.121798
v 0.177990 0.617619 -0.097517
v 0.192888 0.631698 -0.072429
v 0.203770 0.323648 -0.281097
v 0.221850 0.341960 -0.266520
v 0.218176 0.378492 -0.253707
v 0.236754 0.396749 -0.238255
v 0.207509 0.407332 -0.245964
v 0.225155 0.424928 -0.230077
v 0.217932 0.457658 -0.214087
v 0.234396 0.474052 -0.195687
v 0.205042 0.482655 -0.203409
v 0.219580 0.499702 -0.185338
v 0.215451 0.527562 -0.167858
v 0.223288 0.548171 -0.148235
v 0.216257 0.570668 -0.130741
v 0.222827 0.588423 -0.107844
v 0.215206 0.609416 -0.087510
v 0.223380 0.627312 -0.061215
v 0.237287 0.638121 -0.036268
v 0.257206 0.337631 -0.253000
v 0.275242 0.355748 -0.237159
v 0.247170 0.367295 -0.246017
v 0.265159 0.385262 -0.230508
v 0.260267 0.420127 -0.216437
v 0.276979 0.436773 -0.198389
v 0.247354 0.447276 -0.206865
v 0.263871 0.463660 -0.188518
v 0.255725 0.495976 -0.171179
v 0.271642 0.512373 -0.151662
v 0.243683 0.521176 -0.159124
v 0.258537 0.538438 -0.138489
v 0.272599 0.555114 -0.115206
v 0.245257 0.562754 -0.122831
v 0.258948 0.578669 -0.098573
v 0.273829 0.593201 -0.073396
v 0.244318 0.600433 -0.081695
v 0.258131 0.613626 -0.057615
v 0.266255 0.631208 -0.025936
v 0.283218 0.325778 -0.243845
v 0.301261 0.341515 -0.227482
v 0.298534 0.378952 -0.215033
v 0.315242 0.395634 -0.197108
v 0.288184 0.408147 -0.207740
v 0.304594 0.424574 -0.189488
v 0.298084 0.457928 -0.173457
v 0.314013 0.473824 -0.153409
v 0.284441 0.484701 -0.164062
v 0.299752 0.499900 -0.145451
v 0.293814 0.527226 -0.128644
v 0.301310 0.546640 -0.106799
v 0.295161 0.569343 -0.087536
v 0.303706 0.587883 -0.061538
v 0.317769 0.599029 -0.036850
v 0.287604 0.607143 -0.047164
v 0.301398 0.617557 -0.021053
v 0.010154 0.637724 -0.118695
v 0.019620 0.651140 -0.099381
v 0.019893 0.670480 -0.072951
v 0.019171 0.687099 -0.047595
v 0.020005 0.700885 -0.019155
v 0.059471 0.650361 -0.091981
v 0.059844 0.668624 -0.067594
v 0.055646 0.684403 -0.044310
v 0.059833 0.697097 -0.016081
v 0.098498 0.647742 -0.085725
v 0.100316 0.666684 -0.059518
v 0.115554 0.677080 -0.037281
v 0.085552 0.680829 -0.041144
v 0.099788 0.689781 -0.017384
v 0.134335 0.642918 -0.082483
v 0.139027 0.659096 -0.058224
v 0.144825 0.673312 -0.032339
v 0.136051 0.686510 -0.008706
v 0.163433 0.637248 -0.079498
v 0.175954 0.650197 -0.055753
v 0.180814 0.667535 -0.022728
v 0.164976 0.681723 -0.002964
v 0.206188 0.644933 -0.046048
v 0.219234 0.654899 -0.019357
v 0.248798 0.647649 -0.008741
v 0.339398 0.020157 -0.258362
v 0.339430 0.059350 -0.257239
v 0.340871 0.099405 -0.253154
v 0.358820 0.114421 -0.238566
v 0.335269 0.139901 -0.253074
v 0.357191 0.144439 -0.236769
v 0.331249 0.179116 -0.251143
v 0.354795 0.180918 -0.234149
v 0.326560 0.216043 -0.248478
v 0.350804 0.220003 -0.230362
v 0.323043 0.246192 -0.243920
v 0.341302 0.260633 -0.226978
v 0.340315 0.300415 -0.215035
v 0.357763 0.315263 -0.197499
v 0.361327 0.020182 -0.241573
v 0.383215 0.020158 -0.224659
v 0.361147 0.054974 -0.241294
v 0.382442 0.059358 -0.224834
v 0.360234 0.084334 -0.240159
v 0.378109 0.099387 -0.225535
v 0.379508 0.139609 -0.220851
v 0.378780 0.178588 -0.217097
v 0.378278 0.217699 -0.211165
v 0.395723 0.232700 -0.194769
v 0.368541 0.255309 -0.208714
v 0.390679 0.262885 -0.189892
v 0.363145 0.285452 -0.203396
v 0.380415 0.300249 -0.185648
v 0.406842 0.020179 -0.206888
v 0.432115 0.019858 -0.189356
v 0.406500 0.059944 -0.206917
v 0.432076 0.060272 -0.189385
v 0.403987 0.099619 -0.206317
v 0.429129 0.100129 -0.188886
v 0.402967 0.138349 -0.203851
v 0.426727 0.139589 -0.187255
v 0.401384 0.173951 -0.201497
v 0.423571 0.178397 -0.185238
v 0.399282 0.202998 -0.198820
v 0.417230 0.217393 -0.182765
v 0.417387 0.257169 -0.171559
v 0.434975 0.272494 -0.154046
v 0.407273 0.294753 -0.166936
v 0.429637 0.302755 -0.147585
v 0.460893 0.019102 -0.171576
v 0.480295 0.003806 -0.159530
v 0.461010 0.061426 -0.171668
v 0.480653 0.076756 -0.159872
v 0.455382 0.101169 -0.172390
v 0.478852 0.106013 -0.158638
v 0.452168 0.140120 -0.171026
v 0.476711 0.141606 -0.156762
v 0.448827 0.178451 -0.168861
v 0.473890 0.180029 -0.153895
v 0.443929 0.214016 -0.165510
v 0.469056 0.218781 -0.148791
v 0.440011 0.242930 -0.160102
v 0.458370 0.257207 -0.143426
v 0.457137 0.295305 -0.131075
v 0.473704 0.313089 -0.114437
v 0.481479 0.029205 -0.160716
v 0.502029 0.019349 -0.148585
v 0.481645 0.051721 -0.160780
v 0.502510 0.061652 -0.148909
v 0.504273 0.101339 -0.145703
v 0.503243 0.140428 -0.143213
v 0.501345 0.179905 -0.139630
v 0.499178 0.219480 -0.132369
v 0.518394 0.235089 -0.118556
v 0.487114 0.254632 -0.127458
v 0.511433 0.263627 -0.112211
v 0.481384 0.282993 -0.120768
v 0.500774 0.298712 -0.104845
v 0.536351 0.020782 -0.130189
v 0.556965 0.006228 -0.117173
v 0.537457 0.061580 -0.130925
v 0.559520 0.075686 -0.119715
v 0.533501 0.100860 -0.131210
v 0.558714 0.105256 -0.119256
v 0.531473 0.139325 -0.129851
v 0.557261 0.141456 -0.118407
v 0.528765 0.175832 -0.127662
v 0.553712 0.180553 -0.116279
v 0.524318 0.205822 -0.124196
v 0.544828 0.220896 -0.111697
v 0.543557 0.259924 -0.100430
v 0.537015 0.296274 -0.090067
v 0.555187 0.314153 -0.076007
v 0.558679 0.030840 -0.119216
v 0.578912 0.020608 -0.106504
v 0.559703 0.052395 -0.119994
v 0.581796 0.060980 -0.108868
v 0.585274 0.100641 -0.108326
v 0.585967 0.140251 -0.108522
v 0.584631 0.180334 -0.106965
v 0.581612 0.220260 -0.100749
v 0.581395 0.258912 -0.089836
v 0.596836 0.280520 -0.079631
v 0.566884 0.286423 -0.083867
v 0.584547 0.304896 -0.071383
v 0.609292 0.020107 -0.089759
v 0.634357 0.014415 -0.074444
v 0.617284 0.059008 -0.091771
v 0.637860 0.043592 -0.078060
v 0.617473 0.099774 -0.095788
v 0.620846 0.139803 -0.098271
v 0.620909 0.179699 -0.099477
v 0.620328 0.218202 -0.095020
v 0.620904 0.252465 -0.086785
v 0.625602 0.278370 -0.077734
v 0.621732 0.302764 -0.065452
v 0.329519 0.336769 -0.210180
v 0.352038 0.344539 -0.191532
v 0.323119 0.365831 -0.204097
v 0.340311 0.380486 -0.186367
v 0.336576 0.416806 -0.171786
v 0.352774 0.433123 -0.150598
v 0.325822 0.446010 -0.162552
v 0.341567 0.463083 -0.141325
v 0.358136 0.476671 -0.120271
v 0.328731 0.495544 -0.129735
v 0.350101 0.502889 -0.108934
v 0.320142 0.520176 -0.117960
v 0.334916 0.534294 -0.095832
v 0.350360 0.548253 -0.070924
v 0.322895 0.558786 -0.080488
v 0.336815 0.571956 -0.056452
v 0.345477 0.590673 -0.025477
v 0.329616 0.609321 -0.009593
v 0.379418 0.339175 -0.173228
v 0.396895 0.354066 -0.154341
v 0.367920 0.375259 -0.168232
v 0.388836 0.382918 -0.148509
v 0.361601 0.403928 -0.159843
v 0.378911 0.417842 -0.138854
v 0.394322 0.434290 -0.116128
v 0.367674 0.447939 -0.130293
v 0.382172 0.463768 -0.109006
v 0.377881 0.496522 -0.091743
v 0.391738 0.510626 -0.069017
v 0.363636 0.523634 -0.082715
v 0.378504 0.537718 -0.058393
v 0.392246 0.550125 -0.032189
v 0.364629 0.562022 -0.044692
v 0.377961 0.573642 -0.018040
v 0.402810 0.325155 -0.160116
v 0.421071 0.340680 -0.140578
v 0.438800 0.356350 -0.120702
v 0.412470 0.376998 -0.131867
v 0.432800 0.384978 -0.111113
v 0.404128 0.405895 -0.123865
v 0.420624 0.420667 -0.100751
v 0.436882 0.434824 -0.077007
v 0.408391 0.456018 -0.090379
v 0.427681 0.462333 -0.067874
v 0.401500 0.483285 -0.079664
v 0.417005 0.495501 -0.056488
v 0.431084 0.509893 -0.030894
v 0.405108 0.524136 -0.044993
v 0.418732 0.537632 -0.018475
v 0.404632 0.561866 -0.004544
v 0.446735 0.326424 -0.127118
v 0.463758 0.343452 -0.108650
v 0.460158 0.378216 -0.093401
v 0.475260 0.394776 -0.072117
v 0.447277 0.407473 -0.085638
v 0.462437 0.423497 -0.062224
v 0.479003 0.436593 -0.040367
v 0.450768 0.456325 -0.050240
v 0.470622 0.462839 -0.028696
v 0.441270 0.483150 -0.041031
v 0.457053 0.495401 -0.016700
v 0.444382 0.523489 -0.003692
v 0.497015 0.336326 -0.091656
v 0.514462 0.353601 -0.073139
v 0.486824 0.365627 -0.082418
v 0.503622 0.381904 -0.061634
v 0.517408 0.399393 -0.040987
v 0.489825 0.409635 -0.051644
v 0.505194 0.424992 -0.030201
v 0.498476 0.456748 -0.011669
v 0.483895 0.483610 -0.001816
v 0.525212 0.324525 -0.083116
v 0.543161 0.340593 -0.066785
v 0.537486 0.369562 -0.050840
v 0.545302 0.392216 -0.030792
v 0.538821 0.420119 -0.013493
v 0.525497 0.445377 -0.001917
v 0.580495 0.337742 -0.053820
v 0.594615 0.357180 -0.035116
v 0.566401 0.363308 -0.041498
v 0.581878 0.382119 -0.021106
v 0.568844 0.408334 -0.006294
v 0.620294 0.328805 -0.048835
v 0.624683 0.351149 -0.030530
v 0.620864 0.374331 -0.012977
v 0.659295 0.019545 -0.058863
v 0.641862 0.073305 -0.081521
v 0.659748 0.057858 -0.066628
v 0.647318 0.103451 -0.084606
v 0.668431 0.094002 -0.069268
v 0.659346 0.140231 -0.088216
v 0.676701 0.122267 -0.073210
v 0.659900 0.179871 -0.094947
v 0.660003 0.218080 -0.093946
v 0.660065 0.251873 -0.086739
v 0.660127 0.278240 -0.077148
v 0.660160 0.301100 -0.062338
v 0.682654 0.024779 -0.040725
v 0.703561 0.020216 -0.017861
v 0.684701 0.060141 -0.045868
v 0.704661 0.059099 -0.022872
v 0.691129 0.096394 -0.050905
v 0.708211 0.094391 -0.027414
v 0.694512 0.152687 -0.081778
v 0.701365 0.130040 -0.060097
v 0.713440 0.122003 -0.035153
v 0.699116 0.183210 -0.092775
v 0.699748 0.219262 -0.095652
v 0.699272 0.253307 -0.088421
v 0.694855 0.278711 -0.077216
v 0.699265 0.300154 -0.061261
v 0.719176 0.034725 0.000194
v 0.720854 0.064554 -0.001009
v 0.723454 0.100471 -0.005246
v 0.721170 0.160957 -0.076700
v 0.726593 0.148720 -0.052859
v 0.730480 0.137585 -0.017925
v 0.738940 0.182436 -0.087647
v 0.750230 0.168880 -0.056496
v 0.750982 0.169322 -0.019959
v 0.739620 0.220055 -0.097421
v 0.739314 0.257930 -0.090027
v 0.724267 0.278931 -0.077702
v 0.754188 0.280547 -0.079773
v 0.739217 0.297990 -0.064181
v 0.778899 0.190398 -0.088288
v 0.782272 0.181627 -0.057831
v 0.778059 0.190875 -0.024542
v 0.779828 0.221366 -0.100475
v 0.792842 0.211231 -0.008708
v 0.780005 0.255730 -0.095581
v 0.784401 0.283140 -0.083107
v 0.779124 0.303586 -0.064615
v 0.814942 0.196301 -0.086659
v 0.817326 0.191365 -0.058421
v 0.805788 0.199765 -0.034204
v 0.819775 0.223006 -0.098920
v 0.835379 0.206507 -0.044386
v 0.822218 0.220540 -0.020406
v 0.820154 0.257114 -0.098087
v 0.834155 0.245841 -0.004098
v 0.821265 0.287644 -0.086656
v 0.815934 0.308714 -0.068216
v 0.841210 0.202861 -0.084241
v 0.842083 0.198646 -0.065786
v 0.858491 0.223525 -0.089391
v 0.861867 0.212811 -0.058043
v 0.859696 0.229612 -0.030414
v 0.860011 0.259760 -0.096399
v 0.863727 0.257170 -0.010099
v 0.861006 0.295807 -0.088291
v 0.846086 0.313612 -0.071991
v 0.876963 0.280036 0.003203
v 0.893364 0.235126 -0.084420
v 0.893933 0.226708 -0.059986
v 0.893203 0.237345 -0.036334
v 0.898215 0.263333 -0.092951
v 0.899587 0.260096 -0.020061
v 0.899824 0.295882 -0.090599
v 0.905538 0.284026 -0.003587
v 0.918271 0.244744 -0.079142
v 0.920707 0.240084 -0.060016
v 0.918154 0.245266 -0.040616
v 0.933059 0.266154 -0.083637
v 0.941961 0.258617 -0.058752
v 0.934592 0.263873 -0.030985
v 0.935201 0.296948 -0.087377
v 0.941237 0.288978 -0.010982
v 0.660113 0.324287 -0.044413
v 0.661523 0.346595 -0.025195
v 0.657042 0.368636 -0.005987
v 0.700192 0.322403 -0.041274
v 0.701623 0.344943 -0.018664
v 0.687268 0.363110 -0.001986
v 0.740095 0.320754 -0.042043
v 0.741193 0.340401 -0.018821
v 0.780126 0.323456 -0.043285
v 0.779983 0.340715 -0.018492
v 0.820055 0.328089 -0.047669
v 0.818183 0.344353 -0.020922
v 0.875374 0.318843 -0.076734
v 0.860295 0.333428 -0.056350
v 0.854921 0.351576 -0.025168
v 0.872035 0.365154 -0.006988
v 0.903890 0.323504 -0.079786
v 0.899977 0.345072 -0.058563
v 0.884567 0.356582 -0.034720
v 0.914713 0.362628 -0.041901
v 0.901853 0.372196 -0.016873
v 0.936000 0.324575 -0.081712
v 0.940509 0.346118 -0.066317
v 0.944203 0.368366 -0.046459
v 0.939714 0.385975 -0.017617
v 0.957786 0.400767 -0.001550
v 0.956443 0.278768 -0.076908
v 0.966377 0.276823 -0.058375
v 0.962507 0.278231 -0.034695
v 0.964555 0.300096 -0.078882
v 0.986404 0.303365 -0.058114
v 0.980477 0.300337 -0.020860
v 1.016173 0.316652 -0.050973
v 1.014398 0.312589 -0.026928
v 1.038430 0.325695 -0.045208
v 1.038162 0.322435 -0.029331
v 0.962487 0.322869 -0.079292
v 0.980697 0.338729 -0.068257
v 0.994887 0.322055 -0.001969
v 0.980338 0.370555 -0.052767
v 0.975359 0.391216 -0.030143
v 0.984749 0.407833 -0.008465
v 1.018666 0.344239 -0.059142
v 1.023361 0.329230 -0.009160
v 1.018372 0.377937 -0.051493
v 1.004452 0.395844 -0.034872
v 1.031687 0.399212 -0.038313
v 1.019685 0.413679 -0.017455
v 1.052123 0.345983 -0.046224
v 1.054827 0.338166 -0.019444
v 1.053722 0.376254 -0.047376
v 1.057472 0.401088 -0.038073
v 1.058192 0.418857 -0.018434
v 1.074911 0.357955 -0.037320
v 1.083654 0.355756 -0.018455
v 1.082057 0.379283 -0.036875
v 1.103737 0.381881 -0.014671
v 1.081254 0.401508 -0.032489
v 1.097171 0.416952 -0.015516
v 1.111233 0.436495 0.001008
v 1.133747 0.392999 -0.002765
v 1.132575 0.417611 -0.006578
v 1.136731 0.438977 0.003851
v 1.155687 0.400823 0.006591
v 1.160364 0.419208 0.004614
v 1.159190 0.437761 0.009027
v 0.019891 0.021139 0.928848
v 0.019996 0.060106 0.932841
v 0.020013 0.100055 0.933788
v 0.020064 0.140146 0.931140
v 0.020256 0.179969 0.927052
v 0.037126 0.239563 0.919676
v 0.020682 0.218240 0.922899
v 0.021398 0.263666 0.916436
v 0.011160 0.242020 0.920493
v 0.020261 0.300088 0.906205
v 0.059658 0.021178 0.927138
v 0.059966 0.060131 0.931104
v 0.060020 0.099988 0.932014
v 0.060110 0.139593 0.929369
v 0.060110 0.177383 0.925493
v 0.066317 0.234375 0.918629
v 0.056976 0.209607 0.922143
v 0.061388 0.264825 0.913697
v 0.060270 0.300784 0.903457
v 0.099208 0.023826 0.925256
v 0.099898 0.060767 0.928930
v 0.100025 0.100096 0.929735
v 0.100088 0.139520 0.927046
v 0.116414 0.198988 0.919717
v 0.100089 0.177616 0.923106
v 0.102161 0.224766 0.917513
v 0.086209 0.203849 0.921036
v 0.100601 0.261268 0.911535
v 0.100128 0.297903 0.901343
v 0.154915 0.002344 0.919148
v 0.138790 0.023505 0.922910
v 0.139572 0.060885 0.926615
v 0.139843 0.099549 0.927417
v 0.139232 0.136821 0.924994
v 0.145564 0.193280 0.918537
v 0.136177 0.168590 0.921922
v 0.141232 0.224237 0.914948
v 0.140250 0.260396 0.908822
v 0.140019 0.296398 0.898676
v 0.184121 0.007737 0.917653
v 0.174721 0.032489 0.921696
v 0.177889 0.063962 0.924449
v 0.178747 0.100167 0.924912
v 0.195619 0.155961 0.919037
v 0.177187 0.136856 0.922626
v 0.181672 0.183506 0.917111
v 0.165018 0.163020 0.920733
v 0.180472 0.221088 0.912387
v 0.180164 0.259520 0.905642
v 0.179889 0.295595 0.895325
v 0.220043 0.017867 0.915020
v 0.203038 0.038491 0.919945
v 0.232205 0.046870 0.916924
v 0.213579 0.064513 0.921534
v 0.234393 0.115451 0.918045
v 0.214905 0.098403 0.921984
v 0.224497 0.144740 0.916842
v 0.205685 0.126407 0.921011
v 0.221012 0.181577 0.912878
v 0.220263 0.220397 0.907948
v 0.220090 0.259607 0.900691
v 0.235705 0.318100 0.878262
v 0.219918 0.297105 0.889676
v 0.259653 0.020092 0.908192
v 0.260086 0.060201 0.913010
v 0.237996 0.070772 0.918648
v 0.260706 0.100855 0.913903
v 0.238654 0.090932 0.919004
v 0.261091 0.140720 0.910546
v 0.260243 0.180180 0.906272
v 0.260011 0.219435 0.901239
v 0.259147 0.256705 0.894502
v 0.265045 0.312833 0.873695
v 0.256104 0.288429 0.885780
v 0.299259 0.020058 0.899577
v 0.299666 0.060043 0.903997
v 0.299742 0.100107 0.905161
v 0.300076 0.140109 0.902353
v 0.299403 0.179881 0.898095
v 0.299193 0.219008 0.893025
v 0.315153 0.275068 0.876295
v 0.296992 0.256120 0.886533
v 0.301271 0.302696 0.868701
v 0.285048 0.282728 0.880994
v 0.278425 0.639762 0.001790
v 0.307085 0.632260 0.013052
v 0.318274 0.640010 0.041634
v 0.193219 0.635561 0.635425
v 0.222821 0.629941 0.630676
v 0.271474 0.632330 0.591397
v 0.258088 0.623861 0.618324
v 0.312988 0.592601 0.632899
v 0.312875 0.634007 0.552941
v 0.300738 0.625153 0.580868
v 0.295143 0.610094 0.615224
v 0.019817 0.334717 0.893282
v 0.019851 0.387997 0.871628
v 0.016409 0.362496 0.882437
v 0.019995 0.418358 0.859117
v 0.020007 0.472419 0.832483
v 0.019826 0.447474 0.846299
v 0.020119 0.518083 0.795485
v 0.020044 0.495531 0.814945
v 0.035218 0.559100 0.758188
v 0.020690 0.542253 0.774627
v 0.020241 0.577666 0.743563
v 0.010952 0.560573 0.760223
v 0.036399 0.637903 0.679259
v 0.020828 0.624242 0.698274
v 0.016653 0.601908 0.721739
v 0.075211 0.358920 0.879204
v 0.060113 0.337219 0.889508
v 0.060186 0.382252 0.870984
v 0.045396 0.360936 0.881108
v 0.059812 0.415559 0.857232
v 0.059782 0.469208 0.830239
v 0.058658 0.444786 0.844377
v 0.060081 0.514272 0.793570
v 0.059979 0.492329 0.812693
v 0.064683 0.557282 0.754686
v 0.060611 0.536255 0.773961
v 0.074153 0.597053 0.716922
v 0.059639 0.580724 0.734777
v 0.065446 0.634749 0.676797
v 0.060094 0.615542 0.700994
v 0.045125 0.599906 0.719597
v 0.105007 0.356832 0.877299
v 0.100262 0.330797 0.888657
v 0.100382 0.384275 0.866267
v 0.099262 0.415389 0.853395
v 0.099229 0.464845 0.827558
v 0.094640 0.442172 0.841718
v 0.099925 0.510263 0.790507
v 0.099665 0.488349 0.809741
v 0.101079 0.552740 0.751977
v 0.099969 0.531651 0.771155
v 0.104287 0.594059 0.713984
v 0.099854 0.574423 0.732847
v 0.101056 0.631854 0.671464
v 0.100024 0.613722 0.694526
v 0.141270 0.354397 0.875038
v 0.139126 0.327590 0.886663
v 0.139975 0.384089 0.862532
v 0.154347 0.437423 0.836911
v 0.139196 0.417254 0.848503
v 0.139180 0.458425 0.826170
v 0.124150 0.439831 0.839254
v 0.139469 0.506469 0.787270
v 0.138475 0.484158 0.807002
v 0.139929 0.548604 0.748641
v 0.138773 0.527792 0.767906
v 0.141014 0.590314 0.710281
v 0.138962 0.569854 0.729610
v 0.139162 0.628389 0.665795
v 0.139008 0.610535 0.689546
v 0.180316 0.350408 0.872827
v 0.175689 0.324885 0.884466
v 0.179697 0.380307 0.859998
v 0.184097 0.434749 0.834475
v 0.178659 0.410227 0.847197
v 0.178967 0.459016 0.819690
v 0.178355 0.503073 0.783395
v 0.174508 0.482312 0.802758
v 0.179253 0.544573 0.744807
v 0.175105 0.524382 0.764574
v 0.180235 0.586111 0.705984
v 0.175865 0.565978 0.726036
v 0.178994 0.625201 0.658468
v 0.176058 0.606944 0.684889
v 0.220784 0.342839 0.870338
v 0.205771 0.322040 0.881942
v 0.218630 0.375976 0.856160
v 0.220107 0.430235 0.830107
v 0.214592 0.405171 0.844114
v 0.233191 0.476262 0.793339
v 0.218243 0.458710 0.812054
v 0.233460 0.516257 0.756347
v 0.218174 0.498617 0.778072
v 0.204131 0.480602 0.798014
v 0.235011 0.557223 0.717541
v 0.219752 0.539474 0.739506
v 0.205356 0.521122 0.760871
v 0.235718 0.595453 0.677901
v 0.221327 0.580203 0.700740
v 0.206776 0.562240 0.722200
v 0.220010 0.613917 0.659746
v 0.206822 0.600831 0.682932
v 0.260510 0.342663 0.861284
v 0.273671 0.393442 0.834842
v 0.255962 0.375508 0.848069
v 0.259358 0.419482 0.826041
v 0.243563 0.400527 0.839936
v 0.263728 0.469160 0.788713
v 0.255727 0.448289 0.808751
v 0.263890 0.509795 0.749771
v 0.256094 0.491090 0.770907
v 0.264882 0.550717 0.710615
v 0.257013 0.531870 0.731745
v 0.264664 0.589799 0.669864
v 0.257948 0.572656 0.692440
v 0.255686 0.608112 0.648131
v 0.316035 0.358220 0.838686
v 0.299879 0.338250 0.852536
v 0.303816 0.384222 0.830108
v 0.286095 0.365737 0.843920
v 0.315444 0.437434 0.795619
v 0.300046 0.418246 0.813931
v 0.315394 0.478081 0.757718
v 0.301709 0.461140 0.780704
v 0.286463 0.443404 0.801552
v 0.315509 0.517784 0.717801
v 0.301115 0.501037 0.741032
v 0.286802 0.484268 0.764244
v 0.315267 0.557890 0.677658
v 0.301573 0.541512 0.701427
v 0.287114 0.524698 0.724607
v 0.300381 0.580222 0.660138
v 0.287303 0.564973 0.684848
v 0.284356 0.599497 0.641907
v 0.019841 0.713035 0.010467
v 0.016360 0.723694 0.035888
v 0.019610 0.733774 0.064942
v 0.019977 0.744752 0.101368
v 0.020257 0.753597 0.141430
v 0.033240 0.757114 0.175156
v 0.039478 0.759603 0.202908
v 0.008913 0.758832 0.162071
v 0.012212 0.761389 0.186402
v 0.018753 0.763995 0.219755
v 0.019449 0.767661 0.259458
v 0.018941 0.768811 0.299160
v 0.060105 0.710685 0.017486
v 0.075074 0.718004 0.042387
v 0.045153 0.721297 0.038532
v 0.059206 0.728361 0.063455
v 0.059918 0.739346 0.100739
v 0.060286 0.747380 0.139881
v 0.064342 0.752348 0.178012
v 0.065870 0.756968 0.214642
v 0.076201 0.759028 0.243957
v 0.046730 0.762075 0.232465
v 0.056410 0.763788 0.261778
v 0.054248 0.764814 0.298478
v 0.100495 0.703496 0.016866
v 0.105147 0.714720 0.047172
v 0.096170 0.725247 0.071635
v 0.099560 0.733605 0.103118
v 0.100060 0.740772 0.140459
v 0.100959 0.746409 0.179642
v 0.101868 0.751645 0.218886
v 0.103440 0.756098 0.258693
v 0.107997 0.756002 0.298905
v 0.081715 0.760815 0.272699
v 0.082421 0.760959 0.298521
v 0.139381 0.698246 0.022294
v 0.142153 0.711467 0.056738
v 0.156398 0.717672 0.083689
v 0.125817 0.721816 0.076620
v 0.138140 0.726957 0.102758
v 0.139374 0.733759 0.140513
v 0.139437 0.739789 0.180003
v 0.140306 0.745294 0.219841
v 0.141056 0.749792 0.259720
v 0.142307 0.750163 0.299776
v 0.194491 0.675373 0.005153
v 0.176745 0.689339 0.023825
v 0.180480 0.701995 0.059299
v 0.185070 0.713019 0.094923
v 0.195200 0.716818 0.124667
v 0.166851 0.722855 0.113403
v 0.176294 0.726197 0.142996
v 0.176128 0.732215 0.181186
v 0.178923 0.737318 0.220414
v 0.179193 0.742132 0.260105
v 0.179658 0.742708 0.300096
v 0.224137 0.668691 0.015913
v 0.235618 0.676238 0.044596
v 0.205932 0.683375 0.034214
v 0.217220 0.690568 0.062920
v 0.220415 0.701343 0.100102
v 0.222026 0.710056 0.139262
v 0.231433 0.713337 0.176252
v 0.236424 0.716788 0.206202
v 0.201985 0.720606 0.155759
v 0.207007 0.723945 0.185217
v 0.215540 0.726974 0.221855
v 0.214490 0.732155 0.261003
v 0.214994 0.732712 0.300233
v 0.260390 0.655604 0.019781
v 0.264607 0.669156 0.055767
v 0.274922 0.675559 0.085508
v 0.246075 0.683370 0.074124
v 0.256024 0.688580 0.103631
v 0.256721 0.696677 0.141329
v 0.262188 0.702103 0.180303
v 0.261691 0.709641 0.220801
v 0.268492 0.711770 0.260782
v 0.268697 0.712005 0.300316
v 0.240287 0.720159 0.235840
v 0.242727 0.722456 0.264402
v 0.243076 0.722759 0.296988
v 0.289377 0.648228 0.030868
v 0.300230 0.655905 0.060216
v 0.302647 0.667993 0.098967
v 0.311727 0.673382 0.135443
v 0.317777 0.677453 0.164989
v 0.282301 0.680931 0.115486
v 0.287490 0.685317 0.144598
v 0.296996 0.688990 0.180803
v 0.296543 0.696456 0.220599
v 0.299690 0.699698 0.260209
v 0.299593 0.699673 0.300136
v 0.020239 0.669308 0.629934
v 0.019888 0.712742 0.552770
v 0.019900 0.697739 0.579588
v 0.016656 0.684188 0.604882
v 0.033150 0.757052 0.392680
v 0.020187 0.754024 0.420545
v 0.019986 0.746843 0.459220
v 0.019817 0.737814 0.495848
v 0.018938 0.726373 0.526673
v 0.018293 0.766065 0.337372
v 0.016580 0.762048 0.373064
v 0.010046 0.759270 0.398044
v 0.075403 0.678710 0.598656
v 0.060580 0.668475 0.621622
v 0.059422 0.709093 0.549469
v 0.060203 0.692313 0.579282
v 0.045805 0.682024 0.602035
v 0.072473 0.756825 0.351995
v 0.061843 0.754230 0.381583
v 0.059924 0.748575 0.419948
v 0.059823 0.741889 0.458913
v 0.059068 0.733234 0.494944
v 0.054742 0.723061 0.524067
v 0.053458 0.762296 0.334243
v 0.043363 0.760059 0.362392
v 0.104970 0.675472 0.594628
v 0.100318 0.661954 0.620565
v 0.114276 0.715862 0.516321
v 0.099345 0.706867 0.540088
v 0.099315 0.690302 0.569941
v 0.100909 0.753748 0.338675
v 0.099956 0.748157 0.379406
v 0.099710 0.742216 0.419630
v 0.099611 0.735654 0.458917
v 0.098453 0.726742 0.495908
v 0.084093 0.719546 0.520423
v 0.079116 0.759431 0.323958
v 0.140924 0.671396 0.589994
v 0.138892 0.656544 0.617697
v 0.144386 0.712691 0.511370
v 0.139809 0.699668 0.538938
v 0.135605 0.685871 0.565641
v 0.140136 0.746795 0.339680
v 0.139340 0.741556 0.379716
v 0.139027 0.736022 0.419158
v 0.138791 0.730285 0.456273
v 0.135380 0.723569 0.487573
v 0.194913 0.677873 0.557695
v 0.180071 0.667899 0.582393
v 0.177763 0.650072 0.615896
v 0.194658 0.715664 0.474573
v 0.181349 0.709066 0.502568
v 0.179714 0.692377 0.537367
v 0.165579 0.682199 0.561908
v 0.179625 0.739005 0.340114
v 0.177272 0.734673 0.379893
v 0.175693 0.729888 0.418871
v 0.176075 0.724402 0.456107
v 0.164868 0.719990 0.482588
v 0.223835 0.672396 0.551505
v 0.218435 0.659080 0.579162
v 0.214023 0.645480 0.607242
v 0.239059 0.719098 0.355784
v 0.236200 0.716889 0.385381
v 0.231618 0.714173 0.421341
v 0.222636 0.711002 0.460255
v 0.219128 0.700395 0.496904
v 0.215500 0.687466 0.527935
v 0.217369 0.728646 0.340487
v 0.210419 0.726460 0.379633
v 0.206037 0.723470 0.415556
v 0.202069 0.720434 0.444675
v 0.272328 0.672815 0.512717
v 0.258579 0.664556 0.540523
v 0.254400 0.648538 0.574134
v 0.242494 0.639651 0.600050
v 0.262702 0.711281 0.340703
v 0.264066 0.706591 0.380708
v 0.262281 0.702849 0.419818
v 0.258811 0.697895 0.458350
v 0.255294 0.688289 0.494792
v 0.243631 0.680604 0.521517
v 0.241412 0.721256 0.325967
v 0.312382 0.672443 0.471837
v 0.301237 0.665493 0.500963
v 0.295093 0.650734 0.535527
v 0.283191 0.641668 0.563309
v 0.296600 0.697812 0.340098
v 0.295677 0.694468 0.379572
v 0.294306 0.691060 0.417850
v 0.293943 0.685540 0.454552
v 0.283687 0.680768 0.483486
v 0.021341 0.652082 0.660346
v 0.011328 0.639883 0.680810
v 0.060975 0.651284 0.651877
v 0.098935 0.647199 0.647355
v 0.134279 0.643211 0.643156
v 0.163590 0.639764 0.639527
v 0.336820 0.020706 0.891147
v 0.339357 0.059802 0.894972
v 0.339021 0.099967 0.896422
v 0.339345 0.140079 0.893870
v 0.336672 0.179074 0.890138
v 0.355618 0.235062 0.877520
v 0.336513 0.216826 0.885353
v 0.344685 0.263889 0.872796
v 0.326109 0.245704 0.882268
v 0.340000 0.297877 0.860544
v 0.393281 0.014220 0.875853
v 0.368808 0.023495 0.884068
v 0.398827 0.043332 0.877947
v 0.377273 0.059350 0.886170
v 0.375153 0.099817 0.888152
v 0.398278 0.156280 0.877991
v 0.376949 0.140232 0.885610
v 0.393292 0.185456 0.875793
v 0.368459 0.176164 0.883524
v 0.383172 0.221523 0.873005
v 0.362858 0.204870 0.881062
v 0.381273 0.260531 0.863586
v 0.395767 0.315645 0.836646
v 0.377646 0.296944 0.850985
v 0.421890 0.018680 0.865046
v 0.423275 0.058300 0.869696
v 0.401742 0.072125 0.879960
v 0.426888 0.099735 0.870326
v 0.402495 0.099732 0.880992
v 0.422437 0.141127 0.870643
v 0.401257 0.127247 0.880013
v 0.423584 0.181130 0.865266
v 0.418572 0.220246 0.861073
v 0.436997 0.276860 0.838253
v 0.418177 0.258796 0.852357
v 0.426025 0.305621 0.830545
v 0.407557 0.287702 0.845393
v 0.476360 0.014320 0.836433
v 0.451694 0.019863 0.850661
v 0.478757 0.043881 0.839480
v 0.457883 0.058891 0.852465
v 0.456686 0.099739 0.855913
v 0.455209 0.139770 0.855649
v 0.477757 0.195371 0.838378
v 0.457417 0.179556 0.850503
v 0.473376 0.225592 0.835347
v 0.449691 0.216769 0.848589
v 0.464168 0.262700 0.830602
v 0.444757 0.246700 0.844462
v 0.477643 0.319982 0.799994
v 0.462350 0.300463 0.816707
v 0.501591 0.018817 0.822600
v 0.500823 0.058925 0.828937
v 0.480899 0.073543 0.841758
v 0.506616 0.099654 0.829263
v 0.482720 0.102984 0.842937
v 0.506612 0.139631 0.829310
v 0.482308 0.136189 0.842786
v 0.500628 0.180027 0.828772
v 0.480621 0.165193 0.840988
v 0.500186 0.219782 0.822804
v 0.495979 0.256733 0.816845
v 0.504479 0.312062 0.790274
v 0.495043 0.288660 0.806458
v 0.549729 0.019657 0.790984
v 0.527313 0.023651 0.807996
v 0.554459 0.059589 0.794106
v 0.529667 0.060537 0.811564
v 0.558080 0.099603 0.795592
v 0.533278 0.099930 0.812966
v 0.558079 0.139996 0.796640
v 0.533492 0.139969 0.813330
v 0.556601 0.180300 0.794603
v 0.530436 0.179833 0.811779
v 0.552187 0.219870 0.791732
v 0.527630 0.218535 0.807914
v 0.546225 0.258575 0.786966
v 0.523495 0.253762 0.803213
v 0.554101 0.314271 0.758491
v 0.536838 0.297272 0.779044
v 0.519957 0.281225 0.796469
v 0.594834 0.019186 0.752446
v 0.572750 0.020619 0.772353
v 0.598077 0.054410 0.757160
v 0.577400 0.058861 0.775444
v 0.599725 0.083481 0.759693
v 0.582678 0.098534 0.775647
v 0.581176 0.139926 0.778368
v 0.599750 0.196575 0.759143
v 0.582249 0.181252 0.775133
v 0.597961 0.225888 0.755547
v 0.576158 0.220254 0.773979
v 0.591504 0.261532 0.752167
v 0.570333 0.256078 0.770755
v 0.580163 0.299686 0.746797
v 0.562919 0.285507 0.766182
v 0.635250 0.008049 0.712085
v 0.619170 0.022258 0.731579
v 0.619387 0.060167 0.739297
v 0.618008 0.098826 0.745246
v 0.600998 0.112123 0.761276
v 0.621225 0.140015 0.744628
v 0.601624 0.139936 0.762021
v 0.618819 0.181533 0.745006
v 0.601279 0.167858 0.761202
v 0.640035 0.235963 0.717397
v 0.622280 0.221787 0.735947
v 0.635230 0.265124 0.714562
v 0.614850 0.260122 0.733574
v 0.627518 0.299201 0.707814
v 0.606533 0.294995 0.728014
v 0.357940 0.599688 0.001855
v 0.341401 0.617623 0.018425
v 0.346080 0.631281 0.053579
v 0.356047 0.637411 0.083665
v 0.384851 0.590034 0.014889
v 0.395728 0.597595 0.043288
v 0.368755 0.608358 0.031053
v 0.379498 0.615519 0.060392
v 0.382659 0.627616 0.098557
v 0.391948 0.633224 0.135147
v 0.397911 0.638306 0.164837
v 0.430963 0.548506 0.009632
v 0.416070 0.571423 0.023614
v 0.420619 0.586499 0.057333
v 0.432394 0.591173 0.087406
v 0.405751 0.604710 0.073932
v 0.415808 0.609865 0.104035
v 0.419500 0.619700 0.141099
v 0.423134 0.629055 0.179858
v 0.431567 0.633314 0.220053
v 0.434824 0.635719 0.259969
v 0.435291 0.636053 0.299986
v 0.470197 0.509915 0.010300
v 0.456302 0.535860 0.024972
v 0.466920 0.547158 0.058550
v 0.475403 0.555563 0.086827
v 0.440125 0.558776 0.037538
v 0.446800 0.568569 0.065638
v 0.458015 0.577419 0.102142
v 0.468760 0.585828 0.138158
v 0.474782 0.593728 0.166962
v 0.440613 0.597694 0.116810
v 0.446813 0.604735 0.145623
v 0.456172 0.611074 0.181567
v 0.458809 0.618507 0.220787
v 0.460867 0.621641 0.260195
v 0.461575 0.622504 0.300022
v 0.512001 0.471820 0.010932
v 0.497541 0.497564 0.024130
v 0.511835 0.510214 0.056251
v 0.519389 0.521242 0.083135
v 0.481549 0.521371 0.036688
v 0.491172 0.530554 0.063684
v 0.501609 0.541418 0.097495
v 0.512587 0.549710 0.127647
v 0.484927 0.562675 0.115019
v 0.496421 0.569059 0.145120
v 0.498449 0.583507 0.182015
v 0.507419 0.587976 0.220988
v 0.512395 0.590255 0.260312
v 0.513634 0.592847 0.300095
v 0.480235 0.600437 0.195710
v 0.484353 0.604418 0.225133
v 0.487115 0.606684 0.261273
v 0.488467 0.608008 0.300190
v 0.555362 0.434493 0.007859
v 0.540162 0.459581 0.020609
v 0.554196 0.471590 0.046391
v 0.525582 0.484137 0.034907
v 0.540065 0.493710 0.062021
v 0.545208 0.510796 0.095344
v 0.556049 0.519815 0.124308
v 0.528616 0.531003 0.111841
v 0.539622 0.539665 0.142329
v 0.550131 0.548527 0.180281
v 0.555514 0.554947 0.215749
v 0.558483 0.558226 0.245396
v 0.521063 0.558381 0.156903
v 0.525960 0.566522 0.185490
v 0.532914 0.571077 0.221209
v 0.540102 0.572219 0.260554
v 0.539169 0.576935 0.300608
v 0.597134 0.399920 0.000390
v 0.585516 0.423816 0.016640
v 0.597584 0.438738 0.042897
v 0.569271 0.448232 0.031265
v 0.581913 0.461105 0.058247
v 0.593726 0.471435 0.086384
v 0.566558 0.482834 0.074242
v 0.577680 0.492673 0.102550
v 0.583269 0.508431 0.136955
v 0.593495 0.514588 0.166582
v 0.566953 0.527278 0.154071
v 0.578190 0.531505 0.183992
v 0.579451 0.539842 0.221383
v 0.579223 0.546809 0.260618
v 0.585528 0.547844 0.300563
v 0.560827 0.560749 0.275530
v 0.562859 0.562766 0.304959
v 0.626259 0.394178 0.008164
v 0.619322 0.414713 0.028086
v 0.625601 0.431351 0.056115
v 0.637415 0.440882 0.083167
v 0.609223 0.451430 0.071202
v 0.621101 0.460863 0.099133
v 0.632116 0.469905 0.128106
v 0.604804 0.481508 0.115424
v 0.615182 0.490194 0.144631
v 0.617040 0.503313 0.182100
v 0.625218 0.507084 0.221200
v 0.630713 0.510846 0.260247
v 0.635518 0.512876 0.299889
v 0.600139 0.519960 0.196756
v 0.603403 0.524245 0.225611
v 0.606364 0.528623 0.261432
v 0.610808 0.530793 0.300213
v 0.355058 0.596210 0.594185
v 0.342813 0.587473 0.620918
v 0.354207 0.635543 0.514043
v 0.342249 0.626829 0.542246
v 0.336854 0.612118 0.576896
v 0.324540 0.603504 0.604484
v 0.395979 0.555113 0.635556
v 0.396194 0.597492 0.556093
v 0.384379 0.589129 0.584110
v 0.379083 0.573953 0.618388
v 0.394687 0.635589 0.474287
v 0.383391 0.628095 0.503339
v 0.378337 0.613691 0.538367
v 0.366355 0.605170 0.566439
v 0.437012 0.558393 0.596450
v 0.424763 0.549362 0.622960
v 0.435816 0.597301 0.515954
v 0.424760 0.589668 0.544864
v 0.419765 0.575456 0.579699
v 0.407868 0.566878 0.607410
v 0.434944 0.635693 0.340007
v 0.434080 0.634858 0.380003
v 0.431056 0.632238 0.419890
v 0.422444 0.627060 0.459993
v 0.418401 0.614024 0.498036
v 0.407185 0.606120 0.527149
v 0.474691 0.512080 0.634253
v 0.476406 0.558026 0.556583
v 0.464883 0.549979 0.584893
v 0.458583 0.533519 0.618020
v 0.473100 0.594234 0.473118
v 0.463327 0.588162 0.503328
v 0.459209 0.574984 0.539301
v 0.447959 0.567219 0.568003
v 0.461769 0.622482 0.339959
v 0.461273 0.621571 0.379655
v 0.459001 0.617996 0.418424
v 0.455803 0.610283 0.455822
v 0.445972 0.604671 0.485711
v 0.517527 0.481328 0.639242
v 0.515287 0.514806 0.595373
v 0.504334 0.502502 0.622799
v 0.513773 0.555500 0.513864
v 0.503909 0.548951 0.543880
v 0.498930 0.534537 0.579005
v 0.487385 0.523878 0.607064
v 0.514506 0.594347 0.339979
v 0.513992 0.593673 0.379761
v 0.510169 0.589392 0.419015
v 0.498871 0.584534 0.458003
v 0.496432 0.572269 0.496267
v 0.486657 0.565824 0.526385
v 0.489251 0.608544 0.339804
v 0.488765 0.607914 0.378677
v 0.485715 0.604808 0.414522
v 0.480460 0.600255 0.443268
v 0.543894 0.470112 0.631186
v 0.554731 0.513983 0.554018
v 0.541791 0.507222 0.581525
v 0.536686 0.491001 0.609922
v 0.556774 0.556411 0.434562
v 0.551453 0.550973 0.463844
v 0.539861 0.545632 0.499558
v 0.537468 0.532701 0.537183
v 0.526304 0.525629 0.566055
v 0.539753 0.579172 0.340030
v 0.539561 0.578144 0.379447
v 0.538841 0.571999 0.418917
v 0.527988 0.568088 0.454976
v 0.521638 0.562015 0.483870
v 0.593355 0.433746 0.633245
v 0.598575 0.480975 0.556610
v 0.591123 0.470084 0.583657
v 0.576998 0.457963 0.616974
v 0.597642 0.517378 0.475783
v 0.592440 0.510652 0.505185
v 0.581834 0.501781 0.541698
v 0.569855 0.490933 0.575963
v 0.561916 0.479644 0.601737
v 0.587610 0.548697 0.340060
v 0.585443 0.547463 0.379655
v 0.578871 0.544975 0.419924
v 0.579672 0.534127 0.460179
v 0.569289 0.528882 0.496426
v 0.563581 0.521110 0.525806
v 0.564234 0.564248 0.340076
v 0.563457 0.563584 0.375339
v 0.560925 0.560711 0.404910
v 0.635181 0.395223 0.635251
v 0.633096 0.430416 0.592349
v 0.621385 0.420898 0.621304
v 0.634754 0.474166 0.514721
v 0.622602 0.469039 0.544078
v 0.618624 0.452463 0.577128
v 0.605597 0.444311 0.605612
v 0.636022 0.513080 0.340002
v 0.632034 0.511541 0.380042
v 0.626733 0.508655 0.419938
v 0.619473 0.505686 0.460173
v 0.619588 0.493841 0.498136
v 0.608014 0.489104 0.528123
v 0.611977 0.531393 0.339896
v 0.609237 0.529783 0.379058
v 0.604443 0.526966 0.415806
v 0.601672 0.522445 0.445823
v 0.345058 0.352046 0.833521
v 0.336107 0.328186 0.847450
v 0.340719 0.380654 0.821038
v 0.344816 0.429953 0.790847
v 0.336300 0.408850 0.807781
v 0.345298 0.472075 0.750736
v 0.340470 0.452565 0.772702
v 0.345633 0.510844 0.710720
v 0.338004 0.493000 0.732366
v 0.345285 0.550707 0.670415
v 0.338237 0.532563 0.692514
v 0.337131 0.571560 0.649750
v 0.381400 0.342766 0.827761
v 0.365309 0.322889 0.842195
v 0.395245 0.394574 0.795870
v 0.377841 0.377203 0.811830
v 0.380136 0.419258 0.785218
v 0.365139 0.402318 0.802021
v 0.396771 0.480584 0.718723
v 0.381305 0.466678 0.740568
v 0.375413 0.444964 0.765090
v 0.396349 0.518639 0.678601
v 0.382968 0.502554 0.702181
v 0.367909 0.487524 0.724758
v 0.382369 0.541361 0.661602
v 0.368470 0.525356 0.685447
v 0.366863 0.562462 0.644262
v 0.437692 0.357539 0.799248
v 0.419907 0.339988 0.815842
v 0.424877 0.384662 0.789823
v 0.407717 0.367534 0.806401
v 0.433326 0.430552 0.750885
v 0.416589 0.416043 0.771885
v 0.425689 0.471536 0.713334
v 0.417068 0.452322 0.738220
v 0.403194 0.438355 0.758885
v 0.424891 0.511054 0.670771
v 0.418646 0.493279 0.693756
v 0.417800 0.532431 0.650495
v 0.466238 0.346652 0.791571
v 0.449528 0.329042 0.808564
v 0.476468 0.395909 0.755838
v 0.459930 0.379931 0.775704
v 0.476374 0.438806 0.718502
v 0.463988 0.422174 0.741982
v 0.446896 0.406765 0.763748
v 0.475894 0.477632 0.676036
v 0.462359 0.462223 0.702278
v 0.447868 0.446069 0.727551
v 0.459669 0.500416 0.660679
v 0.447639 0.485257 0.685735
v 0.445802 0.522241 0.643629
v 0.516800 0.356450 0.758260
v 0.499988 0.341762 0.776549
v 0.504650 0.382812 0.749316
v 0.488005 0.368269 0.767822
v 0.504155 0.430258 0.709975
v 0.498039 0.410562 0.732357
v 0.504790 0.470395 0.663473
v 0.497444 0.452328 0.690248
v 0.489310 0.491641 0.649013
v 0.543785 0.343573 0.748969
v 0.527290 0.327287 0.768760
v 0.552507 0.392606 0.710432
v 0.537784 0.377026 0.732588
v 0.552658 0.430811 0.673104
v 0.537737 0.418727 0.698618
v 0.525211 0.402891 0.721679
v 0.537495 0.452906 0.658823
v 0.524635 0.441404 0.683007
v 0.591479 0.350834 0.708961
v 0.575728 0.335661 0.730773
v 0.594695 0.394536 0.674440
v 0.580045 0.379788 0.699200
v 0.564776 0.364370 0.721435
v 0.580984 0.420644 0.660828
v 0.566571 0.406902 0.686815
v 0.565534 0.444290 0.645351
v 0.632311 0.351561 0.672306
v 0.617284 0.335491 0.696894
v 0.600363 0.322822 0.718715
v 0.621733 0.381610 0.661558
v 0.606713 0.365867 0.686301
v 0.608560 0.408345 0.648422
v 0.328372 0.647166 0.071509
v 0.337672 0.652736 0.101685
v 0.340442 0.661325 0.139946
v 0.343462 0.669454 0.179604
v 0.352306 0.673962 0.219971
v 0.356350 0.676844 0.259929
v 0.356289 0.676848 0.299996
v 0.322703 0.681704 0.194686
v 0.326836 0.685602 0.224519
v 0.330153 0.687927 0.261035
v 0.329940 0.687677 0.300175
v 0.363257 0.643005 0.114166
v 0.368853 0.647949 0.143675
v 0.377747 0.652769 0.180283
v 0.380418 0.660304 0.220153
v 0.382684 0.663845 0.259977
v 0.382639 0.664014 0.299993
v 0.402922 0.643376 0.194370
v 0.407297 0.647295 0.224345
v 0.409724 0.649577 0.260988
v 0.409901 0.649635 0.300139
v 0.353992 0.675341 0.339947
v 0.351147 0.673342 0.379625
v 0.347529 0.670470 0.418762
v 0.339887 0.665225 0.457926
v 0.336312 0.651934 0.495813
v 0.324348 0.643332 0.524421
v 0.327323 0.685901 0.339768
v 0.324720 0.683641 0.378392
v 0.322013 0.681329 0.413890
v 0.319144 0.678044 0.442599
v 0.381447 0.662818 0.339984
v 0.379925 0.661124 0.379796
v 0.377917 0.658074 0.418912
v 0.375845 0.650814 0.456723
v 0.365296 0.644064 0.485593
v 0.409283 0.648903 0.339848
v 0.408344 0.647923 0.378957
v 0.406314 0.646042 0.415516
v 0.402347 0.642123 0.445147
v 0.716938 0.005071 0.001866
v 0.731394 0.019801 0.021605
v 0.748031 0.019731 0.052829
v 0.734413 0.060256 0.025604
v 0.749769 0.059856 0.058280
v 0.758572 0.074776 0.081468
v 0.734627 0.100193 0.024184
v 0.746903 0.100131 0.055845
v 0.757285 0.104452 0.083253
v 0.738621 0.139746 0.019898
v 0.747550 0.138757 0.054660
v 0.757078 0.139354 0.083843
v 0.751173 0.177121 0.018080
v 0.753088 0.173590 0.053589
v 0.759115 0.172916 0.082437
v 0.762789 0.200410 0.031154
v 0.761235 0.200374 0.056815
v 0.763435 0.198885 0.080699
v 0.760847 0.016364 0.078569
v 0.771922 0.019724 0.105609
v 0.783863 0.019828 0.139080
v 0.793724 0.019103 0.172250
v 0.760122 0.045084 0.079735
v 0.768485 0.059754 0.103290
v 0.781581 0.059693 0.140276
v 0.793213 0.058944 0.177563
v 0.799339 0.072688 0.200818
v 0.767618 0.100139 0.109284
v 0.779348 0.099992 0.141815
v 0.790728 0.099940 0.175332
v 0.799013 0.100065 0.201386
v 0.767106 0.139808 0.110856
v 0.778915 0.140300 0.143002
v 0.791637 0.140577 0.177794
v 0.799482 0.127474 0.200841
v 0.768120 0.197214 0.003827
v 0.768804 0.179063 0.108020
v 0.780757 0.180069 0.139983
v 0.792334 0.177262 0.170508
v 0.780276 0.219806 0.019877
v 0.774367 0.223239 0.058869
v 0.774311 0.218089 0.098104
v 0.787557 0.219684 0.137361
v 0.796037 0.206825 0.164572
v 0.795604 0.243673 0.033050
v 0.790010 0.250043 0.061979
v 0.789661 0.255985 0.096347
v 0.795581 0.253758 0.128394
v 0.802603 0.277530 0.105841
v 0.805200 0.276028 0.125313
v 0.800797 0.014454 0.198550
v 0.807535 0.019038 0.225973
v 0.815179 0.019826 0.261117
v 0.819662 0.019963 0.300070
v 0.800126 0.043553 0.199761
v 0.806090 0.058892 0.222948
v 0.815673 0.059754 0.260360
v 0.821716 0.059870 0.299872
v 0.807539 0.100082 0.226681
v 0.817449 0.100008 0.261395
v 0.824030 0.099339 0.300109
v 0.801134 0.156694 0.198847
v 0.808790 0.141344 0.222716
v 0.820767 0.139946 0.260389
v 0.827406 0.136975 0.299903
v 0.804556 0.186070 0.194826
v 0.816617 0.180843 0.224574
v 0.829022 0.178428 0.261385
v 0.834256 0.170166 0.300407
v 0.806180 0.233729 0.005577
v 0.802131 0.234824 0.158479
v 0.810713 0.221618 0.184691
v 0.826944 0.217818 0.218637
v 0.835222 0.206437 0.247364
v 0.819825 0.259424 0.021370
v 0.809486 0.270276 0.055297
v 0.804737 0.275577 0.083450
v 0.810690 0.261409 0.151554
v 0.825926 0.257277 0.180405
v 0.836563 0.246318 0.207630
v 0.837064 0.282734 0.035348
v 0.827954 0.290804 0.063462
v 0.819613 0.293509 0.098462
v 0.822350 0.288757 0.136156
v 0.835491 0.283273 0.165117
v 0.842680 0.198678 0.275979
v 0.847600 0.195422 0.303235
v 0.845862 0.234768 0.235438
v 0.852383 0.222388 0.263760
v 0.865517 0.220941 0.298471
v 0.848608 0.271757 0.011910
v 0.848146 0.273675 0.194450
v 0.858389 0.262076 0.223824
v 0.869505 0.248973 0.256846
v 0.879787 0.242228 0.284043
v 0.865317 0.295598 0.026462
v 0.852502 0.306919 0.062122
v 0.845768 0.311324 0.099869
v 0.848800 0.307872 0.138824
v 0.860597 0.298701 0.177480
v 0.871768 0.288189 0.208526
v 0.885510 0.237433 0.310162
v 0.881808 0.278042 0.236654
v 0.891125 0.268466 0.263525
v 0.902516 0.257946 0.297688
v 0.901932 0.303033 0.017436
v 0.886760 0.309369 0.193712
v 0.897223 0.301772 0.224267
v 0.908427 0.291108 0.257188
v 0.917830 0.281986 0.284237
v 0.927547 0.273815 0.311764
v 0.937008 0.308853 0.011111
v 0.921418 0.315677 0.236258
v 0.930028 0.308926 0.263806
v 0.941552 0.298450 0.297117
v 0.712811 0.006760 0.636122
v 0.715428 0.234981 0.638494
v 0.713209 0.265010 0.632328
v 0.717836 0.315612 0.597876
v 0.707704 0.300917 0.621818
v 0.750209 0.019720 0.591168
v 0.731045 0.021418 0.618822
v 0.753726 0.059935 0.594438
v 0.736897 0.060933 0.619035
v 0.755156 0.099994 0.595499
v 0.739043 0.100265 0.619580
v 0.755099 0.140029 0.595313
v 0.739337 0.139904 0.619730
v 0.753098 0.180028 0.593721
v 0.737143 0.179500 0.619230
v 0.749445 0.220127 0.590493
v 0.731566 0.219400 0.619752
v 0.755989 0.275982 0.555276
v 0.746945 0.260991 0.580937
v 0.730474 0.256820 0.610319
v 0.757802 0.317281 0.517371
v 0.751353 0.305342 0.545355
v 0.735496 0.300998 0.579089
v 0.725295 0.286808 0.604424
v 0.798878 0.003582 0.478780
v 0.792709 0.018703 0.502988
v 0.779853 0.019489 0.537090
v 0.766697 0.023722 0.566465
v 0.793546 0.059859 0.508601
v 0.782518 0.059810 0.539392
v 0.769146 0.060786 0.569079
v 0.793738 0.100597 0.508558
v 0.783068 0.100182 0.539656
v 0.769888 0.100133 0.569923
v 0.799211 0.157345 0.478869
v 0.793610 0.141838 0.502950
v 0.782289 0.140472 0.537732
v 0.769382 0.139937 0.569319
v 0.797099 0.186457 0.473992
v 0.789165 0.181614 0.503677
v 0.778980 0.180212 0.537156
v 0.767200 0.179025 0.567847
v 0.799545 0.236641 0.436682
v 0.794384 0.222429 0.464095
v 0.784568 0.220814 0.500469
v 0.774452 0.219468 0.535662
v 0.763993 0.215565 0.565222
v 0.804368 0.277345 0.399742
v 0.796550 0.265866 0.426233
v 0.787647 0.261612 0.462166
v 0.777909 0.260323 0.499975
v 0.767878 0.257904 0.536546
v 0.760497 0.245331 0.561726
v 0.795877 0.304680 0.393431
v 0.786600 0.301237 0.424565
v 0.778212 0.299868 0.460930
v 0.769336 0.298683 0.498732
v 0.763708 0.287597 0.527366
v 0.819702 0.019980 0.340029
v 0.817340 0.019959 0.380057
v 0.813096 0.019892 0.419620
v 0.806230 0.019739 0.457390
v 0.800838 0.033900 0.481624
v 0.822345 0.059898 0.339979
v 0.819655 0.059990 0.379935
v 0.815140 0.059943 0.419109
v 0.808656 0.060095 0.455005
v 0.801816 0.063416 0.483112
v 0.824878 0.099324 0.340021
v 0.821428 0.100059 0.379925
v 0.815607 0.100221 0.419093
v 0.808533 0.100441 0.454997
v 0.801744 0.097183 0.483038
v 0.827839 0.136952 0.339930
v 0.823009 0.140251 0.379788
v 0.814578 0.140525 0.419486
v 0.806051 0.141081 0.457453
v 0.800855 0.126798 0.481568
v 0.833835 0.170336 0.339280
v 0.827360 0.181450 0.377844
v 0.813753 0.180108 0.416472
v 0.804911 0.177254 0.449189
v 0.827310 0.222269 0.385108
v 0.809468 0.218698 0.417870
v 0.802736 0.206172 0.443846
v 0.831333 0.281794 0.365917
v 0.823015 0.263085 0.381888
v 0.809123 0.248994 0.407545
v 0.828518 0.305409 0.356774
v 0.813265 0.296857 0.373934
v 0.847243 0.194519 0.334323
v 0.843130 0.200228 0.360077
v 0.864107 0.217912 0.333508
v 0.855050 0.227484 0.362841
v 0.847966 0.282767 0.361283
v 0.859503 0.263379 0.368926
v 0.851168 0.307229 0.354967
v 0.871055 0.297164 0.369029
v 0.885876 0.235635 0.336353
v 0.881319 0.241465 0.360072
v 0.908076 0.253848 0.337366
v 0.900431 0.263528 0.372778
v 0.918759 0.275256 0.390700
v 0.901187 0.300301 0.383434
v 0.920693 0.293556 0.396641
v 0.937868 0.269109 0.341696
v 0.935838 0.268488 0.374077
v 0.940596 0.279834 0.396978
v 0.952946 0.289776 0.326909
v 0.922897 0.315104 0.394390
v 0.943334 0.304283 0.405456
v 0.674841 0.008138 0.674931
v 0.657329 0.023185 0.696830
v 0.639767 0.036662 0.717017
v 0.661274 0.062286 0.701534
v 0.641007 0.065640 0.721207
v 0.663352 0.100685 0.704066
v 0.641772 0.101036 0.724283
v 0.664683 0.140201 0.705078
v 0.643502 0.139392 0.725039
v 0.663666 0.180368 0.704068
v 0.642579 0.176688 0.724607
v 0.679202 0.235368 0.678999
v 0.660887 0.221934 0.700383
v 0.642549 0.207416 0.720357
v 0.675306 0.265016 0.675085
v 0.656038 0.260775 0.695863
v 0.668165 0.299305 0.667667
v 0.649318 0.295182 0.689315
v 0.697486 0.022370 0.657971
v 0.679600 0.036053 0.679488
v 0.701729 0.061910 0.661797
v 0.682327 0.065575 0.682355
v 0.703882 0.100577 0.663673
v 0.684199 0.101299 0.684178
v 0.704769 0.139988 0.664409
v 0.685284 0.139380 0.685098
v 0.703445 0.179716 0.663280
v 0.684375 0.176331 0.684231
v 0.699831 0.220876 0.660374
v 0.681881 0.207483 0.681953
v 0.695399 0.260336 0.654932
v 0.689075 0.295276 0.647142
v 0.717191 0.035922 0.640259
v 0.720676 0.065447 0.641644
v 0.722398 0.101216 0.642631
v 0.722953 0.139069 0.643085
v 0.721523 0.175366 0.642487
v 0.717982 0.205647 0.641656
v 0.662491 0.387909 0.018886
v 0.676199 0.397911 0.044483
v 0.647094 0.406157 0.035430
v 0.659641 0.415649 0.061045
v 0.665247 0.431095 0.094970
v 0.675718 0.439312 0.124711
v 0.648345 0.450519 0.112157
v 0.658524 0.458817 0.142313
v 0.665282 0.465929 0.181222
v 0.670885 0.470373 0.219382
v 0.676474 0.473701 0.255609
v 0.678805 0.476989 0.285079
v 0.639854 0.478118 0.156439
v 0.643041 0.484985 0.185510
v 0.648698 0.488992 0.221349
v 0.654621 0.492325 0.259684
v 0.661474 0.493025 0.299266
v 0.716540 0.358617 0.001814
v 0.702320 0.374987 0.020978
v 0.705384 0.391071 0.055099
v 0.716578 0.399046 0.083544
v 0.687877 0.407411 0.072389
v 0.699304 0.415175 0.101136
v 0.702655 0.427631 0.139288
v 0.710850 0.431235 0.179113
v 0.714807 0.434348 0.216222
v 0.717521 0.437109 0.246826
v 0.683305 0.445375 0.154158
v 0.688598 0.448815 0.184388
v 0.693600 0.451964 0.221308
v 0.700190 0.454085 0.261048
v 0.697341 0.461968 0.300203
v 0.680303 0.478503 0.309111
v 0.745514 0.355612 0.005161
v 0.741282 0.368412 0.029973
v 0.741877 0.380711 0.061463
v 0.744454 0.392199 0.096424
v 0.753867 0.397166 0.126645
v 0.761299 0.399764 0.317251
v 0.726541 0.405978 0.114148
v 0.735680 0.409955 0.144293
v 0.737000 0.414993 0.181989
v 0.738224 0.418456 0.221071
v 0.737517 0.423008 0.261937
v 0.743157 0.418578 0.302820
v 0.719596 0.439591 0.275191
v 0.720327 0.440751 0.301906
v 0.779991 0.354240 0.007722
v 0.798118 0.364108 0.321907
v 0.780014 0.364030 0.033780
v 0.780250 0.373415 0.064687
v 0.780701 0.383336 0.101087
v 0.780618 0.390945 0.141304
v 0.786720 0.391696 0.181234
v 0.788393 0.391336 0.220831
v 0.788279 0.389618 0.261587
v 0.784139 0.383589 0.304170
v 0.759220 0.400687 0.157168
v 0.761120 0.401921 0.186063
v 0.762204 0.403196 0.221159
v 0.762530 0.404571 0.257615
v 0.763710 0.402017 0.288868
v 0.814485 0.355462 0.006065
v 0.821420 0.356032 0.319441
v 0.819173 0.364261 0.031607
v 0.819988 0.371922 0.063904
v 0.819403 0.379747 0.100913
v 0.818778 0.385189 0.140386
v 0.820448 0.385912 0.180204
v 0.821371 0.384586 0.219918
v 0.821815 0.381490 0.259027
v 0.821098 0.373366 0.295049
v 0.880906 0.313422 0.041683
v 0.842900 0.358850 0.000792
v 0.875636 0.320549 0.067046
v 0.872030 0.323396 0.100384
v 0.873647 0.322138 0.134992
v 0.878596 0.317066 0.163703
v 0.847313 0.355926 0.319629
v 0.858322 0.369549 0.021974
v 0.859441 0.377869 0.060740
v 0.856960 0.384006 0.100143
v 0.855185 0.387961 0.140015
v 0.855357 0.388391 0.180046
v 0.856525 0.386476 0.220060
v 0.858160 0.382377 0.259878
v 0.860470 0.372682 0.298668
v 0.907380 0.320103 0.038025
v 0.904990 0.328495 0.066369
v 0.903036 0.332024 0.101125
v 0.903558 0.331767 0.138709
v 0.904070 0.326483 0.176356
v 0.913077 0.321791 0.207211
v 0.895980 0.381732 0.020415
v 0.897252 0.390092 0.060677
v 0.889622 0.393557 0.100698
v 0.885809 0.396229 0.140179
v 0.885408 0.396486 0.180017
v 0.887596 0.394723 0.219800
v 0.891251 0.391598 0.259253
v 0.898834 0.386284 0.298796
v 0.918870 0.400932 0.076020
v 0.915735 0.403933 0.105407
v 0.912350 0.406293 0.141312
v 0.911863 0.406618 0.180012
v 0.914109 0.405002 0.218643
v 0.917223 0.402763 0.254537
v 0.919395 0.399636 0.283654
v 0.942077 0.327540 0.032879
v 0.938315 0.337396 0.064258
v 0.936642 0.341892 0.100917
v 0.936619 0.342796 0.140063
v 0.937097 0.340137 0.180005
v 0.938805 0.333845 0.220379
v 0.948753 0.329773 0.256326
v 0.956806 0.322867 0.284887
v 0.927442 0.393255 0.016714
v 0.922600 0.397538 0.046199
v 0.925219 0.394964 0.314007
v 0.951784 0.406230 0.025823
v 0.943258 0.408870 0.061898
v 0.944499 0.415199 0.101106
v 0.941299 0.418339 0.140314
v 0.940442 0.418989 0.180071
v 0.942203 0.417350 0.219862
v 0.944980 0.414875 0.258958
v 0.943089 0.408932 0.296538
v 0.669734 0.351652 0.632478
v 0.672328 0.392046 0.591712
v 0.660231 0.380811 0.620679
v 0.676219 0.436285 0.513612
v 0.668033 0.428489 0.542496
v 0.658136 0.417635 0.576834
v 0.647131 0.407131 0.606649
v 0.679607 0.476278 0.354702
v 0.676174 0.475097 0.384692
v 0.672199 0.472144 0.421005
v 0.666898 0.467439 0.459570
v 0.659447 0.459563 0.499717
v 0.648452 0.450533 0.535973
v 0.642064 0.440217 0.563733
v 0.661810 0.492813 0.340176
v 0.655220 0.492922 0.380146
v 0.650205 0.490309 0.419072
v 0.645064 0.486885 0.455660
v 0.642259 0.480315 0.485325
v 0.708456 0.343119 0.590553
v 0.691734 0.336115 0.618075
v 0.713973 0.395780 0.513494
v 0.707320 0.387526 0.542198
v 0.696865 0.375969 0.576300
v 0.683669 0.364989 0.605068
v 0.717582 0.440386 0.355497
v 0.716766 0.437308 0.385296
v 0.713795 0.433482 0.421241
v 0.708343 0.427601 0.459457
v 0.699674 0.419782 0.499273
v 0.690353 0.410292 0.535532
v 0.682098 0.401562 0.563920
v 0.699492 0.459664 0.341042
v 0.697267 0.456903 0.381083
v 0.693973 0.453584 0.419397
v 0.689195 0.448957 0.455721
v 0.683173 0.443178 0.485990
v 0.681285 0.477436 0.331073
v 0.755034 0.354000 0.474853
v 0.750802 0.344572 0.504584
v 0.740517 0.338203 0.538323
v 0.727070 0.335169 0.568352
v 0.755939 0.397730 0.346134
v 0.752789 0.392387 0.381478
v 0.749147 0.387111 0.419732
v 0.745400 0.378629 0.459550
v 0.733512 0.377356 0.499104
v 0.726431 0.367179 0.534239
v 0.717247 0.360843 0.560852
v 0.735745 0.422273 0.342136
v 0.735102 0.416469 0.381081
v 0.732170 0.411680 0.419234
v 0.727746 0.405653 0.455403
v 0.720524 0.401729 0.485263
v 0.718803 0.441370 0.328800
v 0.793988 0.351561 0.346719
v 0.786089 0.337321 0.380365
v 0.775725 0.335193 0.419098
v 0.767296 0.335753 0.456933
v 0.763234 0.326816 0.486829
v 0.775041 0.375295 0.342508
v 0.768951 0.367315 0.379278
v 0.763575 0.363531 0.414893
v 0.759313 0.360218 0.444147
v 0.821790 0.334939 0.343404
v 0.806237 0.323357 0.364855
v 0.858185 0.339169 0.341716
v 0.876246 0.325155 0.361407
v 0.874231 0.361605 0.325662
v 0.887397 0.349573 0.349781
v 0.902101 0.335569 0.371725
v 0.903508 0.371606 0.335430
v 0.916344 0.360261 0.361748
v 0.928826 0.341118 0.388108
v 0.950823 0.335226 0.405701
v 0.935846 0.388160 0.343357
v 0.942809 0.370136 0.375604
v 0.957464 0.359807 0.397893
v 0.951920 0.405100 0.326469
v 0.657201 0.335819 0.657627
v 0.641466 0.323294 0.681491
v 0.646899 0.366434 0.647054
v 0.679453 0.323046 0.641370
v 0.967360 0.315567 0.004440
v 0.966504 0.313373 0.313119
v 0.960756 0.281847 0.353892
v 0.963492 0.278664 0.378044
v 0.963431 0.284960 0.398974
v 0.977384 0.303140 0.343402
v 0.984804 0.296919 0.378656
v 0.979573 0.304738 0.409274
v 1.002112 0.318499 0.356006
v 1.010364 0.313167 0.383463
v 1.016420 0.317531 0.416092
v 1.028778 0.327878 0.432854
v 1.039570 0.324378 0.422627
v 1.043720 0.330310 0.436234
v 0.981565 0.337824 0.023371
v 0.970531 0.348839 0.061189
v 0.967374 0.353288 0.100225
v 0.966992 0.354227 0.140042
v 0.967536 0.353191 0.180087
v 0.968769 0.350332 0.219967
v 0.973606 0.346547 0.258772
v 0.981190 0.338396 0.297436
v 0.999167 0.357127 0.038708
v 0.995514 0.364218 0.065909
v 0.993535 0.366003 0.101447
v 0.993576 0.365590 0.140217
v 0.994625 0.364597 0.179805
v 0.995415 0.363400 0.218721
v 0.997139 0.362196 0.254808
v 0.999107 0.357949 0.284027
v 0.982973 0.418290 0.023184
v 0.976971 0.423041 0.060557
v 0.977975 0.429511 0.100465
v 0.971226 0.431365 0.140573
v 0.969499 0.432116 0.180342
v 0.971506 0.431031 0.220515
v 0.977344 0.430070 0.261436
v 0.974941 0.423351 0.300871
v 0.999050 0.440734 0.115508
v 0.996723 0.443079 0.144999
v 0.995921 0.444298 0.180454
v 0.996902 0.443477 0.216355
v 0.998349 0.441705 0.246594
v 1.020197 0.346567 0.012779
v 1.006604 0.350395 0.313496
v 1.026015 0.365993 0.033991
v 1.024547 0.377321 0.064326
v 1.021112 0.379459 0.101015
v 1.021741 0.378360 0.140108
v 1.024358 0.376871 0.179886
v 1.024476 0.375398 0.219679
v 1.025108 0.375265 0.258748
v 1.022783 0.369883 0.296628
v 1.019042 0.430320 0.018037
v 1.006929 0.434746 0.054952
v 1.002293 0.437827 0.085255
v 1.000259 0.439568 0.276650
v 1.002321 0.436485 0.306082
v 1.037085 0.442431 0.035958
v 1.031072 0.446459 0.064449
v 1.023332 0.448849 0.101193
v 1.024766 0.454184 0.140841
v 1.025384 0.457009 0.180417
v 1.025151 0.455965 0.220363
v 1.021615 0.451114 0.261210
v 1.027719 0.449585 0.300124
v 1.055234 0.352122 0.006589
v 1.061375 0.371656 0.029626
v 1.060413 0.388686 0.062111
v 1.050088 0.392440 0.100604
v 1.050980 0.391731 0.139721
v 1.057709 0.390705 0.179654
v 1.056031 0.388018 0.220008
v 1.057967 0.390062 0.260201
v 1.053398 0.386626 0.299625
v 1.054692 0.434932 0.005852
v 1.077867 0.401602 0.078563
v 1.074886 0.405087 0.104749
v 1.076443 0.404317 0.136531
v 1.079143 0.401998 0.165095
v 1.079399 0.401554 0.273633
v 1.077514 0.402406 0.300090
v 1.064414 0.447586 0.029365
v 1.063102 0.455986 0.062502
v 1.060074 0.461285 0.100624
v 1.057940 0.466013 0.140108
v 1.059663 0.470513 0.180065
v 1.059154 0.470177 0.220250
v 1.055617 0.465333 0.260434
v 1.058309 0.462172 0.299907
v 1.081256 0.478796 0.189760
v 1.080895 0.478912 0.210615
v 1.082381 0.358676 0.003481
v 1.099834 0.374913 0.018566
v 1.100115 0.390275 0.050101
v 1.081601 0.399491 0.192887
v 1.082583 0.398206 0.220067
v 1.081649 0.399159 0.247197
v 1.084256 0.435591 0.002255
v 1.104361 0.405605 0.074759
v 1.104789 0.414298 0.104776
v 1.105750 0.416091 0.140742
v 1.103761 0.411417 0.179449
v 1.107360 0.410606 0.219934
v 1.103420 0.410926 0.260384
v 1.104167 0.414599 0.298898
v 1.099798 0.450326 0.022543
v 1.099887 0.463625 0.059874
v 1.097574 0.471646 0.099563
v 1.088531 0.474861 0.136332
v 1.083796 0.477145 0.165812
v 1.082283 0.477706 0.234574
v 1.084548 0.475930 0.264321
v 1.087991 0.473447 0.300631
v 1.117955 0.480286 0.116494
v 1.112998 0.483042 0.145378
v 1.104609 0.484720 0.181037
v 1.103884 0.485607 0.220096
v 1.110658 0.485436 0.259708
v 1.114464 0.483535 0.298224
v 1.136219 0.385625 0.022481
v 1.139177 0.393232 0.051400
v 1.136577 0.406377 0.076111
v 1.140623 0.418302 0.105242
v 1.141911 0.427693 0.141995
v 1.140837 0.427704 0.178971
v 1.138022 0.425667 0.219229
v 1.138010 0.427748 0.259927
v 1.133893 0.428002 0.298285
v 1.137768 0.454273 0.026262
v 1.138664 0.469932 0.058381
v 1.125659 0.475914 0.086289
v 1.153130 0.434367 0.153375
v 1.152701 0.434437 0.167441
v 1.157945 0.437214 0.273170
v 1.155815 0.437892 0.297153
v 1.153105 0.479993 0.079078
v 1.143719 0.484583 0.105023
v 1.143880 0.489947 0.141745
v 1.141080 0.493610 0.180383
v 1.140770 0.495562 0.219928
v 1.143191 0.495157 0.259785
v 1.144899 0.492802 0.299002
v 1.166003 0.397569 0.027628
v 1.176627 0.398158 0.058689
v 1.186091 0.403596 0.081663
v 1.181589 0.419720 0.025515
v 1.193644 0.412070 0.048384
v 1.164437 0.405042 0.079240
v 1.178061 0.413568 0.102833
v 1.178209 0.426984 0.141705
v 1.176724 0.434698 0.180220
v 1.165282 0.435925 0.215574
v 1.160659 0.435968 0.244791
v 1.192651 0.430678 0.310927
v 1.173196 0.447492 0.027466
v 1.177492 0.465528 0.054388
v 1.166877 0.434239 0.153350
v 1.166183 0.436578 0.167532
v 1.187255 0.439500 0.201656
v 1.184018 0.441329 0.226930
v 1.178264 0.441208 0.259782
v 1.178411 0.439550 0.293237
v 1.179177 0.480408 0.077297
v 1.179878 0.488629 0.105316
v 1.180659 0.495373 0.141076
v 1.180007 0.500360 0.180105
v 1.179993 0.503470 0.219963
v 1.180555 0.503764 0.260011
v 1.180962 0.501390 0.299999
v 1.198775 0.406467 0.068286
v 1.202880 0.405805 0.084740
v 1.200108 0.427527 0.042422
v 1.213759 0.422976 0.065202
v 1.214673 0.415167 0.099970
v 1.217780 0.421984 0.140527
v 1.217155 0.428109 0.181978
v 1.226988 0.429319 0.220675
v 1.226935 0.429102 0.259327
v 1.219895 0.426720 0.298809
v 1.197705 0.446554 0.042570
v 1.213328 0.456836 0.064383
v 1.228969 0.468884 0.087003
v 1.204839 0.436767 0.201466
v 1.205157 0.439246 0.225940
v 1.202912 0.439106 0.255942
v 1.200370 0.436643 0.282785
v 1.204711 0.476589 0.080028
v 1.216519 0.486500 0.103782
v 1.219473 0.496233 0.140554
v 1.219539 0.503689 0.179918
v 1.220045 0.508409 0.219950
v 1.219974 0.510018 0.260010
v 1.220095 0.507985 0.299995
v 1.233863 0.432537 0.080789
v 1.243593 0.431352 0.105271
v 1.255571 0.430716 0.140881
v 1.254860 0.426082 0.180745
v 1.258313 0.424937 0.220225
v 1.258624 0.424023 0.259882
v 1.256505 0.422992 0.299644
v 1.235639 0.451586 0.079824
v 1.250139 0.459275 0.101157
v 1.265954 0.459788 0.131064
v 1.243856 0.481088 0.114340
v 1.256501 0.488657 0.142514
v 1.257263 0.500752 0.180586
v 1.259816 0.506946 0.220316
v 1.259321 0.510191 0.260101
v 1.259815 0.507584 0.299900
v 0.992044 0.328030 0.328089
v 0.979417 0.337748 0.417145
v 0.962455 0.397903 0.356065
v 0.974858 0.389249 0.382585
v 0.981509 0.368776 0.407570
v 0.977944 0.415066 0.338842
v 0.990915 0.409447 0.368043
v 1.018327 0.341667 0.343378
v 1.031526 0.331270 0.376087
v 1.008154 0.345172 0.427475
v 1.036650 0.325735 0.402591
v 1.031330 0.347310 0.439314
v 1.033478 0.364614 0.326844
v 1.001864 0.397620 0.395783
v 1.011105 0.379630 0.420135
v 1.035614 0.374869 0.438199
v 1.007236 0.430273 0.341880
v 1.018669 0.420520 0.380548
v 1.031906 0.406915 0.413240
v 1.043812 0.397028 0.433143
v 1.032196 0.445776 0.335875
v 1.037802 0.439241 0.365152
v 1.045364 0.356280 0.354686
v 1.058557 0.347869 0.381933
v 1.058450 0.335981 0.414076
v 1.057441 0.346136 0.440271
v 1.060964 0.379058 0.338212
v 1.074689 0.368637 0.366470
v 1.065627 0.376034 0.444854
v 1.080146 0.398120 0.326056
v 1.047471 0.431036 0.391588
v 1.061591 0.422978 0.416594
v 1.068493 0.404763 0.438650
v 1.061756 0.457734 0.338502
v 1.065751 0.448800 0.375385
v 1.077720 0.440722 0.402280
v 1.084157 0.358604 0.392227
v 1.086497 0.351838 0.416896
v 1.083534 0.357333 0.438542
v 1.089621 0.388740 0.351762
v 1.104147 0.378002 0.379512
v 1.110937 0.370254 0.415200
v 1.102154 0.380218 0.443805
v 1.106329 0.408171 0.334794
v 1.117518 0.397319 0.359819
v 1.089215 0.429233 0.425810
v 1.103035 0.414072 0.443723
v 1.092418 0.469933 0.338845
v 1.102526 0.463914 0.377348
v 1.105821 0.448028 0.412355
v 1.117329 0.436097 0.434487
v 1.117467 0.481059 0.333304
v 1.120733 0.477050 0.360619
v 1.140453 0.388620 0.387907
v 1.142397 0.381638 0.417499
v 1.139328 0.390647 0.443050
v 1.141713 0.422135 0.333372
v 1.145403 0.405113 0.362782
v 1.140039 0.417272 0.447981
v 1.153845 0.433943 0.318003
v 1.136110 0.471658 0.390537
v 1.141007 0.458502 0.416878
v 1.144370 0.441748 0.438754
v 1.146125 0.489397 0.335812
v 1.146032 0.483360 0.367546
v 1.173281 0.396002 0.392774
v 1.173418 0.391692 0.418422
v 1.171336 0.398323 0.440497
v 1.179823 0.423516 0.336796
v 1.180313 0.408632 0.368420
v 1.173803 0.420693 0.446290
v 1.171116 0.434639 0.316920
v 1.164104 0.476495 0.396893
v 1.178440 0.465333 0.418481
v 1.175195 0.445288 0.439122
v 1.180943 0.496924 0.339444
v 1.179829 0.488423 0.377010
v 1.192083 0.479882 0.400979
v 1.198845 0.401844 0.396720
v 1.199746 0.402906 0.418276
v 1.193089 0.405063 0.435492
v 1.218420 0.418762 0.339335
v 1.218037 0.412265 0.380157
v 1.220058 0.422807 0.415828
v 1.201253 0.421909 0.437779
v 1.216051 0.456133 0.421057
v 1.200366 0.442990 0.436376
v 1.219397 0.503026 0.339356
v 1.218701 0.493164 0.375430
v 1.218511 0.479803 0.402653
v 1.255536 0.422216 0.339374
v 1.255721 0.428297 0.377596
v 1.243889 0.433818 0.403514
v 1.265210 0.458937 0.386303
v 1.245891 0.457702 0.407696
v 1.257122 0.501665 0.339273
v 1.255692 0.488118 0.375677
v 1.242842 0.478302 0.397901
v 1.276841 0.439739 0.158228
v 1.282851 0.437111 0.185694
v 1.287682 0.436145 0.221505
v 1.288813 0.434003 0.260119
v 1.287890 0.434878 0.298889
v 1.284055 0.460568 0.154959
v 1.295325 0.461598 0.185614
v 1.305441 0.462541 0.222958
v 1.307919 0.456362 0.260474
v 1.306116 0.461905 0.298143
v 1.278867 0.481927 0.158575
v 1.286653 0.487791 0.185955
v 1.295225 0.492079 0.223012
v 1.293375 0.498442 0.260444
v 1.295536 0.492666 0.297981
v 1.314582 0.472439 0.240193
v 1.317088 0.472196 0.260708
v 1.315279 0.472081 0.281269
v 1.310430 0.485637 0.239840
v 1.312717 0.486513 0.260723
v 1.311053 0.485805 0.281673
v 1.283718 0.435705 0.334977
v 1.277696 0.438749 0.362360
v 1.296178 0.461370 0.335351
v 1.284782 0.460433 0.365570
v 1.286985 0.488572 0.334730
v 1.279032 0.482180 0.361662
vn -0.6716 -0.1965 -0.7144
vn -0.5967 -0.1933 -0.7789
vn -0.6733 -0.2009 -0.7116
vn -0.5883 -0.1712 -0.7903
vn -0.6855 -0.1779 -0.7060
vn -0.5899 -0.1551 -0.7925
vn -0.6479 -0.1389 -0.7490
vn -0.6910 -0.1531 -0.7064
vn -0.3807 -0.7537 -0.5357
vn -0.3868 -0.7165 -0.5805
vn -0.3682 -0.7800 -0.5061
vn -0.3478 -0.8129 -0.4671
vn -0.3795 -0.6368 -0.6712
vn -0.3728 -0.7259 -0.5780
vn -0.9884 -0.1478 0.0356
vn -0.9664 -0.0460 -0.2528
vn -0.9977 -0.0219 -0.0634
vn -0.9998 -0.0065 0.0191
vn -0.9988 0.0055 0.0481
vn -0.9811 0.1836 -0.0603
vn -0.9847 0.1711 0.0318
vn -0.5761 -0.1509 -0.8033
vn -0.5534 -0.1679 -0.8158
vn -0.5593 -0.0297 -0.8284
vn -0.5613 -0.0348 -0.8269
vn -0.5499 -0.0101 -0.8352
vn -0.5691 -0.0067 -0.8223
vn -0.5566 -0.0576 -0.8288
vn -0.5761 -0.0478 -0.8159
vn -0.5648 -0.1198 -0.8165
vn -0.5818 -0.1123 -0.8056
vn -0.5041 -0.4017 -0.7645
vn -0.5220 -0.3074 -0.7957
vn -0.5297 -0.4334 -0.7291
vn -0.4973 -0.1341 -0.8572
vn -0.5072 -0.0263 -0.8614
vn -0.5205 -0.0164 -0.8537
vn -0.5342 -0.0703 -0.8425
vn -0.5450 -0.1290 -0.8284
vn -0.4376 -0.5681 -0.6969
vn -0.4700 -0.4943 -0.7313
vn -0.4723 -0.6059 -0.6402
vn -0.4570 -0.3537 -0.8161
vn -0.4692 -0.1295 -0.8735
vn -0.4707 -0.1477 -0.8699
vn -0.4533 -0.0357 -0.8906
vn -0.4796 -0.0371 -0.8767
vn -0.4583 -0.0418 -0.8878
vn -0.4910 -0.0274 -0.8708
vn -0.4802 -0.1012 -0.8713
vn -0.5040 -0.0831 -0.8597
vn -0.4963 -0.1472 -0.8556
vn -0.5134 -0.1563 -0.8438
vn -0.5151 -0.1367 -0.8461
vn -0.4097 -0.6262 -0.6633
vn -0.4038 -0.7108 -0.5760
vn -0.4191 -0.5319 -0.7358
vn -0.4131 -0.3374 -0.8459
vn -0.4318 -0.2447 -0.8682
vn -0.4519 -0.3715 -0.8110
vn -0.3983 -0.1086 -0.9108
vn -0.4117 -0.0394 -0.9105
vn -0.4360 -0.0623 -0.8978
vn -0.4606 -0.1232 -0.8790
vn -0.4799 -0.1602 -0.8626
vn -0.3897 -0.6830 -0.6178
vn -0.3950 -0.6432 -0.6560
vn -0.3875 -0.7129 -0.5845
vn -0.3833 -0.5081 -0.7713
vn -0.3903 -0.4382 -0.8097
vn -0.3997 -0.5427 -0.7387
vn -0.3666 -0.2825 -0.8864
vn -0.3804 -0.1257 -0.9162
vn -0.4035 -0.0896 -0.9106
vn -0.4034 -0.0603 -0.9130
vn -0.4486 -0.1339 -0.8837
vn -0.4329 -0.0897 -0.8970
vn -0.4897 -0.1730 -0.8546
vn -0.4607 -0.1442 -0.8758
vn -0.5088 -0.1920 -0.8392
vn -0.5079 -0.1871 -0.8408
vn -0.4827 -0.1743 -0.8583
vn -0.3786 -0.6020 -0.7030
vn -0.3752 -0.5645 -0.7352
vn -0.3870 -0.6465 -0.6575
vn -0.3628 -0.4596 -0.8106
vn -0.3763 -0.2601 -0.8892
vn -0.3800 -0.2879 -0.8790
vn -0.3682 -0.1334 -0.9201
vn -0.3752 -0.0935 -0.9222
vn -0.3866 -0.1403 -0.9115
vn -0.4189 -0.1334 -0.8982
vn -0.4697 -0.1901 -0.8621
vn -0.5416 -0.2355 -0.8070
vn -0.5100 -0.2058 -0.8352
vn -0.5595 -0.2240 -0.7980
vn -0.5343 -0.2085 -0.8192
vn -0.3729 -0.5528 -0.7453
vn -0.3619 -0.4141 -0.8352
vn -0.3550 -0.3577 -0.8637
vn -0.3758 -0.4566 -0.8064
vn -0.3363 -0.2280 -0.9137
vn -0.3594 -0.1354 -0.9233
vn -0.3968 -0.1722 -0.9016
vn -0.5094 -0.2987 -0.8070
vn -0.5146 -0.2857 -0.8084
vn -0.4458 -0.2384 -0.8628
vn -0.5589 -0.2738 -0.7828
vn -0.6371 -0.2401 -0.7324
vn -0.5863 -0.2369 -0.7747
vn -0.6221 -0.1654 -0.7653
vn -0.5775 -0.1761 -0.7972
vn -0.6161 -0.1786 -0.7671
vn -0.5777 -0.1857 -0.7949
vn -0.6165 -0.1891 -0.7643
vn -0.5752 -0.1921 -0.7951
vn -0.5863 -0.1953 -0.7862
vn -0.6112 -0.2019 -0.7653
vn -0.5566 -0.1790 -0.8113
vn -0.5410 -0.1547 -0.8267
vn -0.5111 -0.1400 -0.8480
vn -0.5345 -0.1493 -0.8319
vn -0.5690 -0.1525 -0.8081
vn -0.5835 -0.1501 -0.7982
vn -0.5709 -0.1650 -0.8043
vn -0.5747 -0.1699 -0.8006
vn -0.5814 -0.1662 -0.7965
vn -0.5701 -0.1759 -0.8025
vn -0.5569 -0.1801 -0.8108
vn -0.5662 -0.1831 -0.8037
vn -0.5540 -0.1772 -0.8135
vn -0.5603 -0.1847 -0.8074
vn -0.5455 -0.1589 -0.8229
vn -0.5548 -0.1704 -0.8143
vn -0.5350 -0.1291 -0.8350
vn -0.5292 -0.1213 -0.8398
vn -0.5451 -0.1443 -0.8259
vn -0.5183 -0.1236 -0.8462
vn -0.5283 -0.1610 -0.8337
vn -0.5511 -0.1569 -0.8196
vn -0.5345 -0.1692 -0.8281
vn -0.5562 -0.1666 -0.8142
vn -0.5380 -0.1782 -0.8239
vn -0.5496 -0.1781 -0.8162
vn -0.5576 -0.1762 -0.8112
vn -0.5407 -0.1788 -0.8220
vn -0.5379 -0.1720 -0.8252
vn -0.5197 -0.1323 -0.8440
vn -0.5339 -0.1457 -0.8329
vn -0.5115 -0.1067 -0.8526
vn -0.5276 -0.1168 -0.8415
vn -0.5034 -0.1023 -0.8580
vn -0.5190 -0.1107 -0.8476
vn -0.5081 -0.1665 -0.8451
vn -0.5124 -0.1737 -0.8410
vn -0.5095 -0.1840 -0.8406
vn -0.5183 -0.1805 -0.8359
vn -0.5108 -0.1806 -0.8405
vn -0.5233 -0.1809 -0.8328
vn -0.5076 -0.1657 -0.8455
vn -0.5125 -0.1531 -0.8449
vn -0.5246 -0.1726 -0.8337
vn -0.4944 -0.1221 -0.8606
vn -0.4915 -0.1002 -0.8651
vn -0.4880 -0.0961 -0.8675
vn -0.5043 -0.1823 -0.8441
vn -0.4904 -0.1724 -0.8542
vn -0.5086 -0.1844 -0.8410
vn -0.5062 -0.1878 -0.8417
vn -0.4982 -0.1794 -0.8483
vn -0.5080 -0.1867 -0.8409
vn -0.5089 -0.1798 -0.8418
vn -0.5237 -0.1449 -0.8395
vn -0.5053 -0.1547 -0.8489
vn -0.5166 -0.1119 -0.8489
vn -0.4992 -0.1185 -0.8583
vn -0.5113 -0.0934 -0.8543
vn -0.4941 -0.0974 -0.8639
vn -0.5058 -0.0891 -0.8581
vn -0.4904 -0.0926 -0.8666
vn -0.5280 -0.1936 -0.8269
vn -0.5619 -0.1879 -0.8056
vn -0.5302 -0.1873 -0.8269
vn -0.5584 -0.1811 -0.8096
vn -0.5261 -0.1842 -0.8302
vn -0.5500 -0.1762 -0.8164
vn -0.5352 -0.1659 -0.8283
vn -0.5261 -0.1802 -0.8311
vn -0.5413 -0.1396 -0.8292
vn -0.5460 -0.1103 -0.8305
vn -0.5897 -0.0930 -0.8023
vn -0.5472 -0.0917 -0.8319
vn -0.5844 -0.0805 -0.8075
vn -0.5415 -0.0854 -0.8363
vn -0.5685 -0.2145 -0.7943
vn -0.5710 -0.1962 -0.7972
vn -0.5509 -0.2015 -0.8099
vn -0.5866 -0.1914 -0.7869
vn -0.6210 -0.1811 -0.7626
vn -0.5894 -0.1794 -0.7877
vn -0.6200 -0.1680 -0.7664
vn -0.5831 -0.1716 -0.7941
vn -0.6193 -0.1374 -0.7731
vn -0.5821 -0.1392 -0.8011
vn -0.6176 -0.1127 -0.7784
vn -0.6041 -0.1010 -0.7905
vn -0.5871 -0.1118 -0.8018
vn -0.6191 -0.0920 -0.7799
vn -0.6277 -0.0609 -0.7761
vn -0.6160 -0.0721 -0.7845
vn -0.6260 -0.2250 -0.7466
vn -0.5969 -0.2235 -0.7706
vn -0.6266 -0.2081 -0.7510
vn -0.6275 -0.1905 -0.7550
vn -0.6095 -0.1985 -0.7676
vn -0.6649 -0.1842 -0.7239
vn -0.6402 -0.1860 -0.7453
vn -0.6586 -0.1597 -0.7354
vn -0.6437 -0.1656 -0.7471
vn -0.6526 -0.1284 -0.7467
vn -0.6434 -0.1340 -0.7537
vn -0.6458 -0.1035 -0.7565
vn -0.6415 -0.1102 -0.7592
vn -0.6375 -0.0813 -0.7661
vn -0.6328 -0.0719 -0.7709
vn -0.6392 -0.0895 -0.7638
vn -0.6214 -0.0487 -0.7820
vn -0.4700 -0.8326 -0.2931
vn -0.5171 -0.8318 -0.2018
vn -0.4844 -0.8639 -0.1381
vn -0.5652 -0.8151 -0.1267
vn -0.5050 -0.8593 -0.0813
vn -0.6109 -0.7890 -0.0655
vn -0.5214 -0.8527 -0.0324
vn -0.6449 -0.7641 -0.0148
vn -0.3858 -0.9102 -0.1504
vn -0.4080 -0.9080 -0.0955
vn -0.4338 -0.8997 -0.0480
vn -0.3464 -0.8152 -0.4641
vn -0.3576 -0.8739 -0.3293
vn -0.3953 -0.8557 -0.3340
vn -0.3647 -0.8976 -0.2476
vn -0.4363 -0.8657 -0.2453
vn -0.4144 -0.8884 -0.1976
vn -0.2544 -0.9214 -0.2938
vn -0.2687 -0.9356 -0.2291
vn -0.2989 -0.9355 -0.1886
vn -0.2822 -0.9520 -0.1189
vn -0.3365 -0.9340 -0.1202
vn -0.2857 -0.9562 -0.0637
vn -0.3676 -0.9277 -0.0646
vn -0.2819 -0.8078 -0.5176
vn -0.2825 -0.8627 -0.4194
vn -0.1576 -0.9809 -0.1139
vn -0.1778 -0.9822 -0.0598
vn -0.0835 -0.9602 -0.2667
vn -0.0599 -0.9697 -0.2369
vn -0.1178 -0.9561 -0.2685
vn -0.1632 -0.9543 -0.2504
vn -0.1613 -0.7067 -0.6888
vn -0.1530 -0.8621 -0.4832
vn -0.2049 -0.7995 -0.5647
vn -0.1745 -0.8883 -0.4249
vn -0.0809 -0.9854 -0.1497
vn -0.1065 -0.9918 -0.0703
vn 0.0247 -0.9661 -0.2570
vn 0.1365 -0.9760 -0.1696
vn 0.1920 -0.9461 -0.2609
vn 0.0820 -0.8958 -0.4368
vn -0.0329 -0.9441 -0.3280
vn -0.0826 -0.7204 -0.6887
vn -0.0698 -0.7975 -0.5993
vn 0.4294 -0.9031 -0.0028
vn 0.4830 -0.8262 -0.2901
vn -0.0390 -0.9826 -0.1819
vn -0.0507 -0.9956 -0.0789
vn 0.1104 -0.9811 -0.1588
vn 0.0870 -0.7905 -0.6063
vn -0.0094 -0.9185 -0.3953
vn 0.0155 -0.7688 -0.6393
vn 0.0410 -0.7925 -0.6085
vn 0.4066 -0.9053 -0.1227
vn 0.2889 -0.9390 0.1867
vn 0.2362 -0.9703 0.0528
vn 0.1890 -0.9462 -0.2626
vn 0.1710 -0.7261 -0.6660
vn -0.5428 -0.8398 0.0051
vn -0.6682 -0.7435 0.0259
vn -0.5717 -0.8200 0.0288
vn -0.6869 -0.7248 0.0530
vn -0.6057 -0.7942 0.0478
vn -0.7079 -0.7020 0.0773
vn -0.6419 -0.7641 0.0638
vn -0.7349 -0.6713 0.0969
vn -0.6762 -0.7320 0.0827
vn -0.7588 -0.6422 0.1085
vn -0.7090 -0.6955 0.1169
vn -0.7796 -0.6106 0.1393
vn -0.7321 -0.6642 0.1512
vn -0.4580 -0.8888 -0.0177
vn -0.4859 -0.8740 0.0002
vn -0.5155 -0.8567 0.0170
vn -0.5426 -0.8393 0.0339
vn -0.5674 -0.8217 0.0545
vn -0.5964 -0.7984 0.0835
vn -0.6331 -0.7669 0.1052
vn -0.7107 -0.6865 0.1537
vn -0.7081 -0.6931 0.1350
vn -0.7838 -0.5900 0.1939
vn -0.2840 -0.9579 -0.0425
vn -0.3901 -0.9200 -0.0376
vn -0.2875 -0.9573 -0.0314
vn -0.4144 -0.9098 -0.0230
vn -0.2964 -0.9549 -0.0176
vn -0.4395 -0.8982 -0.0057
vn -0.3126 -0.9499 -0.0014
vn -0.4617 -0.8869 0.0144
vn -0.3368 -0.9415 0.0128
vn -0.4831 -0.8749 0.0341
vn -0.3700 -0.9287 0.0254
vn -0.5128 -0.8567 0.0557
vn -0.4166 -0.9086 0.0314
vn -0.5564 -0.8276 0.0740
vn -0.4762 -0.8793 0.0125
vn -0.6078 -0.7906 0.0741
vn -0.1891 -0.9810 -0.0426
vn -0.1989 -0.9794 -0.0353
vn -0.2107 -0.9772 -0.0266
vn -0.2254 -0.9741 -0.0165
vn -0.2426 -0.9701 -0.0073
vn -0.2617 -0.9652 -0.0003
vn -0.2888 -0.9573 -0.0081
vn -0.3402 -0.9389 -0.0516
vn -0.1168 -0.9920 -0.0489
vn -0.1254 -0.9911 -0.0435
vn -0.1353 -0.9901 -0.0370
vn -0.1456 -0.9889 -0.0292
vn -0.1555 -0.9876 -0.0208
vn -0.1652 -0.9861 -0.0153
vn -0.1812 -0.9828 -0.0360
vn -0.2183 -0.9693 -0.1132
vn -0.0546 -0.9971 -0.0539
vn -0.0579 -0.9971 -0.0498
vn -0.0617 -0.9971 -0.0441
vn -0.0658 -0.9972 -0.0365
vn -0.0695 -0.9972 -0.0274
vn -0.0723 -0.9971 -0.0219
vn -0.0757 -0.9959 -0.0504
vn -0.0906 -0.9840 -0.1535
vn -0.1245 -0.9150 -0.3838
vn -0.3492 -0.8260 -0.4425
vn -0.3964 -0.6846 -0.6116
vn -0.3842 -0.6454 -0.6602
vn -0.3725 -0.7237 -0.5810
vn -0.4040 -0.7292 -0.5523
vn -0.3433 -0.8799 -0.3285
vn -0.3854 -0.8237 -0.4160
vn -0.3150 -0.8982 -0.3067
vn -0.4208 -0.5540 -0.7183
vn -0.4139 -0.6452 -0.6421
vn -0.2980 -0.9256 -0.2334
vn -0.4135 -0.7995 -0.4357
vn -0.4226 -0.7404 -0.5226
vn -0.3663 -0.8490 -0.3808
vn -0.5197 -0.6026 -0.6056
vn -0.4807 -0.5691 -0.6671
vn -0.4456 -0.6357 -0.6303
vn -0.3577 -0.8871 -0.2917
vn -0.2822 -0.9440 -0.1711
vn -0.6920 -0.6569 -0.2993
vn -0.5675 -0.7226 -0.3948
vn -0.5410 -0.6624 -0.5181
vn -0.4585 -0.7598 -0.4610
vn -0.7632 -0.6331 0.1293
vn -0.8253 -0.5320 0.1897
vn -0.8290 -0.5507 0.0979
vn -0.8681 -0.4698 0.1603
vn -0.8696 -0.4937 0.0038
vn -0.8576 -0.4915 -0.1514
vn -0.7529 -0.5306 -0.3893
vn -0.6909 -0.5077 -0.5147
vn -0.6147 -0.5799 -0.5347
vn -0.7825 -0.6203 -0.0538
vn -0.7017 -0.7125 -0.0048
vn -0.6615 -0.7341 -0.1533
vn -0.4742 -0.8572 -0.2007
vn -0.3027 -0.9367 -0.1759
vn -0.1890 -0.9778 -0.0908
vn -0.5630 -0.8257 -0.0366
vn -0.6782 -0.7329 0.0530
vn -0.6734 -0.7334 -0.0936
vn -0.7591 -0.6509 0.0133
vn -0.7624 -0.6383 -0.1058
vn -0.8128 -0.5811 -0.0403
vn -0.7920 -0.6036 -0.0912
vn -0.8130 -0.5689 -0.1235
vn -0.7790 -0.6049 -0.1652
vn -0.6810 -0.6779 -0.2768
vn -0.6958 -0.7127 0.0891
vn -0.6698 -0.7416 0.0372
vn -0.5655 -0.8037 0.1851
vn -0.4418 -0.8838 -0.1539
vn -0.5551 -0.7360 -0.3876
vn -0.5886 -0.7728 -0.2373
vn -0.6790 -0.6807 -0.2750
vn -0.7296 -0.6549 -0.1971
vn -0.7714 -0.6180 -0.1518
vn -0.4955 -0.8508 0.1748
vn -0.2983 -0.9223 0.2457
vn -0.3132 -0.9494 0.0221
vn -0.1440 -0.9889 -0.0365
vn -0.0557 -0.9982 -0.0207
vn -0.2952 -0.9316 -0.2119
vn -0.2772 -0.9561 0.0950
vn -0.3843 -0.7821 -0.4906
vn -0.3765 -0.7623 -0.5265
vn -0.3256 -0.8242 0.4634
vn -0.2572 -0.8901 0.3762
vn -0.1281 -0.9311 0.3414
vn -0.2700 -0.8766 -0.3984
vn -0.2844 -0.9229 -0.2597
vn -0.3674 -0.8107 -0.4558
vn -0.0565 -0.9470 0.3163
vn 0.0052 -0.9987 0.0498
vn 0.0387 -0.9991 0.0164
vn -0.0848 -0.9766 -0.1975
vn -0.0547 -0.9883 0.1426
vn -0.1497 -0.8607 -0.4866
vn -0.1794 -0.8158 -0.5498
vn -0.1483 -0.8605 -0.4873
vn -0.0514 -0.8629 0.5027
vn -0.0083 -0.8472 0.5311
vn 0.0532 -0.9035 0.4252
vn 0.1270 -0.9091 0.3968
vn 0.0739 -0.9413 0.3293
vn 0.0549 -0.9948 0.0858
vn 0.0685 -0.9971 0.0343
vn -0.1143 -0.0812 -0.9901
vn -0.1001 0.1061 -0.9893
vn -0.0669 -0.0749 -0.9949
vn -0.0594 0.1174 -0.9913
vn -0.0361 -0.0758 -0.9965
vn -0.0330 0.1251 -0.9916
vn -0.7728 -0.5220 -0.3609
vn -0.8185 -0.5365 -0.2053
vn -0.8524 -0.5145 -0.0936
vn -0.8849 -0.4657 0.0011
vn -0.9359 -0.3516 0.0233
vn -0.9090 -0.4147 0.0422
vn -0.9232 -0.3790 0.0640
vn -0.8289 -0.3986 -0.3925
vn -0.8703 -0.3549 -0.3414
vn -0.8865 -0.4162 -0.2024
vn -0.9517 -0.2707 -0.1448
vn -0.9151 -0.3948 -0.0820
vn -0.9786 -0.2023 -0.0369
vn -0.9646 -0.2634 -0.0152
vn -0.9674 -0.1698 0.1876
vn -0.9819 -0.1683 0.0869
vn -0.9842 -0.1500 0.0945
vn -0.7539 -0.0404 -0.6558
vn -0.7893 -0.0470 -0.6122
vn -0.8772 0.2643 -0.4009
vn -0.9781 0.1783 0.1069
vn -0.9839 0.0403 0.1739
vn -0.9911 0.0590 0.1190
vn -0.9886 0.0884 0.1219
vn -0.7167 0.2997 -0.6297
vn -0.7942 0.3881 -0.4675
vn -0.8966 0.3376 -0.2865
vn -0.8675 0.4851 -0.1104
vn -0.8956 0.4440 0.0259
vn -0.9529 0.2845 0.1053
vn -0.9353 0.3283 0.1320
vn -0.9468 0.2961 0.1261
vn -0.9461 0.2953 0.1330
vn -0.7247 0.5750 -0.3798
vn -0.7727 0.6203 -0.1347
vn -0.7960 0.6052 0.0061
vn -0.8337 0.5479 0.0688
vn -0.8635 0.4949 0.0974
vn -0.8676 0.4831 0.1179
vn -0.5957 -0.6977 -0.3979
vn -0.5964 -0.7563 -0.2687
vn -0.6738 -0.6980 -0.2424
vn -0.6333 -0.7553 -0.1687
vn -0.7428 -0.6556 -0.1358
vn -0.6647 -0.7411 -0.0941
vn -0.7917 -0.6085 -0.0547
vn -0.6988 -0.7145 -0.0343
vn -0.8233 -0.5676 -0.0014
vn -0.7268 -0.6868 0.0104
vn -0.8436 -0.5357 0.0360
vn -0.6058 -0.5661 -0.5591
vn -0.4958 -0.3395 -0.7993
vn -0.6082 -0.2467 -0.7545
vn -0.6795 -0.4082 -0.6096
vn -0.4446 -0.0064 -0.8957
vn -0.3890 0.2498 -0.8867
vn -0.4247 0.5847 -0.6912
vn -0.4205 0.6378 -0.6453
vn -0.3976 0.8439 -0.3603
vn -0.4701 0.8633 -0.1836
vn -0.5562 0.8281 -0.0701
vn -0.6396 0.7687 -0.0062
vn -0.7018 0.7100 0.0581
vn -0.7437 0.6608 0.1012
vn -0.8208 0.5560 0.1310
vn -0.4829 0.8745 -0.0452
vn -0.5609 0.8277 0.0181
vn -0.6289 0.7744 0.0690
vn -0.4221 -0.7660 -0.4849
vn -0.4852 -0.7304 -0.4808
vn -0.4863 -0.7760 -0.4017
vn -0.3468 -0.5438 -0.7642
vn -0.3883 -0.4658 -0.7951
vn -0.4598 -0.6229 -0.6329
vn -0.2894 -0.2263 -0.9301
vn -0.2583 0.0157 -0.9659
vn -0.2120 0.2910 -0.9329
vn -0.2014 0.5962 -0.7771
vn -0.1813 0.7521 -0.6336
vn -0.1690 0.8925 -0.4182
vn -0.2341 0.9333 -0.2724
vn -0.3149 0.9352 -0.1622
vn -0.2223 0.9571 -0.1858
vn -0.3252 0.9348 -0.1427
vn -0.2949 0.9505 -0.0977
vn -0.3518 0.9352 -0.0405
vn -0.4202 0.9074 0.0094
vn -0.2992 -0.6108 -0.7331
vn -0.3255 -0.7377 -0.5915
vn -0.2420 -0.4264 -0.8716
vn -0.2248 -0.1940 -0.9549
vn -0.1821 0.0674 -0.9810
vn -0.1287 0.3460 -0.9293
vn -0.1050 0.5999 -0.7932
vn -0.0922 0.7950 -0.5995
vn -0.0909 0.8857 -0.4553
vn -0.1259 0.9292 -0.3475
vn -0.1357 0.9575 -0.2544
vn -0.1536 0.9692 -0.1926
vn -0.1978 0.9688 -0.1496
vn -0.2475 0.9642 -0.0953
vn -0.3003 0.9526 -0.0481
vn -0.1911 -0.6455 -0.7394
vn -0.2180 -0.5969 -0.7721
vn -0.2544 -0.7277 -0.6370
vn -0.1813 -0.4098 -0.8940
vn -0.2543 -0.1352 -0.9576
vn -0.1784 -0.1572 -0.9713
vn -0.2429 0.1337 -0.9608
vn -0.1463 0.1136 -0.9827
vn -0.0952 0.3990 -0.9120
vn -0.0619 0.6079 -0.7916
vn -0.0545 0.8083 -0.5862
vn -0.0603 0.8764 -0.4778
vn -0.0813 0.9177 -0.3889
vn -0.0766 0.9293 -0.3612
vn -0.0945 0.9526 -0.2891
vn -0.1172 0.9645 -0.2365
vn -0.1525 0.9696 -0.1916
vn -0.1849 0.9734 -0.1351
vn -0.2235 0.9698 -0.0972
vn -0.1438 -0.5788 -0.8026
vn -0.1498 -0.2950 -0.9437
vn -0.1681 -0.4314 -0.8863
vn -0.1028 0.3431 -0.9336
vn -0.0900 0.4581 -0.8843
vn -0.0549 0.6244 -0.7792
vn -0.0491 0.8060 -0.5899
vn -0.0616 0.8661 -0.4960
vn -0.0719 0.9037 -0.4222
vn -0.0885 0.9380 -0.3352
vn -0.1136 0.9557 -0.2715
vn -0.1415 0.9654 -0.2192
vn -0.1651 0.9728 -0.1626
vn -0.1884 0.9733 -0.1308
vn -0.1889 0.9696 -0.1553
vn -0.2115 0.9667 -0.1443
vn -0.0946 -0.5826 -0.8072
vn -0.0929 -0.2939 -0.9513
vn -0.1075 -0.4654 -0.8786
vn -0.0633 0.3657 -0.9286
vn -0.0571 0.5157 -0.8549
vn -0.0408 0.6429 -0.7649
vn -0.0431 0.7953 -0.6047
vn -0.0580 0.8528 -0.5191
vn -0.0671 0.8948 -0.4415
vn -0.0788 0.9329 -0.3515
vn -0.1011 0.9487 -0.2995
vn -0.1255 0.9619 -0.2431
vn -0.1483 0.9710 -0.1877
vn -0.1263 0.9727 -0.1946
vn -0.1564 0.9728 -0.1709
vn -0.1639 0.9722 -0.1670
vn -0.0362 -0.6038 -0.7963
vn -0.0480 -0.2824 -0.9581
vn -0.0544 -0.4843 -0.8732
vn -0.0354 0.3729 -0.9272
vn -0.0328 0.5408 -0.8405
vn -0.0263 0.6508 -0.7588
vn -0.0298 0.7846 -0.6193
vn -0.0406 0.8422 -0.5377
vn -0.0468 0.8918 -0.4500
vn -0.0540 0.9273 -0.3703
vn -0.0691 0.9443 -0.3218
vn -0.0821 0.9611 -0.2637
vn -0.0810 0.9709 -0.2256
vn -0.0843 0.9789 -0.1864
vn -0.0995 0.9782 -0.1821
vn -0.9321 -0.3519 0.0855
vn -0.9396 -0.3262 0.1034
vn -0.9449 -0.3026 0.1246
vn -0.9450 -0.2933 0.1449
vn -0.9858 -0.1289 0.1073
vn -0.9863 -0.1111 0.1220
vn -0.9857 -0.0968 0.1377
vn -0.9838 -0.0881 0.1564
vn -0.9862 -0.0800 0.1448
vn -0.9873 0.1041 0.1198
vn -0.9860 0.1046 0.1298
vn -0.9852 0.0997 0.1392
vn -0.9839 0.0900 0.1541
vn -0.9857 0.0815 0.1477
vn -0.9483 0.2940 0.1196
vn -0.9526 0.2775 0.1245
vn -0.9579 0.2574 0.1272
vn -0.9606 0.2405 0.1396
vn -0.7494 -0.6605 0.0466
vn -0.8581 -0.5092 0.0655
vn -0.7703 -0.6334 0.0735
vn -0.8690 -0.4869 0.0884
vn -0.7940 -0.5990 0.1038
vn -0.8765 -0.4669 0.1170
vn -0.8233 -0.5524 0.1307
vn -0.8863 -0.4404 0.1433
vn -0.8506 -0.5053 0.1453
vn -0.8653 -0.4722 0.1679
vn -0.9202 -0.3509 0.1735
vn -0.9096 -0.3687 0.1915
vn -0.9446 -0.2685 0.1890
vn -0.9197 -0.3329 0.2079
vn -0.9240 -0.3076 0.2274
vn -0.9228 -0.2882 0.2555
vn -0.9587 -0.1076 0.2634
vn -0.9668 -0.1257 0.2226
vn -0.9627 -0.1347 0.2348
vn -0.9557 -0.1346 0.2617
vn -0.9616 0.2099 0.1767
vn -0.9657 0.0887 0.2439
vn -0.9771 0.0713 0.2002
vn -0.9750 0.0450 0.2174
vn -0.9726 0.0021 0.2324
vn -0.8696 0.4779 0.1246
vn -0.8797 0.4592 0.1239
vn -0.8869 0.4461 0.1202
vn -0.9015 0.4133 0.1285
vn -0.9392 0.2978 0.1707
vn -0.9375 0.3042 0.1691
vn -0.9551 0.2498 0.1594
vn -0.9674 0.1902 0.1673
vn -0.9815 0.1065 0.1594
vn -0.7888 0.6055 0.1056
vn -0.8003 0.5896 0.1093
vn -0.8228 0.5586 0.1048
vn -0.8538 0.5094 0.1073
vn -0.8864 0.4494 0.1107
vn -0.9185 0.3826 0.0999
vn -0.9476 0.3051 0.0953
vn -0.9791 0.1954 0.0559
vn -0.6784 0.7317 0.0654
vn -0.7039 0.7066 0.0730
vn -0.8355 -0.5153 0.1908
vn -0.8130 -0.5452 0.2044
vn -0.8733 -0.4304 0.2283
vn -0.8369 -0.4945 0.2347
vn -0.8819 -0.3979 0.2529
vn -0.9038 -0.3194 0.2850
vn -0.7515 0.6556 0.0733
vn -0.7984 0.5987 0.0642
vn -0.8384 0.5429 0.0496
vn -0.8805 0.4730 0.0328
vn -0.9244 0.3810 0.0173
vn -0.9575 0.2859 -0.0371
vn -0.4780 0.8783 0.0104
vn -0.5356 0.8443 0.0186
vn -0.6548 0.7532 0.0629
vn -0.6396 0.7686 0.0135
vn -0.7001 0.7141 -0.0025
vn -0.7701 0.6376 -0.0217
vn -0.8383 0.5419 -0.0592
vn -0.9101 0.4050 -0.0877
vn -0.9544 0.2644 -0.1390
vn -0.8205 0.5405 -0.1860
vn -0.8995 0.3700 -0.2326
vn -0.9336 0.2141 -0.2874
vn -0.3593 0.9323 -0.0406
vn -0.4280 0.9032 -0.0334
vn -0.4977 0.8652 -0.0610
vn -0.5944 0.7992 -0.0897
vn -0.6884 0.7169 -0.1104
vn -0.4302 0.8931 -0.1311
vn -0.5202 0.8332 -0.1876
vn -0.6276 0.7414 -0.2375
vn -0.7373 0.6489 -0.1879
vn -0.7904 0.5131 -0.3347
vn -0.8417 0.4001 -0.3625
vn -0.2733 0.9575 -0.0923
vn -0.3288 0.9401 -0.0896
vn -0.2467 0.9607 -0.1268
vn -0.2903 0.9471 -0.1370
vn -0.3541 0.9264 -0.1280
vn -0.3915 0.8983 -0.1995
vn -0.4603 0.8439 -0.2757
vn -0.5531 0.7603 -0.3407
vn -0.2307 0.9608 -0.1540
vn -0.2680 0.9473 -0.1756
vn -0.3071 0.9191 -0.2470
vn -0.3538 0.8710 -0.3410
vn -0.1819 0.9678 -0.1741
vn -0.2010 0.9582 -0.2037
vn -0.2214 0.9335 -0.2821
vn -0.1118 0.9757 -0.1885
vn -0.1234 0.9669 -0.2232
vn -0.1383 0.9426 -0.3040
vn -0.4059 -0.5069 -0.7604
vn -0.3799 -0.4661 -0.7990
vn -0.3854 -0.5411 -0.7474
vn -0.3601 -0.3626 -0.8596
vn -0.3604 -0.2435 -0.9005
vn -0.4826 -0.2231 -0.8470
vn -0.3810 -0.1660 -0.9095
vn -0.5200 -0.2999 -0.7998
vn -0.5182 -0.3141 -0.7955
vn -0.4244 -0.2173 -0.8790
vn -0.6717 -0.3592 -0.6479
vn -0.5747 -0.3492 -0.7401
vn -0.6725 -0.3110 -0.6716
vn -0.6576 -0.2748 -0.7015
vn -0.6107 -0.3023 -0.7319
vn -0.7440 -0.2149 -0.6326
vn -0.6758 -0.2316 -0.6998
vn -0.4326 -0.4653 -0.7723
vn -0.5595 -0.3379 -0.7568
vn -0.4375 -0.3499 -0.8283
vn -0.9562 -0.1390 0.2578
vn -0.5452 -0.2674 -0.7945
vn -0.5064 -0.2198 -0.8338
vn -0.4479 -0.2563 -0.8566
vn -0.9774 -0.0603 0.2026
vn -0.6111 -0.2809 -0.7400
vn -0.9943 -0.0076 0.1063
vn -0.9884 -0.1473 -0.0384
vn -0.9157 -0.3144 -0.2503
vn -0.7863 -0.3700 -0.4949
vn -0.7006 -0.4021 -0.5894
vn -0.6388 -0.3581 -0.6810
vn -0.9983 0.0526 -0.0249
vn -0.9733 -0.1046 -0.2043
vn -0.8925 -0.2585 -0.3696
vn -0.7476 -0.3438 -0.5683
vn -0.9210 -0.1116 -0.3733
vn -0.8468 -0.2319 -0.4787
vn -0.7727 -0.2469 -0.5848
vn -0.7531 -0.2965 -0.5873
vn -0.8546 -0.1107 -0.5074
vn -0.7806 -0.1774 -0.5994
vn -0.8679 -0.4356 0.2387
vn -0.8930 -0.4024 0.2014
vn -0.6436 -0.4743 -0.6007
vn -0.6101 -0.4177 -0.6732
vn -0.5242 -0.4723 -0.7087
vn -0.9051 -0.3232 0.2762
vn -0.9232 -0.2555 0.2872
vn -0.9271 -0.3053 0.2173
vn -0.9539 -0.3001 0.0023
vn -0.8973 -0.3129 -0.3112
vn -0.6780 -0.3350 -0.6543
vn -0.9420 -0.1821 0.2817
vn -0.9544 -0.2156 0.2064
vn -0.9704 -0.2414 -0.0063
vn -0.9029 -0.2658 -0.3378
vn -0.6930 -0.2737 -0.6669
vn -0.9639 -0.1347 0.2296
vn -0.9706 -0.1895 0.1481
vn -0.9620 -0.2582 0.0886
vn -0.9690 -0.2419 -0.0494
vn -0.9169 -0.3755 -0.1353
vn -0.8996 -0.2612 -0.3500
vn -0.7965 -0.4194 -0.4356
vn -0.6958 -0.2800 -0.6614
vn -0.9690 0.2029 -0.1408
vn -0.9683 0.1282 -0.2143
vn -0.9289 0.0138 -0.3700
vn -0.9367 0.0776 -0.3414
vn -0.8818 -0.0307 -0.4706
vn -0.9043 -0.4004 0.1483
vn -0.9236 -0.3824 0.0252
vn -0.8939 -0.4481 0.0143
vn -0.8974 -0.4005 -0.1852
vn -0.8299 -0.4883 -0.2698
vn -0.7698 -0.4489 -0.4537
vn -0.8924 0.1222 -0.4344
vn -0.8291 0.0583 -0.5560
vn -0.8039 -0.0239 -0.5942
vn -0.7607 0.0225 -0.6487
vn -0.7628 -0.0381 -0.6455
vn -0.7025 0.0028 -0.7117
vn -0.7193 -0.0489 -0.6930
vn -0.6430 0.0194 -0.7656
vn -0.6657 -0.0377 -0.7453
vn -0.5777 0.0425 -0.8151
vn -0.6044 -0.0058 -0.7967
vn -0.5564 0.0190 -0.8307
vn -0.5201 0.0406 -0.8531
vn -0.7225 0.5174 -0.4586
vn -0.7891 0.3702 -0.4903
vn -0.8310 0.2389 -0.5023
vn -0.7220 0.2871 -0.6296
vn -0.7735 0.1622 -0.6126
vn -0.6363 0.1970 -0.7458
vn -0.6894 0.1054 -0.7167
vn -0.6160 0.0663 -0.7849
vn -0.5539 0.0785 -0.8289
vn -0.5086 0.0897 -0.8563
vn -0.5025 0.0786 -0.8610
vn -0.4592 0.0878 -0.8840
vn -0.4925 0.0565 -0.8684
vn -0.4322 0.0897 -0.8973
vn -0.4641 0.0671 -0.8832
vn -0.5151 0.7104 -0.4797
vn -0.6025 0.6236 -0.4980
vn -0.6118 0.5222 -0.5942
vn -0.5296 0.4927 -0.6905
vn -0.6086 0.3930 -0.6893
vn -0.5631 0.2808 -0.7772
vn -0.5410 0.1874 -0.8199
vn -0.4812 0.1712 -0.8597
vn -0.5288 0.1207 -0.8401
vn -0.4458 0.1433 -0.8836
vn -0.4943 0.1196 -0.8610
vn -0.4267 0.1332 -0.8945
vn -0.4666 0.1165 -0.8768
vn -0.4009 0.1273 -0.9072
vn -0.4440 0.1098 -0.8893
vn -0.4157 0.1139 -0.9023
vn -0.3248 0.8449 -0.4249
vn -0.3916 0.7915 -0.4691
vn -0.4166 0.7082 -0.5700
vn -0.4247 0.5656 -0.7069
vn -0.4235 0.4639 -0.7781
vn -0.3575 0.4036 -0.8422
vn -0.4105 0.3343 -0.8484
vn -0.3785 0.2051 -0.9026
vn -0.3411 0.1612 -0.9261
vn -0.3111 0.1491 -0.9386
vn -0.2887 0.1453 -0.9463
vn -0.3200 0.1482 -0.9357
vn -0.2449 0.1507 -0.9578
vn -0.3327 0.1425 -0.9322
vn -0.2388 0.8847 -0.4004
vn -0.2541 0.8337 -0.4904
vn -0.2788 0.7272 -0.6272
vn -0.2080 0.6808 -0.7023
vn -0.2841 0.6114 -0.7386
vn -0.2677 0.4625 -0.8452
vn -0.2640 0.3761 -0.8881
vn -0.2459 0.2358 -0.9402
vn -0.2260 0.1826 -0.9569
vn -0.2092 0.1700 -0.9630
vn -0.1924 0.1633 -0.9676
vn -0.1762 0.1560 -0.9719
vn -0.1845 0.1639 -0.9691
vn -0.1049 0.9348 -0.3394
vn -0.1376 0.9109 -0.3889
vn -0.1302 0.8555 -0.5012
vn -0.1297 0.7408 -0.6591
vn -0.1334 0.6308 -0.7644
vn -0.1384 0.4697 -0.8719
vn -0.1524 0.3550 -0.9224
vn -0.1232 0.2947 -0.9476
vn -0.1535 0.2569 -0.9542
vn -0.1358 0.1955 -0.9713
vn -0.1288 0.1819 -0.9748
vn -0.1243 0.1739 -0.9769
vn -0.1180 0.1653 -0.9792
vn -0.7206 -0.1964 -0.6649
vn -0.6709 -0.2158 -0.7094
vn -0.6991 -0.1928 -0.6885
vn -0.6730 -0.2012 -0.7118
vn -0.6645 -0.2075 -0.7180
vn -0.6985 -0.1524 -0.6992
vn -0.6726 -0.1710 -0.7200
vn -0.6776 -0.1347 -0.7230
vn -0.6637 -0.1487 -0.7331
vn -0.6656 -0.1137 -0.7376
vn -0.6573 -0.1213 -0.7438
vn -0.6580 -0.0850 -0.7482
vn -0.6507 -0.0941 -0.7534
vn -0.6472 -0.0552 -0.7603
vn -0.6397 -0.0686 -0.7655
vn -0.6319 -0.0272 -0.7745
vn -0.6282 -0.0410 -0.7770
vn -0.8035 -0.1159 -0.5839
vn -0.7587 -0.1653 -0.6301
vn -0.7723 -0.0889 -0.6290
vn -0.7634 -0.1303 -0.6327
vn -0.7233 -0.1504 -0.6739
vn -0.7330 -0.1704 -0.6585
vn -0.7373 -0.0851 -0.6702
vn -0.7111 -0.1177 -0.6931
vn -0.7048 -0.0890 -0.7038
vn -0.6898 -0.1141 -0.7150
vn -0.6756 -0.0812 -0.7327
vn -0.6735 -0.1023 -0.7321
vn -0.6455 -0.0496 -0.7621
vn -0.6604 -0.0730 -0.7473
vn -0.6160 -0.0160 -0.7876
vn -0.6443 -0.0391 -0.7638
vn -0.5891 0.0146 -0.8079
vn -0.6235 -0.0078 -0.7818
vn -0.8917 0.0219 -0.4522
vn -0.8254 -0.0554 -0.5619
vn -0.8370 -0.0597 -0.5439
vn -0.3462 -0.9128 -0.2169
vn -0.4648 -0.8638 -0.1944
vn -0.5680 -0.8217 -0.0465
vn -0.5357 -0.8441 0.0226
vn -0.5492 -0.7266 0.4128
vn -0.2901 -0.9508 -0.1091
vn -0.3081 -0.9198 -0.2430
vn -0.3060 -0.9163 -0.2585
vn -0.3006 -0.8998 -0.3161
vn -0.4814 -0.8403 0.2493
vn -0.5280 -0.7813 0.3329
vn -0.5868 -0.6866 0.4293
vn -0.5667 -0.5774 0.5877
vn -0.9897 -0.1013 -0.1016
vn -0.9972 0.0531 -0.0526
vn -0.8051 -0.4939 -0.3285
vn -0.8131 -0.5084 -0.2836
vn -0.9019 -0.3693 -0.2239
vn -0.8966 -0.2825 -0.3410
vn -0.9089 -0.2512 -0.3330
vn -0.9116 -0.2017 -0.3582
vn -0.9150 -0.0847 -0.3946
vn -0.9433 -0.0780 -0.3226
vn -0.9622 -0.0269 -0.2709
vn -0.9525 0.0332 -0.3027
vn -0.9689 0.2404 -0.0589
vn -0.9226 0.0389 -0.3837
vn -0.9540 0.0558 -0.2945
vn -0.9742 0.0989 -0.2028
vn -0.9883 0.1498 -0.0298
vn -0.9176 0.0722 -0.3909
vn -0.9568 0.0823 -0.2790
vn -0.9814 0.0981 -0.1650
vn -0.9932 0.1165 -0.0010
vn -0.9626 0.0137 -0.2706
vn -0.9888 0.0302 -0.1463
vn -0.9985 0.0513 0.0176
vn -0.6236 -0.7130 -0.3204
vn -0.7136 -0.6189 -0.3282
vn -0.6260 -0.7188 -0.3025
vn -0.7182 -0.6304 -0.2947
vn -0.6840 -0.6755 -0.2753
vn -0.7267 -0.5397 -0.4250
vn -0.7239 -0.5753 -0.3807
vn -0.7939 -0.4726 -0.3825
vn -0.7526 -0.5483 -0.3645
vn -0.8007 -0.3234 -0.5043
vn -0.7910 -0.3758 -0.4828
vn -0.8420 -0.2670 -0.4687
vn -0.8297 -0.3558 -0.4300
vn -0.8299 -0.1190 -0.5450
vn -0.8249 -0.1112 -0.5542
vn -0.8329 0.0088 -0.5534
vn -0.8447 0.0223 -0.5348
vn -0.8418 0.0436 -0.5380
vn -0.8656 0.0626 -0.4968
vn -0.8981 0.0739 -0.4335
vn -0.8542 -0.0182 -0.5197
vn -0.9016 -0.0064 -0.4326
vn -0.9054 -0.0653 -0.4195
vn -0.9062 0.0049 -0.4227
vn -0.5497 -0.7822 -0.2932
vn -0.4351 -0.8599 -0.2668
vn -0.5373 -0.7907 -0.2933
vn -0.6097 -0.7100 -0.3524
vn -0.6726 -0.6321 -0.3847
vn -0.5916 -0.7390 -0.3223
vn -0.6505 -0.6697 -0.3583
vn -0.6040 -0.7277 -0.3249
vn -0.6933 -0.5561 -0.4583
vn -0.7455 -0.4611 -0.4812
vn -0.7112 -0.5500 -0.4379
vn -0.7616 -0.2843 -0.5824
vn -0.7608 -0.2998 -0.5756
vn -0.7636 -0.1114 -0.6361
vn -0.7899 -0.1206 -0.6012
vn -0.7528 -0.0013 -0.6583
vn -0.8037 0.0022 -0.5951
vn -0.7577 0.0140 -0.6524
vn -0.8134 0.0274 -0.5811
vn -0.7690 -0.0484 -0.6374
vn -0.8234 -0.0336 -0.5664
vn -0.5444 -0.7783 -0.3130
vn -0.4684 -0.8498 -0.2416
vn -0.5192 -0.8063 -0.2833
vn -0.4333 -0.8739 -0.2205
vn -0.4886 -0.8290 -0.2721
vn -0.4223 -0.8721 -0.2473
vn -0.5797 -0.7151 -0.3906
vn -0.6394 -0.6405 -0.4253
vn -0.5963 -0.7109 -0.3730
vn -0.6639 -0.4530 -0.5950
vn -0.6559 -0.5315 -0.5361
vn -0.6965 -0.4349 -0.5707
vn -0.6760 -0.5551 -0.4846
vn -0.7010 -0.2462 -0.6693
vn -0.6924 -0.2623 -0.6722
vn -0.6934 -0.0839 -0.7157
vn -0.7019 -0.0950 -0.7059
vn -0.6836 -0.0074 -0.7298
vn -0.7076 -0.0036 -0.7066
vn -0.6928 -0.0147 -0.7210
vn -0.7171 0.0008 -0.6970
vn -0.7094 -0.0787 -0.7003
vn -0.7277 -0.0615 -0.6832
vn -0.9850 -0.1584 0.0686
vn -0.9992 -0.0358 0.0205
vn -0.9896 0.0282 0.1407
vn -0.9917 0.0997 0.0806
vn -0.7712 -0.6038 -0.2017
vn -0.8484 -0.5291 -0.0130
vn -0.8472 -0.5300 0.0365
vn -0.8784 -0.3877 0.2794
vn -0.8334 -0.5152 -0.2002
vn -0.9384 -0.3228 -0.1235
vn -0.9198 -0.3725 -0.1237
vn -0.8709 -0.1241 0.4755
vn -0.8897 -0.0863 0.4483
vn -0.9318 0.1874 0.3109
vn -0.8930 0.1030 0.4381
vn -0.8274 0.1406 0.5437
vn -0.9560 0.2555 0.1441
vn -0.9516 0.1942 0.2381
vn -0.8884 0.2529 0.3832
vn -0.7953 0.2230 0.5637
vn -0.9694 0.1860 0.1604
vn -0.9109 0.1889 0.3669
vn -0.9750 0.1315 0.1789
vn -0.9254 0.1348 0.3541
vn -0.9790 0.0666 0.1927
vn -0.9369 0.0645 0.3436
vn -0.6566 -0.7159 -0.2374
vn -0.6379 -0.7593 -0.1282
vn -0.6940 -0.7136 -0.0958
vn -0.7245 -0.6766 0.1317
vn -0.7295 -0.6581 0.1864
vn -0.6987 -0.5156 0.4959
vn -0.7559 -0.3083 0.5776
vn -0.6856 -0.2466 0.6849
vn -0.7393 0.0053 0.6734
vn -0.5998 0.0429 0.7990
vn -0.6890 0.1835 0.7012
vn -0.5486 0.1815 0.8161
vn -0.7538 0.2156 0.6207
vn -0.6851 0.2114 0.6971
vn -0.8099 0.1821 0.5577
vn -0.7246 0.1641 0.6693
vn -0.8360 0.1253 0.5342
vn -0.7471 0.0995 0.6572
vn -0.8620 0.0417 0.5051
vn -0.7871 -0.0009 0.6168
vn -0.4245 -0.8626 -0.2752
vn -0.5461 -0.7906 -0.2769
vn -0.4943 -0.8330 -0.2484
vn -0.5285 -0.4101 0.7433
vn -0.5213 -0.1238 0.8444
vn -0.5492 -0.0720 0.8326
vn -0.4718 0.0908 0.8770
vn -0.4995 0.1947 0.8442
vn -0.4530 0.1759 0.8740
vn -0.5722 0.2026 0.7947
vn -0.4812 0.1681 0.8603
vn -0.6086 0.1427 0.7806
vn -0.5082 0.1107 0.8541
vn -0.6467 0.0637 0.7601
vn -0.5530 0.0165 0.8330
vn -0.6888 -0.0463 0.7235
vn -0.6092 -0.0997 0.7867
vn -0.5707 -0.4001 0.7171
vn -0.5587 -0.3130 0.7681
vn -0.5046 -0.2588 0.8237
vn -0.4417 0.1008 0.8915
vn -0.4151 -0.0049 0.9098
vn -0.4442 0.1313 0.8863
vn -0.3998 0.1472 0.9047
vn -0.4184 0.1831 0.8896
vn -0.3880 0.1849 0.9029
vn -0.4205 0.1517 0.8945
vn -0.4444 0.0849 0.8918
vn -0.4848 -0.0292 0.8741
vn -0.5274 -0.1479 0.8366
vn -0.9896 -0.1155 -0.0857
vn -0.9904 -0.1380 -0.0074
vn -0.9757 -0.0694 -0.2077
vn -0.9883 -0.0964 -0.1180
vn -0.9915 -0.1267 -0.0295
vn -0.9756 -0.0293 -0.2176
vn -0.9863 -0.0547 -0.1553
vn -0.9942 -0.0904 -0.0588
vn -0.9284 -0.0586 -0.3669
vn -0.9659 -0.0469 -0.2545
vn -0.9921 -0.0260 -0.1228
vn -0.9994 -0.0096 0.0322
vn -0.9337 -0.0785 -0.3494
vn -0.9686 -0.0725 -0.2378
vn -0.9922 -0.0663 -0.1054
vn -0.9972 -0.0671 0.0325
vn -0.9332 -0.1140 -0.3409
vn -0.9667 -0.1078 -0.2322
vn -0.9894 -0.1059 -0.0994
vn -0.9940 -0.1065 0.0263
vn -0.9344 -0.1345 -0.3299
vn -0.9650 -0.1249 -0.2308
vn -0.9880 -0.1218 -0.0950
vn -0.9922 -0.1228 0.0205
vn -0.9151 -0.1446 -0.3764
vn -0.9392 -0.1343 -0.3162
vn -0.9639 -0.1303 -0.2321
vn -0.9872 -0.1312 -0.0907
vn -0.9834 -0.1598 -0.0860
vn -0.9906 -0.1367 0.0102
vn -0.9868 -0.1619 0.0033
vn -0.9244 -0.1219 -0.3614
vn -0.9452 -0.1152 -0.3054
vn -0.9610 -0.1257 -0.2462
vn -0.9680 -0.0958 -0.2320
vn -0.9777 -0.1197 -0.1728
vn -0.9301 -0.0918 -0.3556
vn -0.9497 -0.0828 -0.3019
vn -0.9614 -0.0707 -0.2661
vn -0.9094 -0.0571 -0.4120
vn -0.9352 -0.0520 -0.3503
vn -0.9549 -0.0421 -0.2939
vn -0.9648 -0.0292 -0.2613
vn -0.8605 -0.0914 -0.5012
vn -0.8931 -0.0771 -0.4432
vn -0.8667 -0.1090 -0.4868
vn -0.8961 -0.0919 -0.4343
vn -0.8320 -0.1500 -0.5341
vn -0.8711 -0.1409 -0.4704
vn -0.8990 -0.1273 -0.4190
vn -0.8368 -0.1658 -0.5218
vn -0.8741 -0.1642 -0.4572
vn -0.8888 -0.1701 -0.4255
vn -0.9001 -0.1538 -0.4076
vn -0.8349 -0.1686 -0.5239
vn -0.8720 -0.1605 -0.4625
vn -0.8143 -0.1593 -0.5582
vn -0.8336 -0.1585 -0.5291
vn -0.8787 -0.1445 -0.4549
vn -0.8264 -0.1441 -0.5443
vn -0.8425 -0.1349 -0.5216
vn -0.8785 -0.0959 -0.4679
vn -0.8906 -0.1150 -0.4400
vn -0.8439 -0.1143 -0.5241
vn -0.8698 -0.0835 -0.4863
vn -0.7733 -0.1127 -0.6239
vn -0.8260 -0.1026 -0.5543
vn -0.7513 -0.1449 -0.6439
vn -0.7800 -0.1352 -0.6110
vn -0.8089 -0.1397 -0.5711
vn -0.8258 -0.1242 -0.5502
vn -0.7570 -0.1715 -0.6305
vn -0.7923 -0.1616 -0.5883
vn -0.7626 -0.1910 -0.6180
vn -0.7955 -0.1761 -0.5798
vn -0.7427 -0.1929 -0.6413
vn -0.7719 -0.1898 -0.6068
vn -0.7968 -0.1701 -0.5799
vn -0.8027 -0.1769 -0.5695
vn -0.7529 -0.1881 -0.6307
vn -0.7939 -0.1719 -0.5832
vn -0.7619 -0.1683 -0.6255
vn -0.8037 -0.1580 -0.5737
vn -0.7630 -0.1478 -0.6292
vn -0.8140 -0.1392 -0.5640
vn -0.7194 -0.1369 -0.6810
vn -0.7336 -0.1441 -0.6641
vn -0.7354 -0.1229 -0.6664
vn -0.6837 -0.1640 -0.7111
vn -0.7318 -0.1580 -0.6629
vn -0.6847 -0.1804 -0.7061
vn -0.7340 -0.1787 -0.6552
vn -0.6843 -0.1959 -0.7024
vn -0.7043 -0.2078 -0.6788
vn -0.7297 -0.1977 -0.6545
vn -0.9876 -0.1539 0.0302
vn -0.9824 -0.1710 0.0751
vn -0.9895 -0.1425 0.0236
vn -0.9864 -0.1514 0.0645
vn -0.9772 -0.1687 0.1290
vn -0.9935 -0.1123 0.0156
vn -0.9911 -0.1201 0.0574
vn -0.9853 -0.1287 0.1128
vn -0.9725 -0.1378 0.1876
vn -0.9809 -0.0106 0.1945
vn -0.9454 -0.0279 0.3247
vn -0.9800 -0.0791 0.1826
vn -0.9477 -0.1008 0.3027
vn -0.9793 -0.1224 0.1610
vn -0.9497 -0.1589 0.2699
vn -0.9165 -0.2111 0.3399
vn -0.9809 -0.1486 0.1255
vn -0.9556 -0.1963 0.2200
vn -0.9283 -0.2438 0.2808
vn -0.9816 -0.1714 0.0845
vn -0.9823 -0.1806 0.0507
vn -0.9593 -0.2250 0.1706
vn -0.9678 -0.2209 0.1210
vn -0.9330 -0.2602 0.2486
vn -0.9153 -0.2829 0.2867
vn -0.9614 -0.2239 0.1601
vn -0.9348 -0.2685 0.2326
vn -0.9553 -0.2284 0.1879
vn -0.9220 -0.2750 0.2727
vn -0.9015 -0.2882 0.3228
vn -0.9504 -0.2226 0.2173
vn -0.9293 -0.2506 0.2711
vn -0.9485 -0.2091 0.2380
vn -0.9175 -0.2499 0.3093
vn -0.8901 -0.2524 0.3794
vn -0.9467 -0.1715 0.2725
vn -0.9298 -0.1872 0.3169
vn -0.9094 -0.1865 0.3717
vn -0.8813 -0.0566 0.4693
vn -0.8190 -0.0979 0.5654
vn -0.8908 -0.1386 0.4328
vn -0.8382 -0.1985 0.5080
vn -0.8842 -0.2034 0.4205
vn -0.7785 -0.2654 0.5688
vn -0.8784 -0.2791 0.3879
vn -0.7997 -0.3420 0.4935
vn -0.8912 -0.2979 0.3422
vn -0.8179 -0.3694 0.4410
vn -0.8818 -0.3147 0.3512
vn -0.7498 -0.4051 0.5231
vn -0.8701 -0.3342 0.3621
vn -0.7736 -0.4038 0.4884
vn -0.8537 -0.3339 0.3997
vn -0.7227 -0.4270 0.5435
vn -0.8371 -0.3455 0.4241
vn -0.7540 -0.3992 0.5216
vn -0.8259 -0.3392 0.4504
vn -0.7196 -0.4112 0.5596
vn -0.8161 -0.2980 0.4951
vn -0.7586 -0.3351 0.5588
vn -0.8465 -0.2243 0.4829
vn -0.7919 -0.2551 0.5548
vn -0.8392 -0.2128 0.5004
vn -0.7672 -0.2590 0.5868
vn -0.7183 -0.1411 0.6813
vn -0.6602 -0.2004 0.7238
vn -0.7149 -0.2381 0.6574
vn -0.7117 -0.3384 0.6156
vn -0.6249 -0.3811 0.6814
vn -0.7215 -0.3865 0.5745
vn -0.6555 -0.4253 0.6241
vn -0.7052 -0.4170 0.5734
vn -0.6917 -0.4398 0.5729
vn -0.6409 -0.4640 0.6116
vn -0.6833 -0.4466 0.5776
vn -0.6764 -0.4540 0.5800
vn -0.6316 -0.4760 0.6119
vn -0.6731 -0.4519 0.5854
vn -0.6786 -0.4380 0.5897
vn -0.6326 -0.4544 0.6272
vn -0.7209 -0.3628 0.5905
vn -0.6655 -0.3867 0.6384
vn -0.7232 -0.3092 0.6176
vn -0.7245 -0.2824 0.6288
vn -0.5613 -0.2434 0.7910
vn -0.5579 -0.3067 0.7711
vn -0.5874 -0.3561 0.7267
vn -0.5847 -0.4262 0.6902
vn -0.5974 -0.4584 0.6580
vn -0.5791 -0.4824 0.6572
vn -0.6015 -0.4817 0.6373
vn -0.5989 -0.4858 0.6367
vn -0.5849 -0.4966 0.6413
vn -0.5990 -0.4936 0.6305
vn -0.5981 -0.4927 0.6321
vn -0.5947 -0.4996 0.6299
vn -0.6034 -0.4913 0.6281
vn -0.6116 -0.4644 0.6405
vn -0.6430 -0.3968 0.6551
vn -0.6790 -0.2970 0.6714
vn -0.6145 -0.4605 0.6406
vn -0.6232 -0.3985 0.6730
vn -0.6502 -0.3425 0.6782
vn -0.6518 -0.3045 0.6946
vn -0.6523 -0.3059 0.6935
vn -0.4153 -0.8890 -0.1927
vn -0.3678 -0.9157 -0.1619
vn -0.3143 -0.9347 -0.1658
vn -0.4626 -0.8394 -0.2852
vn -0.4387 -0.8710 -0.2212
vn -0.3998 -0.9038 -0.1526
vn -0.3413 -0.9336 -0.1087
vn -0.2854 -0.9519 -0.1112
vn -0.4477 -0.8223 -0.3513
vn -0.4669 -0.8464 -0.2560
vn -0.4503 -0.8499 -0.2736
vn -0.4567 -0.8731 -0.1707
vn -0.4342 -0.8801 -0.1919
vn -0.4546 -0.8866 -0.0849
vn -0.3956 -0.9124 -0.1049
vn -0.4524 -0.8914 -0.0267
vn -0.3375 -0.9396 -0.0572
vn -0.4205 -0.9070 -0.0244
vn -0.2840 -0.9564 -0.0682
vn -0.3049 -0.9458 -0.1115
vn -0.4638 -0.8493 -0.2522
vn -0.4994 -0.8465 -0.1845
vn -0.6566 -0.7427 -0.1311
vn -0.5325 -0.8402 -0.1026
vn -0.6621 -0.7493 -0.0111
vn -0.5429 -0.8395 -0.0212
vn -0.6204 -0.7808 0.0740
vn -0.5042 -0.8635 0.0145
vn -0.4330 -0.7948 -0.4251
vn -0.4394 -0.8198 -0.3673
vn -0.4454 -0.8179 -0.3641
vn -0.4556 -0.8300 -0.3216
vn -0.7037 -0.6841 -0.1919
vn -0.6814 -0.7127 -0.1667
vn -0.7299 -0.6834 -0.0143
vn -0.7103 -0.7039 -0.0075
vn -0.7049 -0.6904 0.1629
vn -0.6831 -0.7182 0.1328
vn -0.4385 -0.8148 -0.3793
vn -0.5071 -0.7845 -0.3569
vn -0.4870 -0.8222 -0.2947
vn -0.5806 -0.7481 -0.3213
vn -0.5629 -0.7915 -0.2383
vn -0.6388 -0.7356 -0.2256
vn -0.4001 -0.7706 -0.4961
vn -0.3948 -0.8084 -0.4366
vn -0.4134 -0.8007 -0.4335
vn -0.4200 -0.8127 -0.4038
vn -0.5047 -0.8466 -0.1689
vn -0.5711 -0.7981 -0.1920
vn -0.4978 -0.8672 -0.0100
vn -0.5704 -0.8213 -0.0140
vn -0.5002 -0.8544 0.1408
vn -0.5704 -0.8055 0.1608
vn -0.4709 -0.7643 -0.4407
vn -0.5131 -0.7378 -0.4386
vn -0.5648 -0.7266 -0.3912
vn -0.6007 -0.7186 -0.3504
vn -0.6138 -0.7336 0.2917
vn -0.3669 -0.8229 -0.4338
vn -0.3408 -0.8233 -0.4538
vn -0.3947 -0.8175 -0.4194
vn -0.4171 -0.8093 -0.4136
vn -0.3737 -0.7942 -0.4791
vn -0.3817 -0.7790 -0.4975
vn -0.3704 -0.8065 -0.4609
vn -0.3131 -0.9410 -0.1281
vn -0.2946 -0.9556 -0.0092
vn -0.3236 -0.9413 0.0965
vn -0.3572 -0.8319 -0.4247
vn -0.4279 -0.7773 -0.4612
vn -0.4086 -0.8525 -0.3260
vn -0.4268 -0.8738 0.2333
vn -0.3015 -0.8204 -0.4858
vn -0.2903 -0.7509 -0.5932
vn -0.3518 -0.7729 -0.5281
vn -0.4046 -0.7411 -0.5358
vn -0.3357 -0.8355 -0.4349
vn -0.3116 -0.8462 -0.4323
vn -0.2923 -0.8436 -0.4504
vn -0.1738 -0.9354 -0.3080
vn -0.1765 -0.9756 -0.1308
vn -0.1827 -0.9831 -0.0129
vn -0.1860 -0.9783 0.0910
vn -0.1461 -0.7816 -0.6065
vn -0.1689 -0.7730 -0.6115
vn -0.2048 -0.8510 -0.4836
vn -0.1701 -0.7880 -0.5917
vn -0.3184 -0.8591 -0.4006
vn -0.2511 -0.8904 -0.3798
vn -0.2833 -0.8693 -0.4050
vn -0.2386 -0.8701 -0.4312
vn -0.2392 -0.9532 -0.1848
vn -0.3442 -0.9348 0.0881
vn -0.4233 -0.8130 0.3998
vn -0.2585 -0.9443 -0.2038
vn -0.2178 -0.9407 -0.2600
vn -0.2033 -0.9295 -0.3078
vn -0.4847 -0.4653 0.7407
vn -0.1945 -0.9447 -0.2640
vn -0.2764 -0.9581 -0.0756
vn -0.5605 -0.8077 0.1828
vn -0.4121 -0.8606 0.2992
vn -0.2588 -0.9551 -0.1444
vn -0.2400 -0.9582 -0.1557
vn -0.2472 -0.9424 -0.2255
vn -0.1983 -0.9549 -0.2210
vn -0.1831 -0.9333 -0.3088
vn -0.5107 -0.5021 0.6979
vn -0.5538 -0.4446 0.7041
vn -0.5014 -0.3629 0.7854
vn -0.2843 -0.9579 0.0407
vn -0.3091 -0.9420 -0.1306
vn -0.2609 -0.9405 -0.2176
vn -0.2247 -0.9352 -0.2738
vn -0.2191 -0.9443 -0.2455
vn -0.2715 -0.9422 -0.1965
vn -0.3085 -0.9342 -0.1790
vn -0.4577 -0.7801 0.4265
vn -0.4996 -0.7190 0.4832
vn -0.5535 -0.5635 0.6132
vn -0.5265 -0.2964 0.7969
vn -0.5984 -0.2245 0.7691
vn -0.1909 -0.9583 -0.2129
vn -0.2363 -0.9694 -0.0668
vn -0.3586 -0.9032 0.2358
vn -0.5399 -0.8410 0.0368
vn -0.4269 -0.9023 -0.0607
vn -0.4288 -0.9001 -0.0770
vn -0.3344 -0.9288 -0.1596
vn -0.3243 -0.9308 -0.1684
vn -0.2575 -0.9379 -0.2323
vn -0.2207 -0.9414 -0.2549
vn -0.5194 -0.6516 0.5528
vn -0.5420 -0.5880 0.6004
vn -0.5548 -0.4285 0.7131
vn -0.5178 -0.1524 0.8418
vn -0.5943 -0.7904 0.1488
vn -0.4414 -0.8968 0.0306
vn -0.3006 -0.9500 -0.0848
vn -0.2157 -0.9603 -0.1771
vn -0.2263 -0.9610 -0.1592
vn -0.4189 -0.9080 -0.0101
vn -0.3327 -0.9378 0.0990
vn -0.5232 -0.8000 0.2939
vn -0.4446 -0.7982 0.4066
vn -0.5100 -0.4645 0.7240
vn -0.6332 -0.4128 0.6547
vn -0.5189 -0.1320 0.8446
vn -0.6312 -0.0887 0.7705
vn -0.2067 -0.9743 -0.0894
vn -0.3285 -0.9369 0.1197
vn -0.5607 -0.7626 0.3226
vn -0.5689 -0.7824 0.2532
vn -0.4939 -0.8094 0.3178
vn -0.4409 -0.8805 0.1742
vn -0.3094 -0.9503 0.0359
vn -0.2040 -0.9729 -0.1085
vn -0.1714 -0.9640 -0.2034
vn -0.1802 -0.9528 -0.2444
vn -0.5007 -0.7597 0.4149
vn -0.5256 -0.7109 0.4672
vn -0.5746 -0.5816 0.5758
vn -0.5697 -0.3166 0.7584
vn -0.5326 -0.0307 0.8458
vn -0.3435 -0.8847 0.3151
vn -0.4570 -0.8150 0.3562
vn -0.3719 -0.8239 0.4277
vn -0.1557 -0.9716 -0.1783
vn -0.2477 -0.9688 0.0023
vn -0.3676 -0.8937 0.2573
vn -0.3040 -0.8472 0.4357
vn -0.2045 -0.9697 0.1333
vn -0.1511 -0.9873 -0.0487
vn -0.1269 -0.9722 -0.1969
vn -0.1250 -0.9579 -0.2585
vn -0.5239 -0.6706 0.5252
vn -0.1693 -0.9570 0.2356
vn -0.1717 -0.8636 0.4740
vn -0.1621 -0.8496 0.5018
vn -0.1370 -0.9593 -0.2471
vn -0.2053 -0.9728 -0.1072
vn -0.2987 -0.9429 0.1473
vn -0.1517 -0.8630 0.4819
vn -0.1285 -0.9781 0.1638
vn -0.1225 -0.9920 -0.0312
vn -0.1292 -0.9687 -0.2120
vn -0.1138 -0.9776 -0.1772
vn -0.1157 -0.9580 -0.2624
vn -0.6559 -0.2681 0.7056
vn -0.6308 0.0194 0.7757
vn -0.5127 -0.6291 0.5843
vn -0.5585 -0.4888 0.6702
vn -0.5047 -0.2071 0.8381
vn -0.4659 0.3111 0.8283
vn -0.4555 0.0712 0.8874
vn -0.3514 -0.8271 0.4387
vn -0.4327 -0.5671 0.7008
vn -0.4861 -0.1758 0.8560
vn -0.4974 -0.1489 0.8546
vn -0.4101 0.1512 0.8994
vn -0.4648 0.2014 0.8622
vn -0.4973 -0.8068 -0.3190
vn -0.5304 -0.7718 -0.3509
vn -0.4773 -0.8383 -0.2635
vn -0.5130 -0.8051 -0.2978
vn -0.4728 -0.8447 -0.2508
vn -0.5680 -0.6444 -0.5120
vn -0.6011 -0.5823 -0.5473
vn -0.5574 -0.7092 -0.4316
vn -0.5971 -0.6403 -0.4832
vn -0.5637 -0.7163 -0.4113
vn -0.6106 -0.4430 -0.6564
vn -0.6459 -0.2019 -0.7362
vn -0.6520 -0.2269 -0.7235
vn -0.6309 -0.0471 -0.7744
vn -0.6597 -0.0669 -0.7485
vn -0.6138 -0.0066 -0.7895
vn -0.6573 -0.0083 -0.7536
vn -0.6157 -0.0394 -0.7870
vn -0.6636 -0.0293 -0.7475
vn -0.6229 -0.1044 -0.7753
vn -0.6726 -0.0941 -0.7340
vn -0.5085 -0.7161 -0.4781
vn -0.4791 -0.7952 -0.3717
vn -0.5127 -0.7589 -0.4014
vn -0.4921 -0.7990 -0.3455
vn -0.5306 -0.6207 -0.5772
vn -0.5395 -0.4597 -0.7054
vn -0.5846 -0.3539 -0.7301
vn -0.5857 -0.4817 -0.6519
vn -0.4535 -0.7670 -0.4538
vn -0.4806 -0.7326 -0.4820
vn -0.4597 -0.7852 -0.4149
vn -0.4854 -0.6303 -0.6059
vn -0.5164 -0.5533 -0.6536
vn -0.4983 -0.6460 -0.5782
vn -0.4308 -0.7298 -0.5308
vn -0.4620 -0.6801 -0.5693
vn -0.4453 -0.7494 -0.4901
vn -0.4948 -0.1822 0.8497
vn -0.5706 -0.1292 0.8110
vn -0.4453 0.0452 0.8943
vn -0.3973 0.1599 0.9037
vn -0.3830 0.1730 0.9074
vn -0.3810 0.1873 0.9054
vn -0.3918 0.1377 0.9097
vn -0.3925 0.1303 0.9105
vn -0.4164 0.0556 0.9075
vn -0.4213 0.0239 0.9066
vn -0.4551 -0.0677 0.8879
vn -0.4667 -0.1185 0.8764
vn -0.4964 -0.1819 0.8488
vn -0.5064 -0.2364 0.8293
vn -0.5294 -0.2708 0.8040
vn -0.4686 0.0833 0.8795
vn -0.4307 -0.0678 0.9000
vn -0.4445 0.1142 0.8885
vn -0.4220 0.1514 0.8938
vn -0.3862 0.1971 0.9011
vn -0.3768 0.2351 0.8960
vn -0.3562 0.1968 0.9134
vn -0.3588 0.1221 0.9254
vn -0.3929 -0.0106 0.9195
vn -0.4413 -0.1702 0.8811
vn -0.4808 -0.2775 0.8317
vn -0.4971 -0.3479 0.7949
vn -0.5209 -0.3749 0.7669
vn -0.4801 -0.0365 0.8765
vn -0.5463 0.0131 0.8375
vn -0.4204 0.1721 0.8909
vn -0.4723 0.2101 0.8560
vn -0.3247 0.2578 0.9100
vn -0.3621 0.2885 0.8864
vn -0.3121 0.2059 0.9275
vn -0.2827 0.2369 0.9295
vn -0.3207 0.0987 0.9420
vn -0.3565 -0.0500 0.9329
vn -0.4044 -0.2181 0.8882
vn -0.4141 -0.3029 0.8583
vn -0.4623 -0.3242 0.8254
vn -0.5073 -0.4158 0.7548
vn -0.4605 0.0811 0.8840
vn -0.3252 0.3736 0.8687
vn -0.3736 0.2649 0.8890
vn -0.2902 0.3392 0.8948
vn -0.2627 0.1721 0.9494
vn -0.2716 0.2600 0.9266
vn -0.2686 0.0679 0.9609
vn -0.3277 0.0393 0.9440
vn -0.3076 -0.0871 0.9475
vn -0.3795 -0.1687 0.9097
vn -0.3814 -0.2605 0.8869
vn -0.4344 -0.3719 0.8204
vn -0.4622 -0.4581 0.7593
vn -0.4748 -0.5199 0.7101
vn -0.5001 -0.5321 0.6832
vn -0.4539 0.1613 0.8763
vn -0.5579 0.2280 0.7980
vn -0.2712 0.4209 0.8656
vn -0.3443 0.3832 0.8571
vn -0.2204 0.3871 0.8953
vn -0.2010 0.4481 0.8711
vn -0.2154 0.2518 0.9435
vn -0.2611 -0.0037 0.9653
vn -0.3353 -0.2465 0.9093
vn -0.3923 -0.4110 0.8229
vn -0.4103 -0.4956 0.7655
vn -0.4432 -0.5148 0.7339
vn -0.4701 -0.5705 0.6734
vn -0.4588 -0.6030 0.6527
vn -0.4894 -0.5918 0.6405
vn -0.3976 0.4612 0.7933
vn -0.4539 0.3076 0.8363
vn -0.2987 0.5067 0.8088
vn -0.2765 0.5885 0.7597
vn -0.1089 0.4734 0.8741
vn -0.1840 0.5353 0.8244
vn -0.1111 0.2203 0.9691
vn -0.1921 -0.0896 0.9773
vn -0.2720 -0.3285 0.9045
vn -0.2929 -0.4524 0.8423
vn -0.3472 -0.4888 0.8003
vn -0.3839 -0.5604 0.7339
vn -0.4093 -0.6218 0.6677
vn -0.4289 -0.6357 0.6418
vn -0.3816 0.4497 0.8076
vn -0.0907 0.7192 0.6889
vn -0.2086 0.6466 0.7338
vn 0.0835 0.5815 0.8093
vn 0.0116 0.5080 0.8613
vn -0.0315 0.6013 0.7984
vn -0.0310 0.1606 0.9865
vn -0.1186 -0.1824 0.9761
vn -0.2173 -0.4545 0.8638
vn -0.2774 -0.5554 0.7839
vn -0.3216 -0.6103 0.7240
vn -0.3086 -0.6592 0.6857
vn -0.3533 -0.6479 0.6748
vn -0.3679 -0.6737 0.6409
vn 0.0802 0.6895 0.7199
vn 0.0370 0.7736 0.6326
vn -0.0658 0.7483 0.6601
vn 0.0568 0.4376 0.8974
vn -0.0044 0.0766 0.9971
vn -0.1075 -0.2699 0.9569
vn -0.2024 -0.5053 0.8389
vn -0.2535 -0.6004 0.7585
vn -0.2794 -0.6612 0.6962
vn -0.2934 -0.6824 0.6695
vn -0.4458 -0.6390 0.6269
vn -0.3516 0.5033 0.7893
vn -0.3274 -0.6883 0.6474
vn -0.3734 -0.6704 0.6412
vn -0.3579 -0.6771 0.6430
vn -0.1504 0.7265 0.6705
vn -0.2722 0.5028 0.8204
vn -0.3000 -0.7003 0.6477
vn -0.3044 -0.6944 0.6520
vn -0.3066 -0.6889 0.6568
vn -0.6300 -0.1476 -0.7624
vn -0.6558 -0.1646 -0.7367
vn -0.6758 -0.1431 -0.7231
vn -0.5532 -0.3591 0.7517
vn -0.5433 -0.3978 0.7393
vn -0.5583 -0.4380 0.7046
vn -0.5639 -0.4616 0.6848
vn -0.5682 -0.4816 0.6672
vn -0.5736 -0.4958 0.6520
vn -0.5884 -0.4985 0.6366
vn -0.5809 -0.5015 0.6411
vn -0.5879 -0.5032 0.6334
vn -0.6041 -0.5053 0.6162
vn -0.5975 -0.5040 0.6236
vn -0.6067 -0.5023 0.6161
vn -0.5526 -0.4563 0.6974
vn -0.5748 -0.4912 0.6545
vn -0.5746 -0.5140 0.6369
vn -0.5910 -0.5008 0.6324
vn -0.6004 -0.5036 0.6212
vn -0.5992 -0.5141 0.6137
vn -0.6092 -0.5046 0.6118
vn -0.6182 -0.5098 0.5983
vn -0.5320 -0.4886 0.6915
vn -0.5287 -0.5277 0.6649
vn -0.5546 -0.5249 0.6457
vn -0.5682 -0.5347 0.6255
vn -0.5523 -0.5520 0.6247
vn -0.5799 -0.5296 0.6190
vn -0.5903 -0.5296 0.6091
vn -0.5164 -0.5607 0.6473
vn -0.5101 -0.5792 0.6359
vn -0.5291 -0.5682 0.6302
vn -0.5371 -0.5655 0.6259
vn -0.4999 -0.5948 0.6295
vn -0.6228 -0.4986 0.6030
vn -0.6176 -0.4868 0.6177
vn -0.6280 -0.4463 0.6376
vn -0.6485 -0.4311 0.6274
vn -0.6393 -0.3909 0.6622
vn -0.6445 -0.3757 0.6659
vn -0.6451 -0.3384 0.6851
vn -0.6529 -0.3046 0.6935
vn -0.6599 -0.3024 0.6878
vn -0.6149 -0.5190 0.5938
vn -0.6270 -0.5049 0.5933
vn -0.6351 -0.4972 0.5911
vn -0.6290 -0.4985 0.5965
vn -0.6442 -0.4687 0.6044
vn -0.6508 -0.4135 0.6368
vn -0.6485 -0.4026 0.6461
vn -0.6579 -0.3605 0.6612
vn -0.6513 -0.3491 0.6737
vn -0.6556 -0.3241 0.6820
vn -0.6547 -0.2953 0.6959
vn -0.6500 -0.2934 0.7010
vn -0.5722 -0.5476 0.6106
vn -0.5981 -0.5309 0.6004
vn -0.6039 -0.5312 0.5943
vn -0.5815 -0.5446 0.6044
vn -0.6095 -0.5222 0.5965
vn -0.6140 -0.5030 0.6083
vn -0.5897 -0.5008 0.6336
vn -0.6147 -0.4650 0.6371
vn -0.6100 -0.3987 0.6848
vn -0.6254 -0.3456 0.6996
vn -0.5926 -0.3502 0.7254
vn -0.6220 -0.3292 0.7104
vn -0.6123 -0.2985 0.7321
vn -0.5271 -0.5766 0.6243
vn -0.5435 -0.5663 0.6197
vn -0.5498 -0.5630 0.6170
vn -0.5360 -0.5741 0.6190
vn -0.5546 -0.5629 0.6128
vn -0.5571 -0.5553 0.6174
vn -0.5436 -0.5581 0.6269
vn -0.5618 -0.5385 0.6280
vn -0.5611 -0.4882 0.6684
vn -0.5461 -0.4687 0.6943
vn -0.5736 -0.4163 0.7055
vn -0.5441 -0.4052 0.7347
vn -0.5615 -0.3727 0.7388
vn -0.5582 -0.3535 0.7506
vn -0.5268 -0.3527 0.7734
vn -0.5713 -0.3172 0.7569
vn -0.5267 -0.3041 0.7938
vn -0.5475 -0.2626 0.7945
vn -0.4899 -0.6062 0.6265
vn -0.5109 -0.5891 0.6260
vn -0.5171 -0.5846 0.6252
vn -0.5021 -0.5939 0.6287
vn -0.5203 -0.5837 0.6234
vn -0.5240 -0.5825 0.6214
vn -0.5099 -0.5894 0.6265
vn -0.5290 -0.5745 0.6246
vn -0.5304 -0.5572 0.6389
vn -0.5158 -0.5442 0.6617
vn -0.5272 -0.5181 0.6735
vn -0.5152 -0.4439 0.7332
vn -0.5194 -0.3909 0.7599
vn -0.5014 -0.3858 0.7745
vn -0.5149 -0.3713 0.7727
vn -0.5110 -0.3495 0.7853
vn -0.5087 -0.2725 0.8167
vn -0.4992 -0.2410 0.8323
vn -0.4630 -0.6203 0.6332
vn -0.4313 -0.6344 0.6415
vn -0.4713 -0.6096 0.6374
vn -0.4748 -0.6074 0.6369
vn -0.4770 -0.6064 0.6362
vn -0.4798 -0.6013 0.6390
vn -0.4821 -0.5792 0.6574
vn -0.4830 -0.5326 0.6950
vn -0.4999 -0.4461 0.7424
vn -0.4399 -0.4302 0.7883
vn -0.4787 -0.3975 0.7829
vn -0.4749 -0.3882 0.7898
vn -0.4893 -0.3604 0.7942
vn -0.4220 -0.3445 0.8386
vn -0.4631 -0.3044 0.8324
vn -0.4194 -0.2124 0.8826
vn -0.3677 -0.6464 0.6685
vn -0.3990 -0.6406 0.6561
vn -0.3422 -0.6548 0.6739
vn -0.4096 -0.6253 0.6643
vn -0.4110 -0.6324 0.6566
vn -0.3406 -0.6375 0.6911
vn -0.4114 -0.5999 0.6862
vn -0.4078 -0.5565 0.7238
vn -0.3265 -0.5321 0.7812
vn -0.3820 -0.4745 0.7931
vn -0.3639 -0.4186 0.8321
vn -0.3840 -0.4114 0.8266
vn -0.3111 -0.4068 0.8589
vn -0.3684 -0.3835 0.8469
vn -0.3314 -0.3164 0.8888
vn -0.3406 -0.2250 0.9129
vn -0.3080 -0.6688 0.6766
vn -0.3069 -0.6665 0.6794
vn -0.3048 -0.6564 0.6901
vn -0.3028 -0.6559 0.6915
vn -0.2964 -0.6312 0.7168
vn -0.2863 -0.5762 0.7655
vn -0.2713 -0.4913 0.8277
vn -0.2795 -0.4327 0.8571
vn -0.2645 -0.4294 0.8635
vn -0.2754 -0.4259 0.8619
vn -0.2639 -0.3979 0.8787
vn -0.2785 -0.3291 0.9023
vn -0.2855 -0.2326 0.9297
vn -0.2442 -0.1981 0.9493
vn -0.2498 -0.1687 0.9535
vn 0.0119 -0.9463 -0.3231
vn -0.0079 -0.9880 -0.1542
vn -0.0291 -0.9994 -0.0199
vn -0.0297 -0.9946 0.0992
vn 0.0335 -0.8021 -0.5962
vn 0.0468 -0.7717 -0.6343
vn 0.2563 -0.8451 -0.4692
vn -0.1992 -0.9240 -0.3263
vn -0.1271 -0.8968 -0.4238
vn -0.0364 -0.8483 -0.5283
vn -0.2987 -0.9056 -0.3012
vn -0.3210 -0.8757 -0.3606
vn -0.2628 -0.9069 -0.3294
vn 0.2208 -0.9605 -0.1697
vn 0.2064 -0.9783 -0.0192
vn 0.2096 -0.9711 0.1139
vn 0.1566 -0.8549 -0.4946
vn 0.2944 -0.8485 -0.4398
vn 0.3300 -0.8631 -0.3824
vn 0.4660 -0.8584 -0.2145
vn 0.4709 -0.8817 -0.0279
vn 0.4597 -0.8776 0.1361
vn -0.2453 -0.9431 -0.2244
vn -0.1794 -0.9511 -0.2512
vn -0.0870 -0.9411 -0.3266
vn 0.0200 -0.9111 -0.4118
vn 0.1402 -0.9369 -0.3204
vn 0.2878 -0.9099 -0.2986
vn 0.3959 -0.8990 -0.1873
vn 0.4336 -0.9003 -0.0370
vn 0.3867 -0.9170 0.0980
vn -0.2440 -0.9549 -0.1692
vn -0.1689 -0.9725 -0.1603
vn -0.0740 -0.9732 -0.2178
vn 0.0176 -0.9572 -0.2889
vn 0.1047 -0.9777 -0.1822
vn 0.1768 -0.9688 -0.1739
vn 0.2311 -0.9640 -0.1312
vn 0.2367 -0.9703 -0.0491
vn 0.1766 -0.9842 0.0094
vn -0.2093 -0.9728 -0.0996
vn -0.1323 -0.9886 -0.0713
vn -0.0462 -0.9925 -0.1131
vn 0.0345 -0.9794 -0.1988
vn 0.0981 -0.9873 -0.1246
vn 0.1096 -0.9857 -0.1283
vn 0.0986 -0.9879 -0.1196
vn 0.0625 -0.9942 -0.0871
vn -0.0021 -0.9972 -0.0743
vn -0.1141 -0.9930 -0.0297
vn -0.0548 -0.9985 -0.0032
vn 0.0044 -0.9993 -0.0364
vn 0.0521 -0.9959 -0.0737
vn 0.0995 -0.9876 -0.1213
vn 0.0962 -0.9883 -0.1182
vn 0.0457 -0.9884 -0.1450
vn 0.0024 -0.9899 -0.1416
vn -0.0600 -0.9874 -0.1465
vn -0.0129 -0.9997 0.0194
vn 0.0176 -0.9991 0.0379
vn 0.0417 -0.9991 0.0062
vn 0.0567 -0.9970 -0.0522
vn 0.0581 -0.9933 -0.1003
vn 0.0617 -0.9867 -0.1501
vn -0.0032 -0.9829 -0.1839
vn -0.0395 -0.9801 -0.1946
vn -0.0822 -0.9758 -0.2024
vn 0.0548 -0.9976 0.0422
vn 0.0592 -0.9970 0.0500
vn 0.0514 -0.9986 0.0105
vn 0.0385 -0.9978 -0.0532
vn 0.0246 -0.9937 -0.1092
vn 0.0141 -0.9864 -0.1637
vn -0.0207 -0.9763 -0.2155
vn -0.0401 -0.9725 -0.2295
vn -0.0586 -0.9710 -0.2317
vn 0.0719 -0.9964 0.0449
vn 0.0585 -0.9975 0.0383
vn 0.0368 -0.9993 -0.0076
vn 0.0177 -0.9976 -0.0675
vn 0.0040 -0.9922 -0.1242
vn -0.0072 -0.9843 -0.1762
vn -0.0045 -0.9653 0.2612
vn 0.0239 -0.8608 0.5084
vn -0.0114 -0.8814 0.4722
vn -0.1765 -0.9542 -0.2416
vn -0.1658 -0.9467 -0.2762
vn -0.1979 -0.9635 -0.1802
vn -0.3410 -0.9383 0.0574
vn -0.2455 -0.9661 0.0802
vn -0.0780 -0.8831 0.4626
vn -0.2413 -0.9498 0.1993
vn -0.0984 -0.9831 0.1547
vn -0.2255 -0.9738 -0.0292
vn -0.1153 -0.9930 -0.0274
vn -0.1528 -0.9780 -0.1423
vn 0.2037 -0.9395 0.2754
vn -0.1162 -0.9926 0.0342
vn 0.4209 -0.8614 0.2843
vn 0.2082 -0.8525 0.4794
vn 0.0838 -0.9372 0.3387
vn -0.0827 -0.9880 0.1301
vn -0.1898 -0.9803 -0.0542
vn -0.2186 -0.9492 -0.2262
vn -0.2153 -0.9359 -0.2788
vn -0.2070 -0.9584 -0.1965
vn -0.2263 -0.9495 -0.2174
vn -0.2051 -0.9636 -0.1717
vn -0.1453 -0.9313 0.3341
vn -0.1098 -0.9904 -0.0838
vn -0.0404 -0.9967 0.0699
vn 0.2509 -0.9540 0.1638
vn 0.0682 -0.9856 0.1549
vn -0.1155 -0.9933 0.0068
vn -0.2268 -0.9666 -0.1196
vn -0.2660 -0.9364 -0.2290
vn -0.2373 -0.9472 -0.2155
vn -0.2590 -0.9285 -0.2661
vn -0.2124 -0.9522 -0.2196
vn 0.0450 -0.9145 0.4020
vn -0.1028 -0.9903 -0.0931
vn 0.0049 -0.9998 0.0173
vn 0.1228 -0.9758 0.1811
vn 0.0628 -0.9980 0.0057
vn -0.0710 -0.9971 -0.0261
vn -0.1869 -0.9763 -0.1091
vn -0.2573 -0.9496 -0.1791
vn -0.2344 -0.9542 -0.1859
vn -0.2773 -0.9335 -0.2274
vn -0.2289 -0.9497 -0.2137
vn 0.4488 -0.7880 0.4214
vn 0.3173 -0.8086 0.4954
vn -0.0319 -0.9984 -0.0467
vn 0.0658 -0.9977 0.0143
vn 0.2264 -0.9616 0.1551
vn -0.0804 -0.9917 -0.0999
vn -0.1579 -0.9780 -0.1365
vn -0.2230 -0.9577 -0.1817
vn -0.1845 -0.9703 -0.1561
vn -0.2495 -0.9471 -0.2017
vn -0.1931 -0.9632 -0.1869
vn 0.4618 -0.8560 0.2323
vn 0.5543 -0.7404 0.3802
vn 0.5205 -0.7563 0.3964
vn 0.6604 -0.5268 0.5352
vn 0.8150 -0.2222 0.5352
vn 0.7035 -0.2663 0.6589
vn 0.8392 0.0607 0.5404
vn 0.7500 0.0620 0.6586
vn 0.7639 0.3698 0.5289
vn 0.6540 0.5442 0.5255
vn 0.7876 0.3382 0.5152
vn 0.6875 0.5392 0.4865
vn 0.7131 0.3432 0.6113
vn 0.0335 -0.9994 -0.0131
vn 0.1717 -0.9823 0.0744
vn -0.1238 -0.9778 -0.1688
vn -0.1739 -0.9646 -0.1985
vn -0.1141 -0.9821 -0.1501
vn -0.1978 -0.9579 -0.2083
vn -0.1375 -0.9764 -0.1667
vn 0.5317 -0.7771 0.3369
vn 0.5101 -0.8116 0.2846
vn 0.7125 -0.5726 0.4056
vn 0.7545 -0.4732 0.4548
vn 0.8626 -0.2185 0.4563
vn 0.8689 -0.1838 0.4596
vn 0.7685 -0.2089 0.6048
vn 0.8595 0.0303 0.5102
vn 0.8790 0.0536 0.4739
vn 0.8083 0.2680 0.5243
vn 0.7938 0.0573 0.6054
vn 0.7865 0.2273 0.5742
vn 0.7049 0.3378 0.6237
vn 0.7601 0.3367 0.5559
vn 0.0617 -0.9979 0.0214
vn 0.2192 -0.9682 0.1205
vn -0.1157 -0.9706 -0.2112
vn -0.0779 -0.9841 -0.1598
vn -0.1279 -0.9677 -0.2172
vn -0.0812 -0.9831 -0.1639
vn 0.2771 -0.9267 0.2539
vn 0.4482 -0.8014 0.3959
vn 0.5165 -0.7777 0.3582
vn 0.6940 -0.5285 0.4890
vn 0.7575 -0.2874 0.5861
vn 0.7601 -0.2443 0.6022
vn 0.7279 -0.0777 0.6813
vn 0.7599 -0.0154 0.6498
vn 0.6516 0.0482 0.7570
vn 0.6147 0.1561 0.7732
vn 0.7070 0.1566 0.6897
vn -0.0025 -0.9987 -0.0515
vn -0.0653 -0.9722 -0.2248
vn -0.0568 -0.9770 -0.2057
vn 0.1415 -0.9443 0.2970
vn 0.3290 -0.8191 0.4699
vn 0.4785 -0.6530 0.5870
vn 0.5281 -0.3712 0.7637
vn 0.5708 -0.3266 0.7533
vn 0.4989 -0.1823 0.8472
vn 0.5629 -0.1364 0.8152
vn 0.4790 -0.1642 0.8623
vn 0.4570 -0.0898 0.8849
vn -0.2774 -0.8656 0.4170
vn -0.3558 -0.6438 0.6774
vn -0.2355 -0.5885 0.7735
vn -0.3185 -0.4244 0.8476
vn -0.1773 -0.1043 0.9786
vn -0.1532 0.5327 0.8323
vn -0.1368 0.1778 0.9745
vn -0.1550 -0.8707 0.4668
vn -0.0926 -0.7433 0.6625
vn -0.0353 -0.3813 0.9238
vn -0.0031 -0.0825 0.9966
vn 0.0898 0.5791 0.8103
vn 0.0433 0.2090 0.9770
vn 0.1144 -0.8066 0.5799
vn 0.1477 -0.7180 0.6802
vn 0.5122 -0.3335 0.7915
vn 0.1632 -0.3054 0.9381
vn 0.5521 0.0090 0.8337
vn 0.2090 -0.0336 0.9773
vn 0.5423 0.3228 0.7757
vn 0.3094 0.5740 0.7581
vn 0.2502 0.2477 0.9360
vn 0.4081 -0.6696 0.6206
vn 0.7088 -0.2976 0.6395
vn 0.5076 -0.3259 0.7976
vn 0.7690 0.0481 0.6375
vn 0.5866 0.0325 0.8092
vn 0.7236 0.3511 0.5943
vn 0.5723 0.5690 0.5904
vn 0.5709 0.3473 0.7439
vn 0.1208 0.7064 0.6974
vn 0.1523 0.8436 0.5149
vn 0.1081 0.8164 0.5672
vn 0.0440 0.8177 0.5739
vn 0.0546 0.3469 0.9363
vn -0.0577 -0.0717 0.9958
vn -0.1501 -0.3806 0.9125
vn -0.2149 -0.5252 0.8234
vn -0.2305 -0.5486 0.8037
vn -0.2630 -0.6281 0.7324
vn -0.2735 -0.6601 0.6996
vn -0.2851 -0.6654 0.6899
vn -0.2925 -0.6934 0.6585
vn 0.2083 0.8553 0.4745
vn 0.2128 0.6675 0.7136
vn 0.2259 0.8255 0.5172
vn 0.1141 0.2399 0.9641
vn -0.0329 -0.2047 0.9783
vn -0.1601 -0.5212 0.8383
vn -0.2168 -0.6032 0.7676
vn -0.2427 -0.6677 0.7038
vn -0.2640 -0.6863 0.6777
vn 0.3045 0.8404 0.4484
vn 0.3135 0.6514 0.6909
vn 0.2270 0.6141 0.7559
vn 0.2817 0.7829 0.5547
vn 0.0905 0.1215 0.9885
vn -0.0371 -0.3199 0.9467
vn -0.1247 -0.5766 0.8074
vn -0.1733 -0.6478 0.7419
vn -0.2002 -0.6928 0.6928
vn -0.2202 -0.7128 0.6659
vn 0.5818 0.5855 0.5646
vn 0.3946 0.6966 0.5992
vn 0.5905 0.6518 0.4759
vn 0.4422 0.7759 0.4500
vn 0.5271 0.6838 0.5047
vn 0.2438 0.4080 0.8798
vn 0.1002 -0.0227 0.9947
vn -0.0227 -0.4173 0.9085
vn -0.0920 -0.6285 0.7723
vn -0.1270 -0.6854 0.7170
vn -0.1496 -0.7164 0.6814
vn -0.1632 -0.7340 0.6592
vn 0.6899 0.2901 0.6633
vn 0.5405 0.4109 0.7342
vn 0.6180 -0.0479 0.7847
vn 0.3514 0.1804 0.9187
vn 0.1111 -0.2579 0.9598
vn -0.0319 -0.5154 0.8564
vn -0.0904 -0.6322 0.7695
vn -0.0939 -0.6596 0.7458
vn -0.1103 -0.7060 0.6995
vn -0.1174 -0.7227 0.6811
vn -0.1220 -0.7285 0.6741
vn 0.6711 0.0323 0.7407
vn 0.5901 0.1353 0.7959
vn 0.4196 -0.2276 0.8787
vn 0.2619 -0.5030 0.8237
vn 0.1132 -0.4770 0.8716
vn -0.0363 -0.6478 0.7609
vn -0.0943 -0.6893 0.7183
vn -0.1107 -0.7202 0.6849
vn -0.1153 -0.7322 0.6712
vn 0.4201 -0.0922 0.9028
vn 0.3705 -0.4080 0.8344
vn 0.2931 -0.4509 0.8431
vn 0.1371 -0.6386 0.7572
vn 0.0271 -0.6590 0.7517
vn -0.0595 -0.7001 0.7115
vn -0.0972 -0.7131 0.6943
vn -0.1073 -0.7243 0.6810
vn -0.1084 -0.7338 0.6706
vn 0.3045 -0.2486 0.9195
vn 0.2280 -0.4681 0.8537
vn 0.1280 -0.6149 0.7781
vn 0.1548 -0.6253 0.7649
vn 0.0598 -0.7303 0.6805
vn -0.0023 -0.7441 0.6680
vn -0.0458 -0.7415 0.6694
vn -0.0690 -0.7291 0.6809
vn -0.0774 -0.7300 0.6791
vn -0.0787 -0.7347 0.6738
vn -0.0110 0.8099 0.5865
vn -0.1106 0.6228 0.7745
vn -0.2934 -0.7005 0.6506
vn -0.2971 -0.7013 0.6480
vn -0.2974 -0.6983 0.6511
vn -0.2956 -0.6940 0.6565
vn -0.2973 -0.6896 0.6604
vn 0.1573 0.8418 0.5163
vn 0.1141 0.7004 0.7045
vn -0.2758 -0.7076 0.6506
vn -0.2820 -0.7064 0.6492
vn -0.2846 -0.7023 0.6525
vn -0.2862 -0.6912 0.6636
vn -0.2831 -0.6702 0.6861
vn 0.4606 0.6943 0.5530
vn 0.3030 0.8187 0.4879
vn 0.3193 0.6768 0.6634
vn -0.2310 -0.7199 0.6546
vn -0.2374 -0.7211 0.6509
vn -0.2402 -0.7094 0.6627
vn -0.2422 -0.6998 0.6720
vn -0.1946 -0.6912 0.6960
vn -0.2389 -0.6722 0.7008
vn -0.1395 -0.7395 0.6586
vn -0.1711 -0.7304 0.6612
vn -0.1738 -0.7358 0.6545
vn -0.1348 -0.7285 0.6716
vn -0.1679 -0.7177 0.6758
vn -0.1484 -0.7104 0.6880
vn -0.1457 -0.6801 0.7185
vn -0.1237 -0.7415 0.6595
vn -0.1202 -0.7370 0.6652
vn -0.1179 -0.7356 0.6670
vn -0.1150 -0.7201 0.6843
vn -0.1128 -0.7078 0.6974
vn -0.1089 -0.6847 0.7206
vn -0.1054 -0.6806 0.7250
vn -0.1148 -0.7395 0.6633
vn -0.1117 -0.7361 0.6676
vn -0.1088 -0.7328 0.6716
vn -0.1070 -0.7194 0.6863
vn -0.1047 -0.7028 0.7036
vn -0.1007 -0.6837 0.7228
vn -0.0970 -0.6767 0.7298
vn -0.1060 -0.7370 0.6675
vn -0.1031 -0.7345 0.6708
vn -0.1018 -0.7314 0.6743
vn -0.1013 -0.7192 0.6874
vn -0.0986 -0.6981 0.7092
vn -0.0934 -0.6804 0.7269
vn -0.0887 -0.6728 0.7345
vn -0.0776 -0.7362 0.6722
vn -0.0764 -0.7350 0.6737
vn -0.0761 -0.7326 0.6764
vn -0.0759 -0.7203 0.6895
vn -0.0731 -0.6942 0.7160
vn -0.0682 -0.6770 0.7328
vn -0.0642 -0.6700 0.7395
vn -0.2966 -0.6730 0.6775
vn -0.2906 -0.6687 0.6844
vn -0.2936 -0.6657 0.6861
vn -0.2915 -0.6597 0.6927
vn -0.2813 -0.6559 0.7004
vn -0.2874 -0.6537 0.7001
vn -0.2798 -0.6276 0.7266
vn -0.2741 -0.5994 0.7521
vn -0.2717 -0.5747 0.7720
vn -0.2607 -0.4914 0.8310
vn -0.2544 -0.4433 0.8595
vn -0.2522 -0.4202 0.8717
vn -0.2571 -0.4046 0.8776
vn -0.2661 -0.3416 0.9014
vn -0.2369 -0.3008 0.9238
vn -0.2418 -0.2417 0.9397
vn -0.2201 -0.1663 0.9612
vn -0.2747 -0.6624 0.6970
vn -0.2704 -0.6600 0.7009
vn -0.2664 -0.6524 0.7096
vn -0.2643 -0.6252 0.7344
vn -0.2583 -0.5646 0.7839
vn -0.2634 -0.4923 0.8296
vn -0.2357 -0.4613 0.8554
vn -0.2498 -0.4403 0.8624
vn -0.2404 -0.4192 0.8755
vn -0.2421 -0.4102 0.8793
vn -0.2172 -0.3880 0.8957
vn -0.2310 -0.3550 0.9059
vn -0.2067 -0.2549 0.9446
vn -0.2090 -0.1663 0.9637
vn -0.2321 -0.6671 0.7079
vn -0.2277 -0.6617 0.7143
vn -0.2246 -0.6600 0.7169
vn -0.2217 -0.6290 0.7451
vn -0.2151 -0.5663 0.7956
vn -0.2014 -0.4923 0.8468
vn -0.1885 -0.4287 0.8836
vn -0.1891 -0.4220 0.8867
vn -0.1811 -0.4201 0.8892
vn -0.1675 -0.3523 0.9208
vn -0.1735 -0.2527 0.9519
vn -0.1741 -0.1658 0.9707
vn -0.1606 -0.6776 0.7177
vn -0.1243 -0.6766 0.7258
vn -0.1647 -0.6644 0.7290
vn -0.1618 -0.6694 0.7250
vn -0.1201 -0.6544 0.7465
vn -0.1562 -0.6347 0.7568
vn -0.1466 -0.5835 0.7988
vn -0.1345 -0.4912 0.8606
vn -0.1257 -0.4294 0.8943
vn -0.1273 -0.4246 0.8964
vn -0.1204 -0.4170 0.9009
vn -0.1121 -0.3499 0.9300
vn -0.1137 -0.2517 0.9611
vn -0.1131 -0.1648 0.9798
vn -0.1020 -0.6718 0.7336
vn -0.0994 -0.6676 0.7378
vn -0.0966 -0.6383 0.7637
vn -0.1033 -0.5899 0.8008
vn -0.0973 -0.4819 0.8708
vn -0.0886 -0.4321 0.8975
vn -0.0872 -0.4250 0.9010
vn -0.0825 -0.4088 0.9089
vn -0.0759 -0.3509 0.9333
vn -0.0737 -0.2514 0.9651
vn -0.0736 -0.1645 0.9836
vn -0.0927 -0.6705 0.7361
vn -0.0879 -0.6628 0.7436
vn -0.0842 -0.6346 0.7682
vn -0.0844 -0.5814 0.8092
vn -0.0784 -0.5288 0.8451
vn -0.0795 -0.4822 0.8724
vn -0.0753 -0.4315 0.8990
vn -0.0737 -0.4233 0.9030
vn -0.0698 -0.4034 0.9124
vn -0.0654 -0.3505 0.9343
vn -0.0663 -0.2539 0.9649
vn -0.0666 -0.1667 0.9837
vn -0.0613 -0.1361 0.9888
vn -0.0848 -0.6676 0.7397
vn -0.0825 -0.6594 0.7472
vn -0.0808 -0.6333 0.7697
vn -0.0765 -0.5754 0.8143
vn -0.0711 -0.4752 0.8770
vn -0.0698 -0.4292 0.9005
vn -0.0683 -0.4208 0.9046
vn -0.0615 -0.4091 0.9104
vn -0.0659 -0.4007 0.9138
vn -0.0591 -0.3518 0.9342
vn -0.0597 -0.2599 0.9638
vn -0.0646 -0.1692 0.9835
vn -0.0579 -0.1520 0.9867
vn -0.0586 -0.1357 0.9890
vn -0.0619 -0.6664 0.7431
vn -0.0609 -0.6595 0.7492
vn -0.0598 -0.6340 0.7710
vn -0.0557 -0.5799 0.8128
vn -0.0520 -0.4663 0.8831
vn -0.0508 -0.4264 0.9031
vn -0.0479 -0.4217 0.9054
vn -0.0471 -0.3970 0.9166
vn -0.0545 -0.3547 0.9334
vn -0.0579 -0.2655 0.9624
vn -0.0457 -0.1753 0.9834
vn -0.0415 -0.1291 0.9908
vn -0.3847 -0.9112 -0.1474
vn -0.7070 -0.4355 -0.5571
vn -0.7683 -0.6311 0.1068
vn -0.3724 -0.9261 -0.0603
vn -0.4021 -0.1543 -0.9025
vn -0.2919 0.3141 -0.9034
vn -0.7454 -0.3788 -0.5485
vn -0.6840 0.1323 -0.7174
vn -0.3090 -0.0341 -0.9505
vn -0.1394 0.5008 -0.8543
vn -0.7729 -0.6020 -0.2005
vn -0.5167 -0.8000 -0.3051
vn -0.3732 -0.0759 -0.9246
vn -0.2699 0.2533 -0.9290
vn -0.1109 0.7105 -0.6949
vn -0.3543 -0.2903 -0.8889
vn -0.3796 -0.7560 0.5332
vn -0.2392 0.0933 -0.9665
vn -0.0633 0.4184 -0.9061
vn 0.1741 0.6825 -0.7099
vn 0.0914 0.7666 -0.6356
vn -0.6367 -0.0545 -0.7692
vn -0.2917 -0.2534 -0.9223
vn -0.3524 -0.7499 0.5599
vn -0.0721 0.3327 -0.9403
vn 0.1566 0.6657 -0.7296
vn 0.2481 0.7990 -0.5478
vn -0.6802 -0.6423 -0.3532
vn -0.5385 -0.7438 -0.3960
vn -0.6272 -0.7221 0.2917
vn -0.5254 -0.8216 0.2212
vn -0.3188 -0.1650 -0.9334
vn -0.3837 -0.6617 0.6441
vn -0.4135 -0.8638 -0.2878
vn -0.3818 -0.8577 0.3443
vn -0.2902 -0.3488 -0.8911
vn -0.3044 -0.6206 0.7227
vn -0.1774 -0.0321 -0.9836
vn -0.2678 -0.6184 0.7388
vn -0.6701 -0.6934 -0.2650
vn -0.3494 -0.8784 -0.3260
vn -0.3274 -0.8253 0.4601
vn -0.1613 -0.2464 -0.9557
vn -0.2650 -0.6024 0.7529
vn -0.0075 0.1505 -0.9886
vn -0.2617 -0.5922 0.7621
vn -0.2380 -0.9499 -0.2028
vn -0.2082 -0.4216 -0.8826
vn -0.3902 -0.8179 0.4227
vn -0.3590 -0.7621 0.5387
vn -0.3828 -0.7385 0.5550
vn -0.1443 -0.0904 -0.9854
vn -0.3541 -0.6025 0.7152
vn 0.0377 0.2825 -0.9585
vn 0.1732 0.6046 -0.7775
vn -0.2118 -0.9469 -0.2419
vn -0.3188 -0.8781 0.3568
vn -0.0776 -0.3957 -0.9151
vn -0.4325 -0.7196 0.5432
vn 0.0150 0.0835 -0.9964
vn 0.1017 0.3877 -0.9162
vn 0.1564 0.6339 -0.7575
vn -0.5282 -0.6957 -0.4868
vn -0.2458 -0.8911 -0.3814
vn -0.7457 -0.6502 -0.1457
vn -0.5074 -0.8498 0.1431
vn 0.0087 -0.3048 -0.9524
vn 0.1025 0.1666 -0.9807
vn 0.1137 0.4469 -0.8873
vn 0.0871 0.5399 -0.8372
vn 0.1148 0.6297 -0.7683
vn -0.7096 -0.1236 -0.6937
vn -0.7335 -0.1225 -0.6686
vn -0.7997 -0.0861 -0.5942
vn -0.7619 -0.1892 -0.6195
vn -0.8228 -0.1390 -0.5510
vn -0.4740 -0.6326 -0.6126
vn -0.7717 -0.3429 -0.5356
vn -0.7052 -0.5988 -0.3797
vn -0.8118 -0.3098 -0.4949
vn -0.1848 -0.4485 -0.8745
vn -0.0415 -0.1698 -0.9846
vn 0.0548 0.1984 -0.9786
vn 0.0573 0.4323 -0.8999
vn 0.0228 0.5954 -0.8031
vn -0.6196 -0.1448 -0.7714
vn -0.6341 -0.1543 -0.7577
vn -0.5262 -0.1839 -0.8302
vn -0.6325 -0.2110 -0.7452
vn -0.4845 -0.2486 -0.8387
vn -0.4128 -0.4626 -0.7846
vn -0.5706 -0.3301 -0.7520
vn -0.1641 -0.2530 -0.9535
vn -0.0074 -0.0253 -0.9997
vn 0.0488 0.2076 -0.9770
vn 0.0315 0.3703 -0.9284
vn -0.0149 0.5693 -0.8220
vn -0.1881 0.1066 -0.9764
vn -0.0800 0.5424 -0.8363
vn 0.0528 0.5487 -0.8344
vn 0.2378 0.7580 -0.6074
vn 0.3078 0.8294 -0.4662
vn -0.0094 0.2850 -0.9585
vn 0.1195 0.6437 -0.7559
vn 0.1881 0.7099 -0.6788
vn 0.2847 0.8093 -0.5137
vn 0.2769 0.8191 -0.5024
vn 0.1017 0.4326 -0.8958
vn 0.2324 0.6269 -0.7436
vn 0.2175 0.6854 -0.6949
vn 0.2821 0.7960 -0.5356
vn 0.3069 0.8613 -0.4049
vn 0.2213 0.7154 -0.6627
vn 0.2218 0.8259 -0.5184
vn 0.1619 0.7298 -0.6642
vn 0.1351 0.8282 -0.5439
vn 0.0886 0.7130 -0.6955
vn 0.0374 0.7926 -0.6085
vn 0.0011 0.6833 -0.7301
vn -0.0492 0.7335 -0.6779
vn -0.0637 0.6386 -0.7669
vn -0.1177 0.6733 -0.7299
vn -0.1751 0.7000 -0.6924
vn -0.4932 -0.1656 -0.8540
vn -0.5398 -0.1668 -0.8251
vn -0.4792 -0.1524 -0.8644
vn -0.4991 -0.1663 -0.8505
vn -0.5444 -0.1704 -0.8213
vn -0.3985 -0.1227 -0.9089
vn -0.3014 -0.1353 -0.9438
vn -0.1848 -0.0990 -0.9778
vn -0.0708 0.0712 -0.9949
vn -0.0158 0.2211 -0.9751
vn -0.0114 0.3350 -0.9422
vn -0.0561 0.5000 -0.8642
vn -0.4913 -0.1430 -0.8592
vn -0.4871 -0.0749 -0.8701
vn -0.4509 -0.1108 -0.8857
vn -0.3984 -0.0577 -0.9154
vn -0.3205 -0.0482 -0.9460
vn -0.2420 0.0081 -0.9702
vn -0.1767 0.1407 -0.9742
vn -0.1349 0.2510 -0.9585
vn -0.1098 0.3330 -0.9365
vn -0.1989 0.3532 -0.9142
vn -0.1338 0.4218 -0.8967
vn -0.4903 -0.1012 -0.8656
vn -0.4832 -0.1058 -0.8691
vn -0.5061 -0.1203 -0.8541
vn -0.4413 -0.0369 -0.8966
vn -0.4455 0.0142 -0.8952
vn -0.4296 0.0320 -0.9024
vn -0.4064 -0.0025 -0.9137
vn -0.4116 0.0461 -0.9102
vn -0.3535 0.0116 -0.9354
vn -0.3992 0.0852 -0.9129
vn -0.3072 0.0632 -0.9495
vn -0.3958 0.1781 -0.9009
vn -0.2845 0.1691 -0.9436
vn -0.2726 0.2690 -0.9238
vn -0.2763 0.3226 -0.9053
vn -0.2811 0.3696 -0.8857
vn -0.4788 -0.0861 -0.8737
vn -0.5014 -0.0102 -0.8652
vn -0.4652 -0.0202 -0.8850
vn -0.4514 0.0455 -0.8912
vn -0.4368 0.0618 -0.8974
vn -0.4197 0.0940 -0.9028
vn -0.4036 0.1768 -0.8977
vn -0.3930 0.2501 -0.8849
vn -0.4196 0.2781 -0.8641
vn -0.3672 0.2763 -0.8882
vn -0.4353 0.3005 -0.8487
vn -0.3685 0.3065 -0.8776
vn -0.4952 -0.0744 -0.8656
vn -0.4872 -0.0634 -0.8710
vn -0.4909 -0.0817 -0.8674
vn -0.4666 -0.0042 -0.8844
vn -0.4800 0.0508 -0.8758
vn -0.4883 0.0590 -0.8707
vn -0.4693 0.0570 -0.8812
vn -0.4954 0.0732 -0.8656
vn -0.4594 0.0713 -0.8854
vn -0.5009 0.0966 -0.8601
vn -0.4576 0.1009 -0.8834
vn -0.5119 0.1630 -0.8434
vn -0.4614 0.1784 -0.8691
vn -0.5213 0.2439 -0.8178
vn -0.4715 0.2633 -0.8416
vn -0.4891 0.2872 -0.8236
vn -0.4751 0.2956 -0.8288
vn -0.5751 -0.0542 -0.8163
vn -0.5307 -0.0646 -0.8451
vn -0.5677 0.0021 -0.8233
vn -0.5239 -0.0017 -0.8518
vn -0.5663 0.0502 -0.8227
vn -0.5246 0.0541 -0.8496
vn -0.5682 0.0678 -0.8201
vn -0.5320 0.0703 -0.8438
vn -0.5727 0.0844 -0.8154
vn -0.5380 0.0907 -0.8381
vn -0.5829 0.1330 -0.8016
vn -0.5441 0.1466 -0.8261
vn -0.5489 0.2248 -0.8051
vn -0.5469 0.2564 -0.7970
vn -0.5699 0.2573 -0.7804
vn -0.5442 0.2708 -0.7940
vn -0.6173 -0.0333 -0.7861
vn -0.6061 -0.0438 -0.7942
vn -0.6109 0.0090 -0.7916
vn -0.5991 0.0064 -0.8006
vn -0.6052 0.0507 -0.7944
vn -0.5955 0.0501 -0.8018
vn -0.5913 0.0699 -0.8034
vn -0.5828 0.0843 -0.8082
vn -0.5738 0.1242 -0.8095
vn -0.5807 0.1780 -0.7945
vn -0.5796 0.2114 -0.7870
vn -0.5865 0.2201 -0.7795
vn -0.5812 0.2448 -0.7761
vn -0.5856 0.2504 -0.7710
vn -0.6121 -0.0227 -0.7904
vn -0.6009 0.0164 -0.7991
vn -0.5926 0.0559 -0.8036
vn -0.5943 0.0704 -0.8012
vn -0.5852 0.0815 -0.8068
vn -0.5936 0.0759 -0.8012
vn -0.5791 0.0977 -0.8094
vn -0.5870 0.0922 -0.8043
vn -0.5762 0.1342 -0.8062
vn -0.5787 0.1332 -0.8046
vn -0.5726 0.1947 -0.7964
vn -0.5724 0.2001 -0.7952
vn -0.5685 0.2457 -0.7852
vn -0.5719 0.2573 -0.7789
vn -0.1233 0.5725 -0.8106
vn -0.1708 0.6208 -0.7651
vn -0.2144 0.6395 -0.7383
vn -0.1920 0.5060 -0.8409
vn -0.2318 0.5854 -0.7769
vn -0.2966 0.5607 -0.7731
vn -0.2589 0.5905 -0.7644
vn -0.3402 0.3999 -0.8511
vn -0.3036 0.4594 -0.8347
vn -0.3354 0.5265 -0.7812
vn -0.3564 0.5420 -0.7611
vn -0.3728 0.5692 -0.7328
vn -0.3863 0.3520 -0.8526
vn -0.3984 0.4260 -0.8123
vn -0.4527 0.4438 -0.7733
vn -0.4090 0.4876 -0.7713
vn -0.4180 0.5260 -0.7407
vn -0.4681 0.5096 -0.7219
vn -0.4245 0.5327 -0.7322
vn -0.4541 0.5356 -0.7120
vn -0.5233 0.2996 -0.7978
vn -0.4759 0.3242 -0.8176
vn -0.4926 0.4012 -0.7723
vn -0.4989 0.4580 -0.7358
vn -0.5464 0.4561 -0.7024
vn -0.5035 0.4884 -0.7127
vn -0.5086 0.4980 -0.7024
vn -0.5636 0.4647 -0.6829
vn -0.5143 0.4976 -0.6985
vn -0.5967 0.4652 -0.6538
vn -0.5521 0.5054 -0.6631
vn -0.5815 0.2664 -0.7687
vn -0.5552 0.2771 -0.7842
vn -0.5559 0.3125 -0.7703
vn -0.5800 0.3391 -0.7407
vn -0.5608 0.3743 -0.7385
vn -0.5962 0.3891 -0.7023
vn -0.5796 0.4187 -0.6991
vn -0.5928 0.4384 -0.6756
vn -0.6216 0.4176 -0.6627
vn -0.6012 0.4411 -0.6663
vn -0.6308 0.4216 -0.6515
vn -0.6231 0.4331 -0.6513
vn -0.6214 0.4733 -0.6243
vn -0.6096 0.5171 -0.6008
vn -0.6194 0.5380 -0.5717
vn -0.5866 0.2591 -0.7673
vn -0.5875 0.2724 -0.7620
vn -0.5824 0.3013 -0.7550
vn -0.5968 0.3171 -0.7371
vn -0.5797 0.3560 -0.7330
vn -0.5965 0.3680 -0.7133
vn -0.6042 0.3969 -0.6909
vn -0.5833 0.4131 -0.6993
vn -0.6074 0.4118 -0.6793
vn -0.5978 0.4275 -0.6781
vn -0.5986 0.4671 -0.6508
vn -0.5564 0.5177 -0.6499
vn -0.5938 0.5136 -0.6193
vn -0.5781 0.5725 -0.5814
vn -0.5284 0.6376 -0.5605
vn -0.5608 0.6413 -0.5236
vn -0.5578 0.2698 -0.7849
vn -0.5747 0.2653 -0.7742
vn -0.5526 0.2893 -0.7816
vn -0.5668 0.2915 -0.7706
vn -0.5528 0.3524 -0.7552
vn -0.5569 0.3990 -0.7285
vn -0.5292 0.4260 -0.7338
vn -0.5572 0.4208 -0.7159
vn -0.5571 0.4323 -0.7091
vn -0.5274 0.4653 -0.7108
vn -0.5527 0.4544 -0.6987
vn -0.5072 0.5202 -0.6871
vn -0.5203 0.5183 -0.6787
vn -0.5047 0.5789 -0.6405
vn -0.4596 0.6307 -0.6253
vn -0.4913 0.6322 -0.5991
vn -0.4807 0.6869 -0.5451
vn -0.4913 0.0573 -0.8691
vn -0.4637 0.0843 -0.8820
vn -0.4403 0.1263 -0.8889
vn -0.4111 0.0943 -0.9067
vn -0.4381 0.0781 -0.8955
vn -0.3976 0.1131 -0.9106
vn -0.4160 0.1041 -0.9034
vn -0.3867 0.1503 -0.9099
vn -0.3960 0.1449 -0.9067
vn -0.3792 0.1810 -0.9075
vn -0.3668 0.1871 -0.9113
vn -0.3853 0.1144 -0.9157
vn -0.3562 0.1270 -0.9257
vn -0.3344 0.1573 -0.9292
vn -0.3481 0.1838 -0.9192
vn -0.3000 0.2040 -0.9319
vn -0.3532 0.1974 -0.9145
vn -0.3290 0.2069 -0.9214
vn -0.3052 0.1984 -0.9314
vn -0.2849 0.2137 -0.9344
vn -0.2989 0.1450 -0.9432
vn -0.2669 0.1536 -0.9514
vn -0.2419 0.1822 -0.9531
vn -0.2219 0.2036 -0.9536
vn -0.2374 0.2232 -0.9454
vn -0.1835 0.2327 -0.9551
vn -0.2447 0.2328 -0.9412
vn -0.2212 0.2200 -0.9501
vn -0.1996 0.2332 -0.9517
vn -0.1816 0.2807 -0.9425
vn -0.1539 0.1661 -0.9740
vn -0.1912 0.1668 -0.9673
vn -0.1762 0.1749 -0.9687
vn -0.1632 0.2004 -0.9660
vn -0.1509 0.2193 -0.9639
vn -0.1400 0.2293 -0.9632
vn -0.1464 0.2387 -0.9600
vn -0.1495 0.2362 -0.9601
vn -0.1424 0.2482 -0.9582
vn -0.1347 0.2926 -0.9467
vn -0.1130 0.1550 -0.9814
vn -0.1283 0.1696 -0.9771
vn -0.1163 0.1821 -0.9764
vn -0.1334 0.1898 -0.9727
vn -0.1175 0.2130 -0.9700
vn -0.1082 0.2293 -0.9673
vn -0.1058 0.2313 -0.9671
vn -0.1139 0.2294 -0.9667
vn -0.0955 0.2392 -0.9663
vn -0.1161 0.2470 -0.9620
vn -0.1052 0.2552 -0.9611
vn -0.1007 0.2989 -0.9490
vn -0.6129 0.0034 -0.7901
vn -0.6154 -0.0121 -0.7881
vn -0.5948 0.0413 -0.8028
vn -0.6014 0.0286 -0.7985
vn -0.5800 0.0757 -0.8111
vn -0.5895 0.0653 -0.8051
vn -0.5659 0.0961 -0.8189
vn -0.5803 0.0860 -0.8098
vn -0.5498 0.1146 -0.8274
vn -0.5688 0.1041 -0.8159
vn -0.5357 0.1383 -0.8330
vn -0.5561 0.1349 -0.8201
vn -0.5441 0.1974 -0.8154
vn -0.5510 0.2355 -0.8006
vn -0.5237 0.2659 -0.8093
vn -0.5547 0.2574 -0.7913
vn -0.5674 0.0383 -0.8226
vn -0.6014 0.0218 -0.7986
vn -0.5510 0.0671 -0.8318
vn -0.5817 0.0556 -0.8115
vn -0.5269 0.1064 -0.8432
vn -0.5595 0.0917 -0.8237
vn -0.5321 0.1183 -0.8384
vn -0.4980 0.1363 -0.8564
vn -0.4727 0.1491 -0.8685
vn -0.4917 0.1726 -0.8535
vn -0.4402 0.2267 -0.8688
vn -0.5145 0.2214 -0.8284
vn -0.4234 0.2815 -0.8611
vn -0.4814 0.2779 -0.8313
vn -0.4611 0.1470 -0.8751
vn -0.4068 0.1697 -0.8976
vn -0.4705 0.1494 -0.8696
vn -0.3867 0.1782 -0.9048
vn -0.4376 0.1662 -0.8837
vn -0.4102 0.1743 -0.8952
vn -0.3905 0.2201 -0.8939
vn -0.3758 0.2818 -0.8828
vn -0.3852 0.3206 -0.8653
vn -0.3670 0.1839 -0.9118
vn -0.3506 0.1933 -0.9164
vn -0.3731 0.1905 -0.9080
vn -0.3445 0.2191 -0.9129
vn -0.3697 0.2276 -0.9008
vn -0.3584 0.2964 -0.8853
vn -0.3043 0.2582 -0.9169
vn -0.2520 0.3067 -0.9179
vn -0.3185 0.3201 -0.8922
vn -0.1923 0.3545 -0.9151
vn -0.1455 0.3565 -0.9229
vn -0.0947 0.3460 -0.9334
vn -0.5082 0.2803 -0.8144
vn -0.5417 0.2740 -0.7947
vn -0.5260 0.2945 -0.7979
vn -0.5272 0.3236 -0.7857
vn -0.4846 0.3775 -0.7891
vn -0.5299 0.3755 -0.7604
vn -0.5018 0.4394 -0.7451
vn -0.4942 0.4536 -0.7416
vn -0.4486 0.4836 -0.7516
vn -0.4874 0.4711 -0.7352
vn -0.4526 0.5236 -0.7218
vn -0.4364 0.5951 -0.6748
vn -0.4264 0.6359 -0.6433
vn -0.4150 0.6727 -0.6126
vn -0.4336 0.7083 -0.5570
vn -0.3847 0.7548 -0.5313
vn -0.4229 0.7716 -0.4751
vn -0.4499 0.2984 -0.8418
vn -0.4564 0.3077 -0.8348
vn -0.4058 0.3340 -0.8507
vn -0.4617 0.3239 -0.8258
vn -0.4349 0.3763 -0.8181
vn -0.4373 0.4293 -0.7902
vn -0.3933 0.4731 -0.7884
vn -0.4342 0.4715 -0.7676
vn -0.4048 0.4966 -0.7678
vn -0.3953 0.5216 -0.7560
vn -0.3727 0.5505 -0.7471
vn -0.3927 0.5528 -0.7350
vn -0.3857 0.6218 -0.6816
vn -0.3672 0.6532 -0.6622
vn -0.3757 0.6632 -0.6474
vn -0.3680 0.6951 -0.6176
vn -0.3459 0.7171 -0.6051
vn -0.3628 0.7304 -0.5787
vn -0.3640 0.7766 -0.5143
vn -0.3665 0.3316 -0.8693
vn -0.3806 0.3233 -0.8664
vn -0.3669 0.3355 -0.8677
vn -0.3716 0.3572 -0.8569
vn -0.3617 0.3791 -0.8518
vn -0.3825 0.3949 -0.8353
vn -0.3696 0.4672 -0.8032
vn -0.3687 0.5044 -0.7808
vn -0.3564 0.5178 -0.7777
vn -0.3632 0.5148 -0.7766
vn -0.3564 0.5350 -0.7660
vn -0.3598 0.5698 -0.7388
vn -0.3620 0.6382 -0.6794
vn -0.3539 0.6826 -0.6394
vn -0.3458 0.7119 -0.6112
vn -0.3450 0.7239 -0.5974
vn -0.3636 0.7684 -0.5267
vn -0.3466 0.3322 -0.8772
vn -0.3495 0.3404 -0.8729
vn -0.3222 0.3524 -0.8786
vn -0.3487 0.3474 -0.8705
vn -0.3397 0.3624 -0.8679
vn -0.3499 0.4050 -0.8447
vn -0.3165 0.4533 -0.8333
vn -0.3616 0.4786 -0.8001
vn -0.3444 0.5223 -0.7801
vn -0.3409 0.5256 -0.7794
vn -0.3412 0.5427 -0.7675
vn -0.3396 0.5787 -0.7415
vn -0.3008 0.6264 -0.7192
vn -0.3387 0.6469 -0.6833
vn -0.3349 0.6946 -0.6367
vn -0.2979 0.7185 -0.6285
vn -0.3288 0.7208 -0.6101
vn -0.3241 0.7310 -0.6005
vn -0.2877 0.3517 -0.8908
vn -0.2617 0.3540 -0.8979
vn -0.2646 0.3756 -0.8882
vn -0.2649 0.3810 -0.8858
vn -0.2437 0.4245 -0.8720
vn -0.2544 0.5070 -0.8235
vn -0.2664 0.5395 -0.7987
vn -0.2727 0.5368 -0.7984
vn -0.1987 0.5698 -0.7974
vn -0.2680 0.5716 -0.7756
vn -0.2404 0.5979 -0.7646
vn -0.2362 0.6736 -0.7003
vn -0.2353 0.7127 -0.6608
vn -0.2276 0.7546 -0.6155
vn -0.1977 0.3750 -0.9057
vn -0.1839 0.3727 -0.9095
vn -0.1868 0.3827 -0.9048
vn -0.1546 0.3976 -0.9045
vn -0.1866 0.4027 -0.8961
vn -0.1664 0.4438 -0.8805
vn -0.1740 0.5172 -0.8380
vn -0.1551 0.5363 -0.8297
vn -0.1762 0.5533 -0.8141
vn -0.1607 0.5675 -0.8076
vn -0.1561 0.5882 -0.7935
vn -0.1610 0.6055 -0.7794
vn -0.1731 0.6735 -0.7186
vn -0.1755 0.7277 -0.6630
vn -0.1687 0.7644 -0.6223
vn -0.1306 0.3700 -0.9198
vn -0.1492 0.3831 -0.9116
vn -0.1417 0.3850 -0.9120
vn -0.1351 0.3881 -0.9117
vn -0.1358 0.4107 -0.9016
vn -0.1427 0.4547 -0.8791
vn -0.1392 0.5121 -0.8476
vn -0.1411 0.5632 -0.8142
vn -0.1397 0.5775 -0.8043
vn -0.1381 0.5872 -0.7976
vn -0.1402 0.6083 -0.7813
vn -0.1510 0.6695 -0.7273
vn -0.1473 0.6989 -0.6998
vn -0.1556 0.7313 -0.6641
vn -0.1533 0.7654 -0.6250
vn -0.0988 0.3953 -0.9132
vn -0.1010 0.3902 -0.9152
vn -0.0988 0.3908 -0.9152
vn -0.0998 0.4125 -0.9055
vn -0.1044 0.4580 -0.8828
vn -0.1029 0.5101 -0.8539
vn -0.1040 0.5704 -0.8148
vn -0.1052 0.5829 -0.8057
vn -0.1049 0.5900 -0.8006
vn -0.1063 0.6086 -0.7864
vn -0.1046 0.6520 -0.7510
vn -0.1179 0.7381 -0.6643
vn -0.1358 0.7639 -0.6308
vn -0.3318 0.8024 -0.4960
vn -0.3559 0.8271 -0.4351
vn -0.2832 0.7628 -0.5813
vn -0.3119 0.7769 -0.5470
vn -0.3054 0.8280 -0.4702
vn -0.2222 0.7522 -0.6204
vn -0.2222 0.7962 -0.5628
vn -0.2494 0.8342 -0.4919
vn -0.2411 0.8766 -0.4164
vn -0.1649 0.7678 -0.6191
vn -0.1682 0.7988 -0.5776
vn -0.1870 0.8391 -0.5109
vn -0.1689 0.8652 -0.4721
vn -0.1834 0.8868 -0.4242
vn -0.1517 0.7742 -0.6145
vn -0.1518 0.7931 -0.5898
vn -0.1501 0.8341 -0.5308
vn -0.1505 0.8926 -0.4250
vn -0.1237 0.7747 -0.6202
vn -0.1351 0.7815 -0.6091
vn -0.1209 0.7972 -0.5914
vn -0.1110 0.8323 -0.5431
vn -0.1119 0.8964 -0.4288
vn -0.9493 0.2927 -0.1144
vn -0.9529 0.2909 0.0855
vn -0.8753 -0.4003 -0.2712
vn -0.8487 -0.4996 -0.1736
vn -0.7952 -0.5975 -0.1030
vn -0.8474 -0.5149 -0.1298
vn -0.7955 -0.6008 0.0788
vn -0.8426 -0.5289 0.1016
vn -0.8987 0.2894 -0.3295
vn -0.9160 0.3122 -0.2520
vn -0.7739 0.2561 -0.5791
vn -0.5085 0.8540 -0.1098
vn -0.5046 0.8586 0.0909
vn -0.7645 0.2512 0.5937
vn -0.8527 -0.4954 0.1661
vn -0.8797 -0.3843 0.2801
vn -0.9157 0.3157 0.2487
vn -0.8901 0.3032 0.3403
vn -0.1090 -0.8996 0.4230
vn -0.6740 -0.7032 -0.2265
vn -0.5789 -0.7638 -0.2854
vn -0.6489 -0.7143 0.2622
vn -0.3897 -0.9052 0.1693
vn -0.4237 -0.8964 -0.1300
vn -0.3669 -0.9279 -0.0664
vn -0.3358 -0.9409 -0.0429
vn -0.3347 -0.9423 0.0111
vn -0.8773 -0.2025 -0.4352
vn -0.8634 -0.3462 -0.3669
vn -0.7081 -0.4020 -0.5805
vn -0.7731 0.4549 -0.4421
vn -0.6764 0.3854 -0.6277
vn -0.4430 0.8481 -0.2906
vn -0.4070 0.8953 -0.1812
vn -0.3598 0.9272 -0.1044
vn -0.3573 0.9298 0.0885
vn -0.7246 -0.6650 -0.1810
vn -0.5252 -0.8223 -0.2192
vn -0.3494 -0.9370 0.0068
vn -0.0887 -0.9959 0.0197
vn 0.0920 -0.9956 0.0165
vn 0.1484 -0.9888 -0.0138
vn 0.1265 -0.9903 -0.0573
vn -0.8331 0.0377 -0.5518
vn -0.5927 -0.0422 -0.8043
vn -0.5984 0.4929 -0.6317
vn 0.4072 -0.9057 0.1183
vn 0.3992 -0.9167 -0.0181
vn 0.3682 -0.9219 -0.1205
vn -0.3931 0.7190 -0.5732
vn -0.4926 0.6627 -0.5641
vn -0.2449 0.9206 -0.3041
vn -0.1435 0.9592 -0.2437
vn -0.0580 0.9888 -0.1375
vn -0.0166 0.9980 -0.0606
vn -0.0029 0.9983 0.0580
vn -0.2514 -0.9674 0.0307
vn -0.7143 -0.4140 -0.5643
vn -0.6293 -0.6912 -0.3551
vn -0.6954 -0.4926 -0.5233
vn -0.5617 -0.7472 -0.3551
vn 0.0997 -0.9384 0.3308
vn -0.0612 -0.8841 0.4633
vn 0.0301 -0.9683 0.2479
vn 0.1426 -0.9759 0.1651
vn -0.6924 0.2366 -0.6817
vn -0.5711 0.1678 -0.8036
vn -0.3564 0.7372 -0.5740
vn 0.3869 -0.9086 0.1573
vn 0.1592 -0.9399 0.3022
vn -0.2228 -0.9694 0.1028
vn 0.1207 -0.9896 0.0786
vn -0.2533 -0.9665 0.0411
vn 0.0927 -0.9956 -0.0159
vn 0.1286 -0.9890 -0.0727
vn 0.2520 -0.9304 -0.2663
vn -0.2779 0.7389 -0.6138
vn -0.0959 0.9320 -0.3496
vn -0.0103 0.9750 -0.2220
vn 0.0541 0.9861 -0.1569
vn 0.1031 0.9900 -0.0964
vn 0.1394 0.9900 -0.0227
vn 0.1612 0.9854 0.0554
vn -0.4141 -0.8555 -0.3109
vn -0.2285 -0.9702 0.0808
vn 0.0136 -0.9160 0.4009
vn 0.0896 -0.9181 0.3861
vn 0.0599 -0.9554 0.2893
vn -0.2647 -0.9635 0.0396
vn -0.3640 -0.9299 0.0524
vn -0.1736 0.8100 -0.5602
vn -0.1106 0.8590 -0.4999
vn 0.0110 -0.8556 0.5175
vn -0.5023 -0.8646 0.0162
vn -0.0732 -0.9935 0.0876
vn -0.1807 -0.9297 -0.3208
vn -0.3165 -0.9459 0.0718
vn -0.4061 -0.9122 0.0543
vn -0.1256 -0.9920 -0.0126
vn -0.0089 0.8666 -0.4989
vn 0.2110 0.9389 -0.2720
vn 0.0751 0.9674 -0.2418
vn 0.1279 0.9785 -0.1618
vn 0.1591 0.9804 -0.1163
vn 0.1842 0.9809 -0.0633
vn 0.2108 0.9775 0.0092
vn 0.2286 0.9714 0.0641
vn -0.7437 -0.6682 0.0208
vn -0.3509 -0.9114 -0.2149
vn -0.1442 -0.9276 0.3447
vn -0.0268 -0.8663 0.4988
vn -0.0576 -0.9441 0.3247
vn -0.2064 -0.9680 0.1425
vn -0.3559 -0.9335 -0.0431
vn -0.4461 -0.8931 -0.0579
vn -0.4192 -0.9072 -0.0361
vn -0.4493 -0.8920 0.0492
vn -0.4392 -0.8971 0.0479
vn -0.4253 -0.9027 0.0648
vn 0.0556 0.7526 -0.6561
vn 0.0266 0.8303 -0.5566
vn 0.1116 0.9178 -0.3811
vn 0.2036 0.9485 -0.2426
vn 0.2426 0.9494 -0.1993
vn 0.2729 0.9511 -0.1447
vn 0.2269 0.9644 -0.1359
vn 0.2720 0.9556 -0.1129
vn 0.2334 0.9667 -0.1047
vn 0.2490 0.9677 -0.0382
vn 0.3178 0.9457 0.0680
vn 0.2724 0.9614 0.0385
vn 0.3375 0.9372 0.0876
vn 0.2889 0.9546 0.0727
vn -0.3862 -0.8679 0.3123
vn -0.2416 -0.7778 0.5803
vn -0.1857 -0.8760 0.4452
vn -0.3634 -0.9303 -0.0510
vn -0.3662 -0.9298 0.0360
vn -0.0078 0.7727 -0.6348
vn -0.1883 -0.8530 0.4867
vn -0.4394 -0.8783 0.1887
vn -0.2364 -0.9473 0.2160
vn -0.4489 -0.8929 -0.0341
vn -0.3339 -0.9426 0.0018
vn -0.4205 -0.9016 -0.1019
vn -0.3934 -0.9140 -0.0992
vn -0.4069 -0.9059 -0.1177
vn -0.4139 -0.9028 0.1170
vn -0.5100 -0.8600 0.0162
vn -0.4076 -0.9104 0.0705
vn 0.1218 0.8716 -0.4748
vn 0.1736 0.9404 -0.2926
vn 0.2401 0.9540 -0.1798
vn 0.2780 0.9504 -0.1397
vn 0.3028 0.9472 -0.1057
vn 0.3531 0.9320 0.0818
vn 0.3547 0.9298 0.0980
vn 0.2981 0.9496 -0.0970
vn 0.3655 0.9308 -0.0019
vn 0.2623 0.9647 -0.0209
vn 0.3252 0.9433 0.0663
vn -0.3041 -0.7898 0.5327
vn -0.2131 -0.7612 0.6126
vn -0.2478 -0.8794 0.4066
vn -0.3530 -0.9255 0.1372
vn -0.4119 -0.9108 -0.0291
vn -0.3969 -0.9148 -0.0754
vn -0.3772 -0.9253 -0.0407
vn -0.3914 -0.9202 0.0095
vn -0.4476 -0.8921 -0.0618
vn 0.1981 0.8540 -0.4811
vn 0.2488 0.8957 -0.3686
vn 0.3681 0.9037 -0.2188
vn 0.2640 0.9389 -0.2207
vn 0.3787 0.9142 -0.1445
vn 0.3059 0.9416 -0.1407
vn 0.3275 0.9370 -0.1220
vn 0.3516 0.9331 -0.0756
vn 0.3760 0.9265 0.0125
vn 0.3837 0.9203 0.0766
vn 0.4231 0.8992 0.1112
vn 0.3802 0.9197 0.0977
vn -0.3135 -0.7282 0.6095
vn -0.3326 -0.7141 0.6160
vn -0.3351 -0.7459 0.5756
vn -0.4951 -0.8017 0.3351
vn -0.3779 -0.8715 0.3126
vn -0.4693 -0.8767 0.1056
vn -0.4257 -0.9012 0.0809
vn -0.4151 -0.9097 0.0079
vn -0.4254 -0.9047 -0.0212
vn -0.3903 -0.9202 -0.0312
vn -0.3965 -0.9168 -0.0470
vn -0.4125 -0.9092 -0.0574
vn -0.3819 -0.9235 -0.0357
vn -0.4863 -0.8680 -0.1004
vn -0.4043 -0.9142 -0.0289
vn -0.5744 -0.7872 -0.2246
vn -0.4642 -0.8771 -0.1234
vn -0.5642 -0.7539 -0.3368
vn 0.2951 0.8823 -0.3667
vn 0.3602 0.9111 -0.2004
vn 0.3906 0.9093 -0.1439
vn 0.4486 0.8851 0.1238
vn 0.3871 0.9129 -0.1292
vn 0.4028 0.9090 -0.1074
vn 0.3759 0.9204 -0.1071
vn 0.4151 0.9090 -0.0378
vn 0.3853 0.9214 -0.0506
vn 0.4264 0.9037 0.0394
vn 0.4016 0.9155 0.0265
vn 0.4336 0.8977 0.0789
vn 0.4123 0.9082 0.0725
vn 0.4271 0.8996 0.0911
vn -0.3938 -0.9188 0.0273
vn -0.4761 -0.8642 0.1626
vn -0.6677 -0.3599 0.6517
vn -0.7858 -0.2942 0.5440
vn -0.4013 0.8986 0.1775
vn -0.4176 0.8471 0.3286
vn -0.6054 0.3809 0.6989
vn -0.6767 0.4191 0.6053
vn 0.0024 -0.9941 -0.1082
vn -0.2519 -0.9677 -0.0045
vn -0.6404 -0.7584 0.1211
vn -0.4432 -0.8477 0.2917
vn -0.6982 -0.5390 0.4712
vn -0.4524 -0.1293 0.8824
vn -0.7305 0.0177 0.6827
vn -0.0228 0.9902 0.1378
vn -0.0806 0.9478 0.3085
vn -0.1274 0.8848 0.4483
vn -0.2703 0.5198 0.8104
vn -0.3162 -0.9460 -0.0720
vn -0.3620 -0.8893 0.2794
vn 0.1629 -0.9538 -0.2523
vn -0.0388 -0.9584 -0.2829
vn -0.2256 -0.9035 -0.3644
vn -0.2953 -0.2689 0.9168
vn 0.2581 -0.9093 -0.3263
vn -0.1290 0.6939 0.7084
vn -0.2093 0.1781 0.9615
vn 0.1603 0.9803 0.1158
vn 0.1299 0.9628 0.2369
vn 0.1738 0.8629 0.4746
vn 0.0657 0.9117 0.4055
vn -0.0485 0.6730 0.7381
vn -0.2750 -0.9399 -0.2025
vn -0.2638 -0.9076 0.3266
vn -0.1167 -0.8768 -0.4664
vn -0.2100 -0.8640 -0.4577
vn -0.0996 -0.2189 0.9707
vn -0.4558 -0.8674 -0.1999
vn -0.0344 -0.9815 -0.1881
vn -0.0543 -0.8394 -0.5408
vn 0.2107 0.8350 0.5082
vn 0.1326 0.7493 0.6489
vn 0.0149 0.3184 0.9478
vn 0.2269 0.9684 0.1036
vn 0.2132 0.9569 0.1970
vn 0.2362 0.9038 0.3569
vn -0.5708 -0.7745 -0.2726
vn -0.3345 -0.9087 -0.2498
vn -0.6304 -0.6882 0.3591
vn -0.2737 -0.8875 0.3708
vn -0.3734 -0.9038 -0.2090
vn -0.3835 -0.7742 -0.5036
vn -0.2928 -0.8162 -0.4980
vn -0.3193 -0.7997 -0.5084
vn 0.0325 -0.0790 0.9963
vn 0.3341 0.8339 0.4394
vn 0.3646 0.6478 0.6689
vn 0.2797 0.7583 0.5888
vn 0.1768 0.4236 0.8884
vn 0.3634 0.9248 0.1124
vn 0.2891 0.9526 0.0950
vn 0.3908 0.8948 0.2157
vn 0.2864 0.9419 0.1756
vn 0.3235 0.8882 0.3263
vn -0.4810 -0.8272 -0.2905
vn -0.6440 -0.7256 0.2425
vn -0.4194 -0.8519 0.3135
vn -0.4979 -0.7187 -0.4853
vn -0.4694 -0.7213 -0.5093
vn -0.4708 -0.7497 -0.4651
vn -0.0997 -0.2312 0.9678
vn -0.5702 -0.7873 -0.2346
vn -0.4037 -0.8957 -0.1864
vn -0.4584 -0.7670 -0.4489
vn 0.3207 0.6386 0.6995
vn 0.0759 0.1041 0.9917
vn 0.3614 0.9229 0.1326
vn 0.3710 0.8952 0.2470
vn 0.4131 0.7899 0.4532
vn 0.3650 0.8344 0.4130
vn 0.3720 0.7495 0.5477
vn -0.5786 -0.7146 -0.3931
vn -0.5488 -0.6977 -0.4604
vn -0.4929 -0.8631 -0.1103
vn -0.5371 -0.7949 -0.2821
vn -0.3943 -0.9112 -0.1192
vn 0.5055 -0.3588 0.7847
vn 0.0945 -0.2438 0.9652
vn -0.5734 -0.7245 -0.3826
vn -0.5071 -0.8129 -0.2863
vn -0.5584 -0.6985 -0.4475
vn 0.5162 0.1745 0.8385
vn 0.1343 -0.0306 0.9905
vn 0.5243 0.6404 0.5613
vn 0.4575 0.7391 0.4944
vn 0.5327 0.4808 0.6964
vn 0.3959 0.6710 0.6269
vn 0.2498 0.2607 0.9326
vn 0.4527 0.8730 0.1817
vn 0.3789 0.9145 0.1418
vn 0.4809 0.8176 0.3166
vn 0.3891 0.8829 0.2629
vn 0.4367 0.8015 0.4085
vn -0.6270 -0.6423 -0.4408
vn -0.5978 -0.6732 -0.4353
vn -0.6138 -0.6526 -0.4442
vn 0.1470 -0.3178 0.9367
vn 0.4910 0.6033 0.6285
vn 0.4218 0.2571 0.8695
vn 0.4617 0.8597 0.2185
vn 0.4870 0.7668 0.4182
vn 0.4691 0.8099 0.3521
vn 0.4883 0.7165 0.4982
vn -0.3321 -0.6957 0.6369
vn -0.2372 -0.6996 0.6740
vn -0.6441 -0.6298 -0.4342
vn -0.6262 -0.6703 -0.3982
vn -0.6486 -0.6326 -0.4233
vn -0.6551 -0.6220 -0.4290
vn -0.6512 -0.6335 -0.4179
vn -0.7958 -0.5406 -0.2729
vn -0.7188 -0.5442 -0.4327
vn -0.6644 -0.5952 -0.4520
vn -0.7051 -0.6177 -0.3484
vn -0.6749 -0.6129 -0.4108
vn -0.6773 -0.6829 -0.2738
vn -0.3901 -0.6431 0.6590
vn -0.2813 -0.7070 0.6488
vn -0.6469 -0.6130 -0.4536
vn -0.5836 -0.7005 -0.4109
vn -0.6400 -0.6210 -0.4525
vn -0.9725 0.0060 -0.2327
vn -0.9809 -0.0161 -0.1939
vn -0.9941 -0.0517 -0.0952
vn -0.9675 0.0231 -0.2519
vn -0.9729 0.0006 -0.2310
vn -0.9906 -0.0332 -0.1328
vn -0.9652 -0.0230 -0.2606
vn -0.9860 -0.0480 -0.1595
vn -0.9544 -0.0715 -0.2900
vn -0.9816 -0.0874 -0.1699
vn -0.9049 -0.1602 -0.3943
vn -0.9320 -0.1807 -0.3143
vn -0.9643 -0.1996 -0.1743
vn -0.8740 -0.4382 -0.2101
vn -0.8591 -0.2889 -0.4225
vn -0.8782 -0.3298 -0.3466
vn -0.7906 -0.4647 -0.3987
vn -0.8395 -0.4280 -0.3348
vn -0.4829 -0.6270 0.6113
vn -0.4280 -0.6356 0.6426
vn -0.7953 -0.3877 -0.4661
vn -0.7927 -0.4135 -0.4479
vn -0.7077 -0.5266 -0.4710
vn -0.7516 -0.4811 -0.4512
vn -0.4790 -0.6804 0.5546
vn -0.6015 -0.6918 0.3995
vn -0.4990 -0.7664 0.4046
vn -0.6635 -0.7126 0.2279
vn -0.5456 -0.8156 0.1928
vn -0.5764 -0.8068 -0.1297
vn -0.7170 -0.5393 -0.4416
vn -0.5891 -0.7170 -0.3727
vn -0.6580 -0.5843 -0.4751
vn -0.9214 -0.0021 -0.3886
vn -0.9402 0.0103 -0.3405
vn -0.9582 0.0149 -0.2858
vn -0.9667 0.0137 -0.2556
vn -0.9263 0.0498 -0.3736
vn -0.9404 0.0626 -0.3342
vn -0.9553 0.0572 -0.2902
vn -0.9644 0.0412 -0.2611
vn -0.9614 0.0359 -0.2728
vn -0.9397 0.0674 -0.3354
vn -0.9499 0.0525 -0.3081
vn -0.9569 0.0323 -0.2887
vn -0.9521 0.0036 -0.3057
vn -0.9394 0.0229 -0.3420
vn -0.9430 0.0095 -0.3327
vn -0.9492 -0.0104 -0.3146
vn -0.9319 -0.0769 -0.3545
vn -0.9388 -0.0459 -0.3414
vn -0.9360 -0.0675 -0.3454
vn -0.9334 -0.0782 -0.3503
vn -0.9196 -0.1213 -0.3736
vn -0.5989 -0.6844 0.4159
vn -0.5290 -0.6557 0.5388
vn -0.9266 -0.1962 -0.3207
vn -0.9120 -0.1838 -0.3667
vn -0.8671 -0.2786 -0.4129
vn -0.8818 -0.2345 -0.4092
vn -0.6170 -0.6335 0.4668
vn -0.8006 -0.5588 0.2162
vn -0.6787 -0.6461 0.3491
vn -0.9017 -0.4322 0.0096
vn -0.7843 -0.5963 0.1712
vn -0.9101 -0.3324 -0.2476
vn -0.8530 -0.3375 -0.3981
vn -0.7716 -0.6231 0.1279
vn -0.8853 -0.4299 -0.1775
vn -0.6452 -0.7506 -0.1423
vn -0.7606 -0.4864 -0.4301
vn -0.8695 -0.0630 -0.4898
vn -0.8855 -0.0281 -0.4638
vn -0.8738 -0.0391 -0.4847
vn -0.8942 -0.0003 -0.4477
vn -0.9015 0.0282 -0.4318
vn -0.9211 0.0704 -0.3829
vn -0.9110 -0.0642 -0.4073
vn -0.9188 0.0114 -0.3945
vn -0.9271 0.0516 -0.3712
vn -0.9285 0.0691 -0.3649
vn -0.9442 -0.1945 -0.2657
vn -0.9494 -0.0777 -0.3043
vn -0.9435 -0.0083 -0.3312
vn -0.9339 0.0194 -0.3571
vn -0.9004 -0.4330 -0.0420
vn -0.7195 -0.6502 0.2440
vn -0.9554 -0.2459 -0.1633
vn -0.9594 -0.1156 -0.2573
vn -0.9370 -0.0680 -0.3427
vn -0.8014 -0.5557 0.2213
vn -0.9328 -0.3595 -0.0265
vn -0.8162 -0.5643 0.1239
vn -0.9618 -0.2228 -0.1592
vn -0.8811 -0.4663 -0.0790
vn -0.9246 -0.1981 -0.3255
vn -0.7690 -0.1248 -0.6269
vn -0.8131 -0.0938 -0.5745
vn -0.8276 -0.1041 -0.5515
vn -0.4294 -0.9007 -0.0660
vn -0.2355 -0.9100 0.3411
vn -0.6443 -0.6622 -0.3826
vn -0.6459 -0.6263 -0.4366
vn -0.6128 -0.6925 -0.3808
vn 0.0563 -0.3697 0.9274
vn -0.6783 -0.7239 -0.1258
vn -0.5372 -0.8128 -0.2254
vn -0.6062 -0.7296 0.3165
vn -0.2790 -0.9458 0.1662
vn -0.0881 -0.8877 0.4519
vn 0.6062 -0.2022 0.7692
vn 0.4689 0.1391 0.8722
vn 0.2162 -0.2908 0.9320
vn -0.8142 -0.5804 -0.0127
vn -0.6432 -0.7641 -0.0493
vn -0.8161 -0.4764 0.3272
vn -0.5139 -0.7795 0.3582
vn -0.0537 -0.3277 0.9433
vn 0.4220 0.2012 0.8840
vn 0.2429 -0.1047 0.9644
vn -0.9971 -0.0763 0.0049
vn -0.9952 -0.0801 0.0567
vn -0.9912 -0.0788 0.1064
vn -0.9802 -0.0842 0.1791
vn -0.9982 -0.0588 -0.0083
vn -0.9961 -0.0616 0.0630
vn -0.9925 -0.0531 0.1103
vn -0.9828 -0.0482 0.1781
vn -0.9694 -0.0441 0.2413
vn -0.9980 -0.0612 -0.0184
vn -0.9956 -0.0540 0.0771
vn -0.9910 -0.0276 0.1308
vn -0.9826 -0.0041 0.1856
vn -0.9718 0.0028 0.2359
vn -0.9963 -0.0839 -0.0160
vn -0.9927 -0.0576 0.1060
vn -0.9840 -0.0073 0.1779
vn -0.9779 0.0352 0.2061
vn -0.9704 0.0432 0.2375
vn -0.9819 -0.1895 0.0002
vn -0.8796 -0.4757 0.0048
vn -0.9777 -0.1299 0.1648
vn -0.8572 -0.4459 0.2577
vn -0.9624 -0.0254 0.2704
vn -0.9688 0.0609 0.2401
vn -0.7237 -0.2224 0.6533
vn -0.9150 0.0059 0.4035
vn -0.9536 0.1077 0.2813
vn -0.2564 0.5248 0.8117
vn -0.4829 -0.0337 0.8750
vn -0.8485 0.1519 0.5069
vn -0.1333 0.3024 0.9438
vn -0.6062 0.3461 0.7160
vn -0.9579 -0.1153 0.2629
vn -0.9369 -0.1362 0.3218
vn -0.9556 -0.0882 0.2813
vn -0.9211 -0.1416 0.3626
vn -0.8887 -0.1526 0.4324
vn -0.9491 -0.0555 0.3100
vn -0.9356 -0.0737 0.3452
vn -0.9060 -0.0862 0.4145
vn -0.9527 -0.0011 0.3040
vn -0.9437 -0.0095 0.3308
vn -0.9140 -0.0204 0.4051
vn -0.9622 0.0749 0.2619
vn -0.9550 0.0430 0.2936
vn -0.9475 0.0399 0.3173
vn -0.9210 0.0270 0.3887
vn -0.9630 0.0985 0.2510
vn -0.9537 0.1077 0.2808
vn -0.9487 0.0919 0.3026
vn -0.9264 0.0741 0.3693
vn -0.9411 0.1676 0.2936
vn -0.9544 0.1345 0.2664
vn -0.9528 0.1397 0.2697
vn -0.9497 0.1276 0.2859
vn -0.9289 0.1139 0.3525
vn -0.8337 0.2721 0.4805
vn -0.9086 0.1822 0.3759
vn -0.9473 0.1824 0.2635
vn -0.9513 0.1699 0.2574
vn -0.9482 0.1596 0.2746
vn -0.9258 0.1500 0.3469
vn -0.7689 0.3538 0.5326
vn -0.8886 0.3049 0.3426
vn -0.9355 0.2559 0.2436
vn -0.9433 0.2295 0.2397
vn -0.9380 0.2170 0.2702
vn -0.8234 -0.1828 0.5372
vn -0.7923 -0.2074 0.5738
vn -0.8432 -0.1052 0.5272
vn -0.8146 -0.1205 0.5674
vn -0.8603 -0.0357 0.5086
vn -0.8266 -0.0486 0.5607
vn -0.8715 0.0110 0.4903
vn -0.8357 -0.0022 0.5492
vn -0.8760 0.0648 0.4780
vn -0.8423 0.0585 0.5359
vn -0.8720 0.1144 0.4760
vn -0.8439 0.1151 0.5240
vn -0.8889 0.2158 0.4042
vn -0.8658 0.1611 0.4737
vn -0.8455 0.1622 0.5088
vn -0.9074 0.2847 0.3093
vn -0.9020 0.2487 0.3530
vn -0.8522 0.2733 0.4462
vn -0.8337 0.2524 0.4911
vn -0.7499 -0.2383 0.6171
vn -0.8084 0.1700 0.5635
vn -0.7931 0.3228 0.5165
vn -0.7917 0.2654 0.5502
vn -0.7946 -0.1212 0.5949
vn -0.8074 -0.0536 0.5876
vn -0.8146 -0.0134 0.5798
vn -0.8211 0.0474 0.5688
vn -0.8147 0.1083 0.5697
vn -0.6943 -0.2591 0.6715
vn -0.7411 -0.2021 0.6402
vn -0.7229 -0.1321 0.6783
vn -0.7121 -0.1386 0.6882
vn -0.7415 -0.0643 0.6678
vn -0.7185 -0.0733 0.6917
vn -0.7555 -0.0242 0.6547
vn -0.7242 -0.0332 0.6887
vn -0.7597 0.0423 0.6488
vn -0.7313 0.0390 0.6809
vn -0.7833 0.1336 0.6071
vn -0.7591 0.1096 0.6417
vn -0.7278 0.1100 0.6769
vn -0.7492 0.1783 0.6379
vn -0.7335 0.2822 0.6184
vn -0.6695 -0.2691 0.6923
vn -0.6548 -0.2754 0.7038
vn -0.6744 -0.2295 0.7018
vn -0.6688 -0.1455 0.7291
vn -0.6863 -0.1454 0.7127
vn -0.6837 -0.0790 0.7254
vn -0.6839 -0.0814 0.7250
vn -0.6926 -0.0395 0.7202
vn -0.6844 -0.0434 0.7278
vn -0.6957 0.0348 0.7175
vn -0.6898 0.0307 0.7233
vn -0.7113 0.1413 0.6886
vn -0.6978 0.1087 0.7080
vn -0.6886 0.1055 0.7175
vn -0.7212 0.1776 0.6696
vn -0.6975 0.1746 0.6950
vn -0.7054 0.2802 0.6511
vn -0.6875 0.2753 0.6719
vn -0.3175 -0.7395 0.5936
vn -0.3266 -0.8833 0.3363
vn -0.3450 -0.9293 0.1318
vn -0.3501 -0.9364 0.0237
vn -0.3731 -0.9266 -0.0476
vn -0.4358 -0.8923 -0.1177
vn -0.6026 -0.7387 -0.3020
vn -0.5145 -0.8363 -0.1897
vn -0.6474 -0.6554 -0.3890
vn -0.5856 -0.7512 -0.3045
vn -0.6415 -0.6331 -0.4332
vn 0.3938 0.8701 -0.2963
vn 0.3415 0.8952 -0.2864
vn 0.3914 0.9034 -0.1752
vn 0.3783 0.9106 -0.1664
vn 0.3901 0.9106 -0.1363
vn 0.3942 0.9128 -0.1069
vn 0.4049 0.9139 -0.0293
vn 0.4175 0.9072 0.0506
vn 0.4261 0.9007 0.0846
vn 0.4263 0.8961 0.1236
vn -0.2433 -0.7701 0.5897
vn -0.2531 -0.9176 0.3064
vn -0.2719 -0.9547 0.1211
vn -0.2990 -0.9542 0.0061
vn -0.3548 -0.9296 -0.0997
vn -0.5350 -0.7796 -0.3256
vn -0.4404 -0.8750 -0.2012
vn -0.5593 -0.7641 -0.3214
vn 0.3442 0.8909 -0.2964
vn 0.3638 0.9131 -0.1841
vn 0.3701 0.9167 -0.1506
vn 0.3521 0.9253 -0.1408
vn 0.3778 0.9160 -0.1350
vn 0.3510 0.9315 -0.0957
vn 0.3806 0.9193 -0.1007
vn 0.3559 0.9345 -0.0110
vn 0.3909 0.9203 -0.0181
vn 0.3577 0.9319 0.0604
vn 0.4002 0.9145 0.0584
vn 0.3669 0.9250 0.0988
vn 0.4071 0.9090 0.0891
vn 0.4025 0.8999 0.1678
vn 0.4165 0.9006 0.1242
vn 0.4358 0.8732 0.2180
vn -0.2871 -0.7649 0.5767
vn -0.4568 -0.8049 0.3787
vn -0.2635 -0.9161 0.3023
vn -0.4426 -0.8833 0.1545
vn -0.2630 -0.9584 0.1112
vn -0.4520 -0.8879 -0.0854
vn -0.2889 -0.9569 -0.0286
vn -0.4987 -0.8146 -0.2962
vn -0.3656 -0.9146 -0.1728
vn -0.5001 -0.7963 -0.3403
vn 0.2819 0.9031 -0.3240
vn 0.3068 0.9091 -0.2819
vn 0.3059 0.9334 -0.1877
vn 0.2909 0.9447 -0.1512
vn 0.2687 0.9581 -0.0989
vn 0.2604 0.9655 -0.0091
vn 0.2577 0.9647 0.0553
vn 0.2599 0.9599 0.1048
vn 0.2957 0.9306 0.2157
vn 0.2021 0.9051 -0.3742
vn 0.1878 0.9326 -0.3083
vn 0.1720 0.9621 -0.2117
vn 0.1383 0.9733 -0.1834
vn 0.0958 0.9882 -0.1199
vn 0.0735 0.9972 -0.0127
vn 0.0622 0.9972 0.0422
vn 0.0399 0.9950 0.0917
vn 0.0163 0.9726 0.2320
vn 0.0251 0.8025 0.5961
vn 0.0841 0.9020 -0.4235
vn 0.0360 0.9412 -0.3358
vn -0.0057 0.9655 -0.2605
vn -0.0600 0.9703 -0.2345
vn -0.1169 0.9802 -0.1595
vn -0.1575 0.9869 -0.0336
vn -0.1851 0.9826 0.0148
vn -0.2208 0.9736 0.0578
vn -0.2764 0.9427 0.1868
vn -0.3376 0.7626 0.5518
vn -0.3641 0.9288 -0.0691
vn -0.3900 0.9205 -0.0257
vn -0.4586 0.8886 0.0027
vn -0.5489 0.8275 0.1182
vn -0.0322 0.8662 -0.4987
vn -0.1061 0.9120 -0.3962
vn -0.1705 0.9300 -0.3255
vn -0.2317 0.9290 -0.2885
vn -0.2869 0.9357 -0.2051
vn -0.3999 0.8808 -0.2534
vn -0.3742 0.9115 -0.1708
vn -0.4525 0.8855 -0.1053
vn -0.5108 0.8568 -0.0706
vn -0.5621 0.8249 -0.0605
vn -0.6137 0.7893 0.0184
vn -0.6428 0.7574 0.1147
vn -0.6842 0.7287 -0.0292
vn -0.1159 0.8093 -0.5759
vn -0.1969 0.7797 -0.5944
vn -0.2073 0.8531 -0.4789
vn -0.2769 0.8762 -0.3945
vn -0.3368 0.8771 -0.3424
vn -0.3931 0.8349 -0.3852
vn -0.4018 0.8562 -0.3247
vn -0.4603 0.8403 -0.2864
vn -0.5068 0.8477 -0.1567
vn -0.5526 0.8263 -0.1089
vn -0.5958 0.7971 -0.0983
vn -0.5798 0.7920 -0.1913
vn -0.6029 0.7855 -0.1394
vn -0.6232 0.7702 -0.1359
vn -0.6373 0.7622 -0.1133
vn -0.6597 0.7471 -0.0813
vn -0.2519 0.7581 -0.6016
vn -0.3215 0.8313 -0.4534
vn -0.3755 0.7857 -0.4916
vn -0.3810 0.8148 -0.4369
vn -0.4279 0.8035 -0.4139
vn -0.4817 0.8062 -0.3435
vn -0.4955 0.7784 -0.3855
vn -0.5366 0.7885 -0.3006
vn -0.5711 0.7908 -0.2202
vn -0.6140 0.7719 -0.1648
vn -0.6405 0.7518 -0.1566
vn -0.6627 0.7399 -0.1154
vn -0.6024 0.7599 -0.2444
vn -0.6210 0.7625 -0.1816
vn -0.6237 0.7642 -0.1645
vn -0.6232 0.7716 -0.1274
vn -0.6534 0.7519 -0.0881
vn 0.4909 0.2054 0.8467
vn 0.2238 -0.0974 0.9698
vn 0.5117 0.7063 0.4892
vn 0.5449 0.4722 0.6929
vn 0.4906 0.6122 0.6200
vn 0.4127 0.3302 0.8489
vn 0.4579 0.8367 0.3004
vn 0.4336 0.8710 0.2310
vn 0.4737 0.8021 0.3637
vn 0.5600 0.2903 0.7760
vn 0.4861 0.7915 0.3704
vn 0.4837 0.6304 0.6071
vn 0.5029 0.6925 0.5173
vn 0.5277 0.5487 0.6484
vn 0.4724 0.3742 0.7980
vn 0.4433 0.5423 0.7138
vn 0.4452 0.3007 0.8434
vn 0.2904 0.7625 0.5782
vn 0.3527 0.8274 0.4371
vn 0.4203 0.6993 0.5782
vn 0.0354 0.7678 0.6397
vn -0.0136 0.3973 0.9176
vn -0.5892 0.4210 0.6896
vn -0.4154 0.7335 0.5380
vn -0.5936 0.6016 0.5346
vn -0.7379 0.4104 0.5358
vn -0.8924 0.3545 0.2791
vn -0.9242 0.3172 0.2129
vn -0.9271 0.3017 0.2223
vn -0.6462 0.6741 0.3578
vn -0.7696 0.5490 0.3261
vn -0.8639 0.4536 0.2190
vn -0.8966 0.4018 0.1861
vn -0.8950 0.3758 0.2403
vn -0.9054 0.3319 0.2647
vn -0.8635 0.3693 0.3436
vn -0.8343 0.3522 0.4242
vn -0.7079 0.6593 0.2535
vn -0.7976 0.5666 0.2069
vn -0.8455 0.5077 0.1655
vn -0.8535 0.4881 0.1823
vn -0.8759 0.4345 0.2100
vn -0.8311 0.4870 0.2686
vn -0.8237 0.4680 0.3201
vn -0.8079 0.4372 0.3951
vn -0.7185 0.6854 0.1179
vn -0.7761 0.6166 0.1321
vn -0.8045 0.5759 0.1451
vn -0.8065 0.5587 0.1934
vn -0.7872 0.5598 0.2586
vn -0.7104 0.7020 0.0501
vn -0.7873 0.3714 0.4922
vn -0.7358 0.3946 0.5503
vn -0.7568 0.5663 0.3263
vn -0.7322 0.5517 0.3994
vn -0.7431 0.4545 0.4912
vn -0.7146 0.4602 0.5268
vn -0.7482 0.6557 0.1006
vn -0.7606 0.6352 0.1344
vn -0.7551 0.6243 0.2002
vn -0.7370 0.6186 0.2723
vn -0.7467 0.5944 0.2985
vn -0.7029 0.6231 0.3430
vn -0.6847 0.6077 0.4023
vn -0.6842 0.7292 0.0118
vn -0.7159 0.6958 0.0584
vn -0.6940 0.7143 0.0899
vn -0.6950 0.7078 0.1267
vn -0.7018 0.6857 0.1930
vn -0.6985 0.6608 0.2746
vn -0.6974 0.7166 0.0037
vn -0.6800 0.5334 0.5031
vn -0.6874 0.4513 0.5690
vn -0.6640 0.6590 0.3533
vn -0.6502 0.6511 0.3915
vn -0.6604 0.6082 0.4404
vn -0.6419 0.6020 0.4749
vn -0.6675 0.7384 0.0955
vn -0.6545 0.7454 0.1264
vn -0.6459 0.7420 0.1794
vn -0.6444 0.7182 0.2626
vn -0.6646 0.6683 0.3341
vn -0.6400 0.6770 0.3633
vn -0.6260 0.6732 0.3937
vn -0.6153 0.7883 0.0032
vn -0.6571 0.7492 0.0833
vn -0.6313 0.7688 0.1022
vn -0.6250 0.7695 0.1316
vn -0.6287 0.7590 0.1694
vn -0.6376 0.7304 0.2448
vn -0.7085 0.3780 0.5959
vn -0.6827 0.4182 0.5992
vn -0.6816 0.3731 0.6294
vn -0.6682 0.3725 0.6440
vn -0.6684 0.4446 0.5962
vn -0.6621 -0.2750 0.6971
vn -0.6555 -0.2643 0.7074
vn -0.6586 -0.2276 0.7172
vn -0.6476 -0.1472 0.7477
vn -0.6582 -0.0857 0.7480
vn -0.6612 -0.0424 0.7490
vn -0.6661 -0.0385 0.7449
vn -0.6574 0.0283 0.7530
vn -0.6641 0.0311 0.7470
vn -0.6711 0.1347 0.7291
vn -0.6570 0.1081 0.7461
vn -0.6840 0.1737 0.7085
vn -0.6451 0.1743 0.7440
vn -0.6624 0.2749 0.6969
vn -0.6282 0.2759 0.7275
vn -0.6541 -0.2447 0.7158
vn -0.6542 -0.2283 0.7210
vn -0.6564 -0.1565 0.7380
vn -0.6472 -0.1490 0.7476
vn -0.6595 -0.0960 0.7455
vn -0.6417 -0.0949 0.7611
vn -0.6510 -0.0707 0.7558
vn -0.6274 -0.0310 0.7781
vn -0.6329 0.0888 0.7691
vn -0.6165 0.0395 0.7864
vn -0.6423 0.1222 0.7567
vn -0.6151 0.1251 0.7785
vn -0.6278 0.1768 0.7580
vn -0.6158 0.1768 0.7678
vn -0.5992 0.2739 0.7523
vn -0.6002 0.2770 0.7504
vn -0.6199 -0.2145 0.7548
vn -0.5840 -0.1978 0.7873
vn -0.6246 -0.1361 0.7690
vn -0.5767 -0.1235 0.8075
vn -0.6261 -0.0863 0.7750
vn -0.5714 -0.0817 0.8166
vn -0.6248 -0.0245 0.7804
vn -0.5676 -0.0160 0.8231
vn -0.6107 0.0540 0.7900
vn -0.5533 0.0684 0.8302
vn -0.5937 0.1201 0.7957
vn -0.5424 0.1216 0.8313
vn -0.5731 0.1764 0.8003
vn -0.5405 0.1791 0.8221
vn -0.5419 0.3681 0.7556
vn -0.5395 0.2788 0.7945
vn -0.5314 0.2810 0.7992
vn -0.5087 -0.1828 0.8413
vn -0.5125 -0.1199 0.8503
vn -0.5190 -0.0793 0.8511
vn -0.4942 -0.0722 0.8663
vn -0.5163 -0.0057 0.8564
vn -0.4907 0.0040 0.8713
vn -0.5011 0.0789 0.8618
vn -0.4744 0.0819 0.8765
vn -0.4850 0.1285 0.8650
vn -0.4639 0.1817 0.8671
vn -0.4486 0.3870 0.8056
vn -0.4400 0.2793 0.8535
vn -0.5023 -0.1816 0.8454
vn -0.4827 -0.1614 0.8608
vn -0.4954 -0.1273 0.8593
vn -0.4686 -0.1206 0.8752
vn -0.4781 -0.1015 0.8724
vn -0.4524 -0.0626 0.8896
vn -0.4374 0.0164 0.8991
vn -0.4451 0.1190 0.8876
vn -0.4308 0.0874 0.8982
vn -0.4536 0.1444 0.8795
vn -0.4328 0.1430 0.8901
vn -0.4347 0.2055 0.8768
vn -0.4324 0.2074 0.8775
vn -0.4073 0.3961 0.8229
vn -0.4060 0.3150 0.8579
vn -0.4267 -0.1499 0.8919
vn -0.4402 -0.1155 0.8904
vn -0.4407 -0.0573 0.8958
vn -0.4024 -0.0475 0.9142
vn -0.4257 0.0304 0.9044
vn -0.3916 0.0412 0.9192
vn -0.4095 0.1023 0.9065
vn -0.3922 0.1382 0.9094
vn -0.3908 0.2810 0.8766
vn -0.3737 0.1990 0.9060
vn -0.3943 0.3515 0.8491
vn -0.3404 0.3495 0.8729
vn -0.3580 -0.1638 0.9193
vn -0.2694 -0.1488 0.9515
vn -0.3765 -0.1280 0.9175
vn -0.2744 -0.1208 0.9540
vn -0.3335 -0.0993 0.9375
vn -0.2583 -0.0375 0.9653
vn -0.3093 0.0976 0.9459
vn -0.2509 0.0480 0.9668
vn -0.3484 0.1211 0.9295
vn -0.2555 0.1160 0.9598
vn -0.3314 0.1531 0.9310
vn -0.2546 0.1393 0.9570
vn -0.3057 0.2253 0.9251
vn -0.2959 0.3969 0.8689
vn -0.2811 0.3311 0.9007
vn -0.2261 -0.1350 0.9647
vn -0.2237 -0.1094 0.9685
vn -0.2243 -0.0346 0.9739
vn -0.2184 0.0559 0.9743
vn -0.2125 0.1071 0.9713
vn -0.2362 0.1689 0.9569
vn -0.2135 0.1242 0.9690
vn -0.2640 0.2445 0.9330
vn -0.2298 0.2135 0.9495
vn -0.2487 0.3484 0.9038
vn -0.2768 0.6989 -0.6594
vn -0.3358 0.7406 -0.5820
vn -0.4000 0.7608 -0.5110
vn -0.4414 0.7791 -0.4452
vn -0.4762 0.7475 -0.4630
vn -0.4753 0.7655 -0.4337
vn -0.5090 0.7594 -0.4052
vn -0.5125 0.7505 -0.4172
vn -0.5326 0.7628 -0.3666
vn -0.5542 0.7847 -0.2777
vn -0.5908 0.7840 -0.1904
vn -0.6026 0.7817 -0.1606
vn -0.6040 0.7885 -0.1161
vn -0.5900 0.7842 -0.1923
vn -0.5846 0.7968 -0.1527
vn -0.5824 0.8052 -0.1118
vn -0.2930 0.6419 -0.7086
vn -0.3496 0.6118 -0.7095
vn -0.3565 0.6749 -0.6461
vn -0.4144 0.7189 -0.5580
vn -0.4619 0.6800 -0.5694
vn -0.4654 0.7203 -0.5143
vn -0.4916 0.7351 -0.4668
vn -0.5112 0.7223 -0.4658
vn -0.5050 0.7375 -0.4485
vn -0.5173 0.7473 -0.4170
vn -0.5460 0.7740 -0.3207
vn -0.5287 0.7833 -0.3271
vn -0.5582 0.7869 -0.2630
vn -0.5513 0.8118 -0.1923
vn -0.5556 0.8189 -0.1440
vn -0.5552 0.8245 -0.1094
vn -0.5396 0.8358 -0.1016
vn -0.4053 0.5877 -0.7002
vn -0.4365 0.5797 -0.6880
vn -0.4434 0.6327 -0.6349
vn -0.4811 0.6737 -0.5609
vn -0.5104 0.6642 -0.5462
vn -0.5013 0.7020 -0.5059
vn -0.5092 0.7313 -0.4539
vn -0.5108 0.7475 -0.4247
vn -0.4980 0.7640 -0.4102
vn -0.5070 0.7738 -0.3797
vn -0.5123 0.7978 -0.3180
vn -0.5410 0.8133 -0.2141
vn -0.5540 0.8200 -0.1440
vn -0.5263 0.7866 -0.3229
vn -0.5420 0.8113 -0.2190
vn -0.5427 0.8293 -0.1330
vn -0.5414 0.8333 -0.1119
vn -0.5271 0.8450 -0.0902
vn -0.4789 0.5692 -0.6684
vn -0.5255 0.5678 -0.6336
vn -0.5024 0.6197 -0.6030
vn -0.5161 0.6888 -0.5091
vn -0.5139 0.7307 -0.4495
vn -0.5581 0.6792 -0.4766
vn -0.5331 0.7330 -0.4224
vn -0.5079 0.7526 -0.4192
vn -0.5037 0.7672 -0.3971
vn -0.5294 0.7575 -0.3820
vn -0.5044 0.7771 -0.3764
vn -0.5157 0.7916 -0.3276
vn -0.5367 0.8164 -0.2131
vn -0.5456 0.8293 -0.1204
vn -0.5368 0.8400 -0.0790
vn -0.5597 0.8026 -0.2063
vn -0.5514 0.8275 -0.1064
vn -0.5289 0.8466 -0.0595
vn -0.5684 0.5695 -0.5938
vn -0.6023 0.5781 -0.5504
vn -0.5750 0.6307 -0.5212
vn -0.5807 0.6924 -0.4282
vn -0.5651 0.7234 -0.3967
vn -0.6117 0.6801 -0.4041
vn -0.5979 0.7105 -0.3711
vn -0.5658 0.7337 -0.3762
vn -0.5610 0.7474 -0.3559
vn -0.5462 0.7704 -0.3290
vn -0.5674 0.7552 -0.3283
vn -0.5392 0.7865 -0.3011
vn -0.5254 0.8011 -0.2866
vn -0.4937 0.8487 -0.1897
vn -0.4944 0.8642 -0.0933
vn -0.4851 0.8737 -0.0369
vn -0.6163 0.6014 -0.5084
vn -0.5888 0.6480 -0.4830
vn -0.6023 0.6645 -0.4423
vn -0.5985 0.6997 -0.3902
vn -0.5974 0.7203 -0.3526
vn -0.5541 0.7659 -0.3261
vn -0.5669 0.7565 -0.3262
vn -0.5153 0.8084 -0.2845
vn -0.4833 0.8361 -0.2597
vn -0.4749 0.8587 -0.1926
vn -0.4758 0.8746 -0.0929
vn -0.4669 0.8841 -0.0201
vn -0.5447 0.7006 -0.4610
vn -0.5506 0.7310 -0.4031
vn -0.4869 0.7853 -0.3825
vn -0.5223 0.7771 -0.3513
vn -0.4898 0.8180 -0.3015
vn -0.4805 0.8375 -0.2603
vn -0.4645 0.8511 -0.2446
vn -0.4913 0.7348 -0.4676
vn -0.4432 0.7817 -0.4387
vn -0.4661 0.7861 -0.4061
vn -0.4525 0.8113 -0.3701
vn -0.4652 0.8288 -0.3108
vn -0.6098 0.6479 0.4564
vn -0.6225 0.5953 0.5080
vn -0.6214 0.6915 0.3684
vn -0.6046 0.6852 0.4061
vn -0.6015 0.6789 0.4210
vn -0.5666 0.6868 0.4553
vn -0.6127 0.7903 -0.0063
vn -0.6186 0.7798 0.0957
vn -0.6167 0.7756 0.1348
vn -0.6069 0.7780 0.1627
vn -0.5975 0.7673 0.2327
vn -0.6131 0.7272 0.3086
vn -0.5852 0.7290 0.3552
vn -0.5963 0.8025 -0.0206
vn -0.6119 0.7865 0.0832
vn -0.6141 0.7769 0.1387
vn -0.6035 0.7792 0.1692
vn -0.5636 0.7055 0.4296
vn -0.5395 0.7007 0.4669
vn -0.5271 0.6893 0.4971
vn -0.5723 0.7785 0.2578
vn -0.5523 0.7611 0.3400
vn -0.5615 0.7278 0.3937
vn -0.5398 0.7249 0.4281
vn -0.5254 0.7055 0.4757
vn -0.5683 0.8219 -0.0384
vn -0.5871 0.8068 0.0657
vn -0.5888 0.7957 0.1417
vn -0.5720 0.7978 0.1905
vn -0.5683 0.7953 0.2110
vn -0.5251 0.8065 0.2717
vn -0.5201 0.7886 0.3280
vn -0.5477 0.8351 -0.0515
vn -0.5692 0.8211 0.0432
vn -0.5764 0.8056 0.1370
vn -0.5202 0.7427 0.4216
vn -0.4980 0.7189 0.4850
vn -0.4836 0.7018 0.5231
vn -0.5384 0.8121 0.2252
vn -0.5081 0.8161 0.2752
vn -0.4952 0.8114 0.3106
vn -0.5092 0.7829 0.3575
vn -0.4872 0.7769 0.3989
vn -0.5199 0.8524 -0.0562
vn -0.5219 0.8526 0.0261
vn -0.5253 0.8402 0.1345
vn -0.5455 0.8152 0.1946
vn -0.5081 0.8260 0.2440
vn -0.4942 0.8222 0.2825
vn -0.4651 0.7269 0.5052
vn -0.4640 0.7054 0.5359
vn -0.4726 0.8204 0.3219
vn -0.4555 0.8030 0.3845
vn -0.4596 0.7631 0.4544
vn -0.4486 0.7468 0.4909
vn -0.5219 0.8516 -0.0497
vn -0.5171 0.8556 0.0230
vn -0.5144 0.8458 0.1417
vn -0.4998 0.8309 0.2446
vn -0.4871 0.8242 0.2888
vn -0.4811 0.8220 0.3047
vn -0.4650 0.8217 0.3294
vn -0.5029 0.8637 -0.0326
vn -0.4903 0.8713 0.0207
vn -0.4974 0.8577 0.1299
vn -0.4988 0.8335 0.2377
vn -0.4408 0.8039 0.3993
vn -0.4329 0.7706 0.4678
vn -0.4404 0.7301 0.5224
vn -0.4741 0.8257 0.3057
vn -0.4531 0.8241 0.3399
vn -0.4412 0.8212 0.3618
vn -0.4222 0.8159 0.3950
vn -0.4634 0.8861 -0.0114
vn -0.4489 0.8933 0.0231
vn -0.4491 0.8865 0.1114
vn -0.4591 0.8611 0.2184
vn -0.4810 0.8288 0.2858
vn -0.4640 0.8289 0.3125
vn -0.4289 0.7748 0.4646
vn -0.4255 0.8280 0.3651
vn -0.4093 0.8249 0.3900
vn -0.4120 0.8133 0.4109
vn -0.3995 0.8047 0.4392
vn -0.4500 0.8930 0.0051
vn -0.4404 0.8974 0.0272
vn -0.4471 0.8889 0.1001
vn -0.4566 0.8637 0.2133
vn -0.4453 0.8361 0.3205
vn -0.4364 0.8294 0.3487
vn -0.4044 0.8327 0.3782
vn -0.3785 0.8343 0.4009
vn -0.3688 0.8292 0.4200
vn -0.3754 0.7880 0.4880
vn -0.4124 0.8405 0.3515
vn -0.3843 0.8374 0.3887
vn -0.3785 0.8378 0.3935
vn -0.3570 0.8418 0.4049
vn -0.3446 0.8361 0.4268
vn -0.3560 0.8427 0.4039
vn -0.3478 0.8437 0.4089
vn -0.3451 0.8429 0.4127
vn -0.3432 0.8386 0.4230
vn -0.6357 0.4170 0.6497
vn -0.6322 0.3749 0.6781
vn -0.6079 0.3761 0.6994
vn -0.6353 0.4999 0.5886
vn -0.6396 0.4414 0.6294
vn -0.6081 0.4450 0.6574
vn -0.5725 0.5892 0.5701
vn -0.5728 0.4256 0.7005
vn -0.5708 0.3831 0.7262
vn -0.5656 0.5064 0.6509
vn -0.5754 0.4481 0.6842
vn -0.5546 0.4476 0.7015
vn -0.5319 0.6457 0.5478
vn -0.5473 0.5826 0.6009
vn -0.5279 0.5750 0.6251
vn -0.4931 0.6841 0.5374
vn -0.5384 0.4098 0.7363
vn -0.4952 0.4198 0.7607
vn -0.5179 0.4965 0.6966
vn -0.5188 0.4438 0.7307
vn -0.4946 0.6307 0.5980
vn -0.5116 0.5655 0.6469
vn -0.4869 0.5520 0.6769
vn -0.4788 0.6953 0.5360
vn -0.4797 0.6810 0.5533
vn -0.4592 0.6753 0.5772
vn -0.4645 0.4431 0.7667
vn -0.4567 0.4222 0.7830
vn -0.4691 0.4612 0.7531
vn -0.4441 0.4598 0.7690
vn -0.4333 0.6151 0.6587
vn -0.4457 0.5332 0.7190
vn -0.4579 0.6996 0.5485
vn -0.4411 0.6892 0.5748
vn -0.4322 0.6689 0.6047
vn -0.4481 0.7041 0.5508
vn -0.4177 0.4319 0.7994
vn -0.3851 0.4159 0.8238
vn -0.4152 0.5022 0.7585
vn -0.4137 0.4517 0.7904
vn -0.4008 0.6326 0.6627
vn -0.4087 0.5569 0.7230
vn -0.3981 0.5487 0.7352
vn -0.4135 0.6875 0.5970
vn -0.4007 0.6735 0.6212
vn -0.3748 0.6604 0.6507
vn -0.4355 0.7106 0.5527
vn -0.4285 0.6975 0.5743
vn -0.3946 0.6894 0.6075
vn -0.4301 0.7185 0.5466
vn -0.3716 0.4243 0.8258
vn -0.3677 0.4130 0.8332
vn -0.3868 0.4577 0.8006
vn -0.3452 0.4434 0.8272
vn -0.3716 0.5966 0.7113
vn -0.3730 0.5283 0.7628
vn -0.3626 0.6747 0.6429
vn -0.3665 0.6531 0.6627
vn -0.3476 0.6353 0.6896
vn -0.3773 0.6906 0.6170
vn -0.3641 0.6855 0.6304
vn -0.4120 0.7326 0.5419
vn -0.3933 0.7029 0.5927
vn -0.3028 0.4276 0.8517
vn -0.2584 0.4198 0.8701
vn -0.3131 0.4666 0.8272
vn -0.2945 0.4252 0.8559
vn -0.3339 0.5351 0.7760
vn -0.2949 0.4994 0.8146
vn -0.3256 0.6841 0.6527
vn -0.3125 0.6743 0.6691
vn -0.3139 0.6166 0.7220
vn -0.3426 0.6853 0.6427
vn -0.3331 0.6899 0.6427
vn -0.3033 0.6896 0.6576
vn -0.3764 0.7342 0.5650
vn -0.3630 0.6966 0.6189
vn -0.3251 0.6858 0.6511
vn -0.3548 0.7592 0.5456
vn -0.2414 0.4269 0.8715
vn -0.2336 0.4103 0.8815
vn -0.2508 0.4237 0.8704
vn -0.2844 0.5317 0.7978
vn -0.2619 0.4529 0.8522
vn -0.2930 0.6808 0.6713
vn -0.2988 0.6264 0.7200
vn -0.2997 0.6856 0.6634
vn -0.2926 0.6882 0.6639
vn -0.3225 0.6834 0.6550
vn -0.3095 0.6766 0.6682
vn -0.3339 0.7945 0.5073
vn -0.3296 0.7292 0.5997
vn -0.4701 0.8627 -0.1864
vn -0.4819 0.8717 -0.0891
vn -0.4773 0.8787 -0.0082
vn -0.4663 0.8512 -0.2409
vn -0.4534 0.8611 -0.2302
vn -0.4496 0.8645 -0.2247
vn -0.4433 0.8763 -0.1884
vn -0.4567 0.8845 -0.0954
vn -0.4667 0.8844 -0.0033
vn -0.4325 0.8492 -0.3031
vn -0.4562 0.8499 -0.2637
vn -0.4401 0.8686 -0.2278
vn -0.4344 0.8743 -0.2163
vn -0.4312 0.8811 -0.1941
vn -0.4376 0.8929 -0.1065
vn -0.4403 0.8979 -0.0014
vn -0.3901 0.9030 -0.1802
vn -0.3914 0.9148 -0.1000
vn -0.3850 0.9229 0.0042
vn -0.4646 0.8853 0.0178
vn -0.4544 0.8903 0.0308
vn -0.4613 0.8834 0.0825
vn -0.4696 0.8606 0.1970
vn -0.4566 0.8891 0.0319
vn -0.4344 0.8996 0.0440
vn -0.4096 0.9087 0.0811
vn -0.3907 0.9018 0.1845
vn -0.4161 0.8578 0.3017
vn -0.3823 0.8535 0.3541
vn -0.4258 0.9035 0.0491
vn -0.4017 0.9135 0.0645
vn -0.3819 0.9191 0.0970
vn -0.3701 0.9084 0.1943
vn -0.3580 0.8707 0.3371
vn -0.3641 0.8436 0.3946
vn -0.3605 0.8390 0.4075
vn -0.3734 0.9256 0.0613
vn -0.3628 0.9288 0.0758
vn -0.3659 0.9258 0.0953
vn -0.3875 0.9053 0.1738
vn -0.2189 -0.1348 0.9664
vn -0.2196 -0.1093 0.9694
vn -0.2192 -0.0311 0.9752
vn -0.2139 0.0635 0.9748
vn -0.2099 0.1075 0.9718
vn -0.2083 0.1253 0.9700
vn -0.2247 0.2741 0.9351
vn -0.2068 0.1791 0.9619
vn -0.2387 0.3621 0.9010
vn -0.2270 0.3300 0.9163
vn -0.2104 -0.1355 0.9682
vn -0.2156 -0.1141 0.9698
vn -0.2199 -0.0267 0.9751
vn -0.2360 -0.0249 0.9714
vn -0.2128 0.0733 0.9744
vn -0.2050 0.1087 0.9727
vn -0.2043 0.1263 0.9707
vn -0.2045 0.1796 0.9623
vn -0.2248 0.3681 0.9022
vn -0.2055 0.2819 0.9372
vn -0.1742 -0.1384 0.9749
vn -0.1847 -0.1284 0.9744
vn -0.1359 -0.1185 0.9836
vn -0.1691 -0.1116 0.9793
vn -0.1698 0.0680 0.9831
vn -0.1204 -0.0192 0.9925
vn -0.1890 0.0905 0.9778
vn -0.1334 0.0820 0.9877
vn -0.1746 0.1155 0.9778
vn -0.1686 0.1269 0.9775
vn -0.1675 0.1796 0.9694
vn -0.1952 0.3649 0.9104
vn -0.1695 0.2775 0.9457
vn -0.1117 -0.1418 0.9836
vn -0.1013 -0.1358 0.9855
vn -0.0820 -0.0945 0.9921
vn -0.0808 -0.0155 0.9966
vn -0.1040 0.1015 0.9894
vn -0.0819 0.0637 0.9946
vn -0.1163 0.1217 0.9857
vn -0.0801 0.1094 0.9908
vn -0.1122 0.1274 0.9855
vn -0.1165 0.1770 0.9773
vn -0.1208 0.2771 0.9532
vn -0.0751 -0.1396 0.9874
vn -0.0636 -0.1315 0.9893
vn -0.0697 -0.1294 0.9891
vn -0.0609 -0.0967 0.9934
vn -0.0612 -0.0178 0.9980
vn -0.0626 0.0652 0.9959
vn -0.0671 0.1150 0.9911
vn -0.0613 0.1012 0.9930
vn -0.0739 0.1260 0.9893
vn -0.0799 0.1708 0.9821
vn -0.0842 0.2727 0.9584
vn -0.0581 -0.1246 0.9905
vn -0.0582 -0.0998 0.9933
vn -0.0581 -0.0209 0.9981
vn -0.0579 0.0668 0.9961
vn -0.0612 0.1117 0.9919
vn -0.0586 0.1022 0.9930
vn -0.0656 0.1226 0.9903
vn -0.0618 0.1149 0.9915
vn -0.0689 0.1663 0.9837
vn -0.0730 0.2696 0.9602
vn -0.0554 -0.1237 0.9908
vn -0.0548 -0.1007 0.9934
vn -0.0558 -0.0217 0.9982
vn -0.0573 0.0671 0.9961
vn -0.0583 0.1023 0.9930
vn -0.0618 0.1184 0.9910
vn -0.0588 0.1091 0.9923
vn -0.0723 0.1672 0.9833
vn -0.0740 0.2717 0.9595
vn -0.0424 -0.1237 0.9914
vn -0.0431 -0.1017 0.9939
vn -0.0439 -0.0233 0.9988
vn -0.0447 0.0661 0.9968
vn -0.0454 0.1019 0.9938
vn -0.0518 0.1160 0.9919
vn -0.0460 0.1075 0.9931
vn -0.0638 0.1714 0.9831
vn -0.0444 0.1400 0.9892
vn -0.0595 0.2734 0.9601
vn -0.4090 0.8123 -0.4158
vn -0.4167 0.8254 -0.3810
vn -0.3796 0.8245 -0.4197
vn -0.3519 0.8392 0.4146
vn -0.3457 0.8388 0.4205
vn -0.3373 0.8249 0.4536
vn -0.3510 0.8327 0.4284
vn -0.2414 0.4171 0.8762
vn -0.2370 0.4102 0.8806
vn -0.2501 0.4135 0.8755
vn -0.2554 0.4062 0.8774
vn -0.2711 0.5375 0.7985
vn -0.2570 0.4407 0.8601
vn -0.2912 0.6808 0.6720
vn -0.2839 0.6280 0.7246
vn -0.2764 0.5818 0.7649
vn -0.3084 0.6743 0.6710
vn -0.2997 0.6811 0.6681
vn -0.2999 0.6749 0.6742
vn -0.3239 0.6797 0.6581
vn -0.3198 0.6642 0.6757
vn -0.3233 0.6600 0.6782
vn -0.3353 0.7926 0.5093
vn -0.3319 0.7180 0.6118
vn -0.3391 0.6912 0.6382
vn -0.3469 0.7991 0.4910
vn -0.2386 0.4070 0.8817
vn -0.2564 0.4029 0.8786
vn -0.2449 0.3948 0.8855
vn -0.2687 0.4377 0.8580
vn -0.2464 0.4188 0.8740
vn -0.2787 0.6141 0.7384
vn -0.2635 0.5279 0.8074
vn -0.3069 0.6627 0.6831
vn -0.2906 0.6671 0.6860
vn -0.3270 0.6489 0.6870
vn -0.3168 0.6587 0.6825
vn -0.3513 0.6974 0.6248
vn -0.3391 0.6666 0.6638
vn -0.3439 0.8177 0.4617
vn -0.3489 0.7817 0.5169
vn -0.2075 0.4057 0.8901
vn -0.1621 0.3817 0.9100
vn -0.2028 0.3930 0.8969
vn -0.2066 0.4505 0.8685
vn -0.1965 0.3938 0.8979
vn -0.2453 0.6119 0.7519
vn -0.2242 0.5272 0.8196
vn -0.2755 0.6549 0.7037
vn -0.2623 0.6599 0.7040
vn -0.2142 0.6335 0.7435
vn -0.2902 0.6469 0.7052
vn -0.2844 0.6626 0.6928
vn -0.2295 0.6634 0.7122
vn -0.3019 0.7042 0.6426
vn -0.2974 0.6678 0.6824
vn -0.2352 0.6653 0.7086
vn -0.2988 0.8285 0.4736
vn -0.3031 0.7867 0.5378
vn -0.2464 0.7524 0.6109
vn -0.1239 0.4026 0.9070
vn -0.1149 0.3568 0.9271
vn -0.1317 0.3953 0.9091
vn -0.1505 0.4431 0.8837
vn -0.1334 0.3937 0.9095
vn -0.1663 0.5370 0.8270
vn -0.1647 0.6637 0.7297
vn -0.1583 0.6017 0.7829
vn -0.1711 0.6793 0.7137
vn -0.1670 0.6620 0.7307
vn -0.1807 0.6822 0.7085
vn -0.1752 0.6609 0.7298
vn -0.2250 0.8377 0.4977
vn -0.1988 0.7981 0.5688
vn -0.1872 0.7157 0.6729
vn -0.0883 0.3951 0.9144
vn -0.0839 0.3587 0.9297
vn -0.0938 0.3921 0.9151
vn -0.1094 0.4357 0.8934
vn -0.0979 0.3919 0.9148
vn -0.1235 0.5288 0.8397
vn -0.1056 0.4742 0.8741
vn -0.1265 0.6589 0.7415
vn -0.1220 0.5968 0.7931
vn -0.1351 0.6739 0.7263
vn -0.1306 0.6681 0.7325
vn -0.1464 0.6768 0.7215
vn -0.1403 0.6647 0.7339
vn -0.1611 0.7963 0.5831
vn -0.1531 0.7165 0.6806
vn -0.0812 0.3886 0.9178
vn -0.0765 0.3594 0.9301
vn -0.0859 0.3871 0.9180
vn -0.0914 0.3867 0.9177
vn -0.1116 0.5100 0.8529
vn -0.0984 0.4214 0.9015
vn -0.1236 0.6540 0.7463
vn -0.1219 0.5965 0.7933
vn -0.1308 0.6664 0.7340
vn -0.1259 0.6673 0.7341
vn -0.1402 0.6709 0.7282
vn -0.1361 0.6620 0.7370
vn -0.1510 0.7819 0.6049
vn -0.1440 0.7136 0.6856
vn -0.0829 0.3831 0.9200
vn -0.0761 0.3576 0.9308
vn -0.0874 0.3826 0.9198
vn -0.0845 0.3789 0.9216
vn -0.0899 0.3822 0.9197
vn -0.1072 0.5025 0.8579
vn -0.0933 0.4075 0.9084
vn -0.1221 0.6528 0.7476
vn -0.1195 0.5989 0.7918
vn -0.1335 0.6592 0.7400
vn -0.1267 0.6620 0.7388
vn -0.1390 0.6707 0.7286
vn -0.1380 0.6589 0.7395
vn -0.1456 0.7666 0.6254
vn -0.1415 0.7089 0.6910
vn -0.1334 0.6892 0.7122
vn -0.0617 0.3535 0.9334
vn -0.0668 0.3855 0.9203
vn -0.0633 0.3689 0.9273
vn -0.0697 0.3806 0.9221
vn -0.0827 0.4894 0.8681
vn -0.0723 0.4031 0.9123
vn -0.0965 0.6519 0.7522
vn -0.0931 0.6016 0.7934
vn -0.1183 0.6499 0.7508
vn -0.1045 0.6543 0.7490
vn -0.1198 0.6639 0.7381
vn -0.1025 0.6567 0.7472
vn -0.1291 0.7581 0.6392
vn -0.1068 0.7134 0.6925
vn -0.1078 0.6705 0.7341
vn -0.3791 0.8481 -0.3701
vn -0.4062 0.8480 -0.3404
vn -0.3954 0.8714 -0.2905
vn -0.4052 0.8849 -0.2297
vn -0.4023 0.8911 -0.2098
vn -0.3777 0.9003 -0.2163
vn -0.3668 0.9098 -0.1940
vn -0.3761 0.9064 -0.1921
vn -0.3519 0.9207 -0.1689
vn -0.3540 0.9301 -0.0981
vn -0.3640 0.9314 0.0047
vn -0.3661 0.8397 -0.4011
vn -0.3677 0.8465 -0.3850
vn -0.3614 0.8591 -0.3625
vn -0.3742 0.8755 -0.3059
vn -0.3567 0.8862 -0.2957
vn -0.3698 0.8945 -0.2513
vn -0.3574 0.9119 -0.2019
vn -0.3530 0.9179 -0.1814
vn -0.3488 0.9220 -0.1681
vn -0.3540 0.9291 -0.1070
vn -0.3657 0.9307 -0.0029
vn -0.3712 0.9221 -0.1096
vn -0.3850 0.9229 -0.0098
vn -0.3485 0.8560 -0.3819
vn -0.3509 0.8618 -0.3663
vn -0.3345 0.8723 -0.3567
vn -0.3457 0.8768 -0.3342
vn -0.3420 0.8963 -0.2822
vn -0.3554 0.9108 -0.2099
vn -0.3609 0.9159 -0.1756
vn -0.3569 0.9192 -0.1662
vn -0.3441 0.9240 -0.1668
vn -0.3391 0.9272 -0.1591
vn -0.3446 0.9266 -0.1503
vn -0.3286 0.9380 -0.1104
vn -0.3295 0.9440 -0.0152
vn -0.3255 0.8611 -0.3907
vn -0.2940 0.8752 -0.3842
vn -0.3196 0.8739 -0.3664
vn -0.3074 0.8864 -0.3461
vn -0.3242 0.8962 -0.3030
vn -0.3419 0.9126 -0.2240
vn -0.2813 0.9373 -0.2056
vn -0.3140 0.9318 -0.1820
vn -0.2773 0.9488 -0.1512
vn -0.2739 0.9511 -0.1428
vn -0.2736 0.9545 -0.1183
vn -0.2723 0.9621 -0.0171
vn -0.2265 0.9042 -0.3620
vn -0.2386 0.9033 -0.3565
vn -0.2591 0.9084 -0.3281
vn -0.1954 0.9345 -0.2975
vn -0.2376 0.9393 -0.2475
vn -0.2065 0.9622 -0.1777
vn -0.2063 0.9670 -0.1497
vn -0.2034 0.9691 -0.1394
vn -0.1997 0.9729 -0.1164
vn -0.1965 0.9804 -0.0158
vn -0.1726 0.9140 -0.3672
vn -0.1746 0.9144 -0.3652
vn -0.1671 0.9254 -0.3403
vn -0.1585 0.9509 -0.2660
vn -0.1691 0.9683 -0.1840
vn -0.1715 0.9742 -0.1466
vn -0.1670 0.9765 -0.1364
vn -0.1660 0.9794 -0.1149
vn -0.1669 0.9859 -0.0155
vn -0.1958 0.9805 -0.0163
vn -0.1564 0.9154 -0.3708
vn -0.1579 0.9178 -0.3644
vn -0.1471 0.9242 -0.3525
vn -0.1545 0.9273 -0.3411
vn -0.1478 0.9497 -0.2760
vn -0.1578 0.9682 -0.1942
vn -0.1644 0.9758 -0.1444
vn -0.1623 0.9778 -0.1322
vn -0.1639 0.9791 -0.1205
vn -0.1457 0.9829 -0.1130
vn -0.1549 0.9837 -0.0909
vn -0.1298 0.9914 -0.0155
vn -0.1177 0.9196 -0.3748
vn -0.1157 0.9197 -0.3751
vn -0.1125 0.9360 -0.3334
vn -0.1217 0.9507 -0.2851
vn -0.1352 0.9688 -0.2076
vn -0.1536 0.9764 -0.1517
vn -0.1583 0.9792 -0.1272
vn -0.1463 0.9788 -0.1434
vn -0.1308 0.9853 -0.1095
vn -0.1343 0.9842 -0.1153
vn -0.1100 0.9895 -0.0937
vn -0.1088 0.9938 -0.0245
vn -0.3885 0.8550 0.3436
vn -0.3749 0.8294 0.4142
vn -0.3626 0.8328 0.4182
vn -0.3622 0.8304 0.4234
vn -0.3640 0.9289 0.0681
vn -0.3562 0.9307 0.0829
vn -0.3465 0.9336 0.0915
vn -0.3448 0.9279 0.1419
vn -0.3749 0.8906 0.2573
vn -0.3804 0.8693 0.3157
vn -0.3750 0.8245 0.4239
vn -0.3659 0.8240 0.4325
vn -0.3576 0.8313 0.4256
vn -0.3407 0.8327 0.4365
vn -0.3698 0.9264 0.0712
vn -0.3645 0.9267 0.0916
vn -0.3543 0.9297 0.1003
vn -0.3458 0.9268 0.1466
vn -0.3455 0.8986 0.2704
vn -0.3711 0.8494 0.3753
vn -0.3540 0.8403 0.4106
vn -0.3800 0.9222 0.0716
vn -0.3187 0.8345 0.4494
vn -0.2987 0.8456 0.4424
vn -0.2967 0.8388 0.4565
vn -0.3639 0.9261 0.0996
vn -0.3546 0.9285 0.1099
vn -0.3462 0.9256 0.1528
vn -0.3297 0.9013 0.2809
vn -0.3077 0.8674 0.3911
vn -0.3181 0.8398 0.4399
vn -0.3369 0.9388 0.0720
vn -0.3557 0.9297 0.0954
vn -0.3302 0.9378 0.1071
vn -0.3198 0.9405 0.1145
vn -0.3136 0.9384 0.1453
vn -0.2460 0.8467 0.4718
vn -0.2276 0.8571 0.4622
vn -0.2277 0.8536 0.4685
vn -0.2794 0.9073 0.3142
vn -0.2467 0.8762 0.4140
vn -0.2461 0.8598 0.4474
vn -0.1943 0.8625 0.4673
vn -0.2668 0.9600 0.0851
vn -0.2517 0.9616 0.1091
vn -0.2293 0.9661 0.1185
vn -0.2139 0.9674 0.1358
vn -0.2526 0.9438 0.2132
vn -0.2123 0.9349 0.2845
vn -0.1676 0.8647 0.4736
vn -0.1840 0.8801 0.4376
vn -0.1715 0.8674 0.4672
vn -0.1679 0.8617 0.4788
vn -0.1929 0.9769 0.0918
vn -0.1838 0.9751 0.1242
vn -0.1706 0.9764 0.1326
vn -0.1595 0.9762 0.1470
vn -0.1537 0.9623 0.2242
vn -0.1735 0.9181 0.3563
vn -0.1581 0.8646 0.4770
vn -0.1677 0.8813 0.4417
vn -0.1647 0.8638 0.4761
vn -0.1609 0.8627 0.4795
vn -0.1685 0.9817 0.0889
vn -0.1662 0.9769 0.1346
vn -0.1591 0.9770 0.1418
vn -0.1500 0.9760 0.1578
vn -0.1412 0.9629 0.2298
vn -0.1588 0.9183 0.3627
vn -0.1645 0.9008 0.4019
vn -0.1917 0.9776 0.0873
vn -0.1568 0.8624 0.4813
vn -0.1600 0.8626 0.4800
vn -0.1595 0.8622 0.4809
vn -0.1517 0.8619 0.4839
vn -0.1670 0.9758 0.1411
vn -0.1605 0.9758 0.1484
vn -0.1548 0.9740 0.1653
vn -0.1515 0.9601 0.2350
vn -0.1483 0.9245 0.3510
vn -0.1575 0.8790 0.4501
vn -0.1375 0.9877 0.0745
vn -0.1640 0.9779 0.1298
vn -0.1581 0.9777 0.1386
vn -0.1204 0.8664 0.4846
vn -0.1169 0.8719 0.4755
vn -0.1171 0.8588 0.4988
vn -0.1455 0.9762 0.1607
vn -0.1296 0.9760 0.1748
vn -0.1199 0.9643 0.2362
vn -0.1141 0.9314 0.3457
vn -0.1174 0.8806 0.4591
vn -0.1131 0.9909 0.0727
vn -0.1180 0.9859 0.1184
vn -0.1418 0.9792 0.1450
vn -0.1302 0.9792 0.1556
vn -0.1886 0.8503 0.4913
vn -0.1636 0.8629 0.4782
vn -0.1624 0.8414 0.5154
vn -0.1557 0.8625 0.4815
vn -0.1550 0.8405 0.5192
vn -0.1524 0.8612 0.4849
vn -0.1498 0.8380 0.5247
vn -0.1199 0.8648 0.4876
vn -0.1324 0.8385 0.5286
vn -0.0998 0.8015 0.5896
vn -0.0000 -0.9813 -0.1924
vn -0.0000 -0.9967 -0.0815
vn -0.0000 -0.7272 -0.6864
vn -0.0000 -0.9071 -0.4209
vn -0.0000 -0.8007 -0.5991
vn -0.4066 -0.9053 -0.1227
vn -0.0000 -0.9934 -0.1144
vn -0.0000 -0.9976 0.0694
vn -0.0000 -0.9613 -0.2753
vn -0.0000 -0.7152 -0.6989
vn 0.0390 -0.9826 -0.1819
vn 0.0507 -0.9956 -0.0789
vn -0.1104 -0.9811 -0.1587
vn -0.0870 -0.7905 -0.6063
vn 0.0094 -0.9185 -0.3953
vn -0.0155 -0.7688 -0.6393
vn -0.0410 -0.7925 -0.6085
vn -0.2889 -0.9390 0.1867
vn -0.4294 -0.9031 -0.0028
vn -0.2362 -0.9703 0.0528
vn -0.4830 -0.8262 -0.2901
vn -0.1890 -0.9462 -0.2626
vn -0.1710 -0.7261 -0.6660
vn 0.0809 -0.9854 -0.1497
vn 0.1065 -0.9918 -0.0703
vn -0.0247 -0.9661 -0.2570
vn -0.1365 -0.9760 -0.1696
vn -0.1920 -0.9461 -0.2609
vn -0.0820 -0.8958 -0.4368
vn 0.0329 -0.9441 -0.3280
vn 0.0826 -0.7204 -0.6887
vn 0.0698 -0.7975 -0.5993
vn 0.1530 -0.8621 -0.4832
vn 0.1576 -0.9809 -0.1139
vn 0.1778 -0.9822 -0.0598
vn 0.0835 -0.9602 -0.2667
vn 0.0599 -0.9697 -0.2369
vn 0.1178 -0.9561 -0.2685
vn 0.1632 -0.9543 -0.2504
vn 0.2822 -0.9520 -0.1189
vn 0.2857 -0.9562 -0.0637
vn 0.1613 -0.7067 -0.6888
vn 0.2049 -0.7995 -0.5647
vn 0.1745 -0.8883 -0.4249
vn 0.2544 -0.9214 -0.2938
vn 0.2687 -0.9356 -0.2291
vn 0.2989 -0.9355 -0.1886
vn 0.3365 -0.9340 -0.1202
vn 0.3676 -0.9277 -0.0646
vn 0.2819 -0.8078 -0.5176
vn 0.2825 -0.8627 -0.4194
vn 0.3577 -0.8739 -0.3293
vn 0.3647 -0.8976 -0.2476
vn 0.3858 -0.9102 -0.1504
vn 0.4080 -0.9080 -0.0955
vn 0.4338 -0.8997 -0.0480
vn 0.3464 -0.8152 -0.4641
vn 0.3953 -0.8557 -0.3340
vn 0.4363 -0.8657 -0.2453
vn 0.4144 -0.8884 -0.1976
vn 0.4844 -0.8639 -0.1381
vn 0.5050 -0.8593 -0.0813
vn 0.5214 -0.8527 -0.0324
vn 0.4700 -0.8326 -0.2931
vn 0.5171 -0.8318 -0.2018
vn 0.5652 -0.8151 -0.1267
vn 0.6109 -0.7890 -0.0655
vn 0.6449 -0.7641 -0.0148
vn -0.0000 -0.9985 -0.0553
vn -0.0000 -0.9987 -0.0517
vn -0.0000 -0.9989 -0.0462
vn -0.0000 -0.9993 -0.0386
vn -0.0000 -0.9996 -0.0292
vn -0.0000 -0.9997 -0.0232
vn -0.0000 -0.9986 -0.0528
vn -0.0000 -0.9863 -0.1650
vn -0.0000 -0.9216 -0.3882
vn 0.0546 -0.9971 -0.0539
vn 0.0579 -0.9971 -0.0498
vn 0.0617 -0.9971 -0.0441
vn 0.0658 -0.9972 -0.0365
vn 0.0695 -0.9972 -0.0274
vn 0.0723 -0.9971 -0.0219
vn 0.0757 -0.9959 -0.0504
vn 0.0906 -0.9840 -0.1535
vn 0.1245 -0.9150 -0.3838
vn 0.1168 -0.9920 -0.0489
vn 0.1254 -0.9911 -0.0435
vn 0.1353 -0.9901 -0.0370
vn 0.1456 -0.9889 -0.0292
vn 0.1555 -0.9876 -0.0208
vn 0.1652 -0.9861 -0.0153
vn 0.1812 -0.9828 -0.0360
vn 0.2183 -0.9693 -0.1132
vn 0.1891 -0.9810 -0.0426
vn 0.1989 -0.9794 -0.0353
vn 0.2107 -0.9772 -0.0266
vn 0.2254 -0.9741 -0.0165
vn 0.2426 -0.9701 -0.0073
vn 0.2617 -0.9652 -0.0003
vn 0.2888 -0.9573 -0.0081
vn 0.3402 -0.9389 -0.0516
vn 0.2840 -0.9579 -0.0425
vn 0.2875 -0.9573 -0.0314
vn 0.2964 -0.9549 -0.0176
vn 0.3126 -0.9499 -0.0014
vn 0.3368 -0.9415 0.0128
vn 0.3700 -0.9287 0.0254
vn 0.4166 -0.9086 0.0314
vn 0.4762 -0.8793 0.0125
vn 0.3901 -0.9200 -0.0376
vn 0.4144 -0.9098 -0.0230
vn 0.4395 -0.8982 -0.0057
vn 0.4617 -0.8869 0.0144
vn 0.4831 -0.8749 0.0341
vn 0.5128 -0.8567 0.0557
vn 0.5564 -0.8276 0.0740
vn 0.6078 -0.7906 0.0741
vn 0.7081 -0.6931 0.1350
vn 0.4580 -0.8888 -0.0177
vn 0.4859 -0.8740 0.0002
vn 0.5155 -0.8567 0.0170
vn 0.5426 -0.8393 0.0339
vn 0.5674 -0.8217 0.0545
vn 0.5964 -0.7984 0.0835
vn 0.6331 -0.7669 0.1052
vn 0.5428 -0.8398 0.0051
vn 0.5717 -0.8200 0.0288
vn 0.6057 -0.7942 0.0478
vn 0.6419 -0.7641 0.0638
vn 0.6762 -0.7320 0.0827
vn 0.7090 -0.6955 0.1169
vn 0.7321 -0.6642 0.1512
vn 0.7107 -0.6865 0.1537
vn 0.7838 -0.5900 0.1939
vn 0.6682 -0.7435 0.0259
vn 0.6869 -0.7248 0.0530
vn 0.7079 -0.7020 0.0773
vn 0.7349 -0.6713 0.0969
vn 0.7588 -0.6422 0.1085
vn 0.7796 -0.6106 0.1393
vn 0.0072 -0.9839 -0.1786
vn -0.0006 -0.9872 0.1596
vn -0.0000 -0.8598 -0.5106
vn 0.0002 -0.8275 -0.5615
vn 0.0020 -0.8932 -0.4497
vn -0.0373 -0.8537 0.5195
vn -0.1310 -0.8273 0.5463
vn -0.0329 -0.8209 0.5701
vn -0.0370 -0.8290 0.5581
vn -0.1680 -0.8873 0.4295
vn -0.0231 -0.9602 0.2782
vn -0.0052 -0.9948 0.1018
vn -0.0005 -0.9991 0.0414
vn 0.0852 -0.9794 -0.1831
vn 0.0443 -0.9896 0.1367
vn -0.0072 -0.9129 0.4082
vn 0.1497 -0.8607 -0.4866
vn 0.1794 -0.8160 -0.5495
vn 0.1487 -0.8632 -0.4825
vn 0.2747 -0.8492 0.4511
vn -0.0515 -0.7769 0.6275
vn -0.0715 -0.8810 0.4677
vn 0.2700 -0.8766 -0.3984
vn -0.0792 -0.9209 0.3816
vn -0.0552 -0.9939 0.0953
vn -0.0683 -0.9970 0.0352
vn 0.2887 -0.9358 -0.2024
vn 0.2863 -0.9550 0.0775
vn 0.3840 -0.7822 -0.4907
vn 0.3740 -0.7655 -0.5236
vn 0.6755 -0.6826 -0.2789
vn 0.6878 -0.7242 0.0496
vn 0.4093 -0.8393 0.3578
vn 0.3478 -0.8588 0.3762
vn 0.1912 -0.9002 0.3913
vn 0.2844 -0.9229 -0.2597
vn 0.3674 -0.8107 -0.4558
vn 0.5552 -0.7358 -0.3879
vn 0.6799 -0.6780 -0.2794
vn 0.3180 -0.9113 0.2617
vn 0.0798 -0.9332 0.3504
vn -0.0013 -0.9985 0.0556
vn -0.0384 -0.9991 0.0168
vn 0.6993 -0.7147 0.0130
vn 0.5972 -0.7793 0.1899
vn 0.4418 -0.8838 -0.1539
vn 0.5886 -0.7728 -0.2373
vn 0.7301 -0.6542 -0.1976
vn 0.7749 -0.6132 -0.1535
vn 0.7864 -0.6150 -0.0586
vn 0.7082 -0.7060 -0.0030
vn 0.5136 -0.8392 0.1787
vn 0.3186 -0.9475 0.0268
vn 0.1448 -0.9888 -0.0354
vn 0.0557 -0.9982 -0.0207
vn 0.5630 -0.8257 -0.0366
vn 0.6734 -0.7334 -0.0936
vn 0.7625 -0.6383 -0.1059
vn 0.7922 -0.6034 -0.0915
vn 0.6619 -0.7337 -0.1534
vn 0.4745 -0.8571 -0.2003
vn 0.3027 -0.9367 -0.1758
vn 0.1890 -0.9778 -0.0908
vn 0.6782 -0.7329 0.0530
vn 0.7591 -0.6509 0.0133
vn 0.8128 -0.5811 -0.0403
vn 0.8131 -0.5689 -0.1235
vn 0.7792 -0.6046 -0.1652
vn 0.6920 -0.6569 -0.2993
vn 0.5675 -0.7226 -0.3948
vn 0.7632 -0.6331 0.1293
vn 0.8290 -0.5507 0.0979
vn 0.8696 -0.4937 0.0038
vn 0.8576 -0.4915 -0.1514
vn 0.7529 -0.5306 -0.3893
vn 0.3577 -0.8871 -0.2917
vn 0.2822 -0.9440 -0.1711
vn 0.5410 -0.6624 -0.5181
vn 0.4585 -0.7598 -0.4610
vn 0.4135 -0.7995 -0.4357
vn 0.8253 -0.5320 0.1897
vn 0.8681 -0.4698 0.1603
vn 0.6909 -0.5077 -0.5147
vn 0.6147 -0.5799 -0.5347
vn 0.5197 -0.6026 -0.6056
vn 0.2980 -0.9256 -0.2334
vn 0.4226 -0.7404 -0.5226
vn 0.3663 -0.8490 -0.3808
vn 0.3433 -0.8799 -0.3285
vn 0.4807 -0.5692 -0.6671
vn 0.4456 -0.6357 -0.6303
vn 0.4040 -0.7292 -0.5523
vn 0.3854 -0.8237 -0.4160
vn 0.3150 -0.8982 -0.3067
vn 0.4208 -0.5540 -0.7183
vn 0.4139 -0.6452 -0.6421
vn 0.3964 -0.6846 -0.6116
vn -0.0000 -0.0770 -0.9970
vn -0.0000 0.1278 -0.9918
vn 0.0361 -0.0758 -0.9965
vn 0.0330 0.1251 -0.9916
vn 0.0669 -0.0749 -0.9949
vn 0.0594 0.1174 -0.9913
vn 0.1143 -0.0812 -0.9901
vn 0.1001 0.1061 -0.9893
vn -0.0000 -0.6184 -0.7859
vn -0.0000 -0.2782 -0.9605
vn -0.0000 -0.4922 -0.8705
vn -0.0000 0.3751 -0.9270
vn -0.0000 0.5484 -0.8362
vn -0.0000 0.6528 -0.7575
vn -0.0000 0.7803 -0.6255
vn -0.0000 0.8381 -0.5456
vn -0.0000 0.8914 -0.4532
vn -0.0000 0.9256 -0.3785
vn -0.0000 0.9433 -0.3321
vn -0.0000 0.9618 -0.2736
vn -0.0000 0.9719 -0.2353
vn -0.0000 0.9822 -0.1881
vn -0.0000 0.9819 -0.1895
vn 0.0362 -0.6038 -0.7963
vn 0.0480 -0.2824 -0.9581
vn 0.0544 -0.4843 -0.8732
vn 0.0354 0.3729 -0.9272
vn 0.0328 0.5408 -0.8405
vn 0.0263 0.6508 -0.7588
vn 0.0298 0.7846 -0.6193
vn 0.0406 0.8422 -0.5377
vn 0.0468 0.8918 -0.4500
vn 0.0540 0.9273 -0.3703
vn 0.0691 0.9443 -0.3218
vn 0.0821 0.9611 -0.2637
vn 0.0810 0.9709 -0.2256
vn 0.1263 0.9727 -0.1946
vn 0.0843 0.9789 -0.1864
vn 0.0995 0.9782 -0.1821
vn 0.0946 -0.5826 -0.8072
vn 0.0929 -0.2939 -0.9513
vn 0.1075 -0.4654 -0.8786
vn 0.0633 0.3657 -0.9286
vn 0.0571 0.5157 -0.8549
vn 0.0408 0.6429 -0.7649
vn 0.0431 0.7953 -0.6047
vn 0.0580 0.8528 -0.5191
vn 0.0671 0.8948 -0.4415
vn 0.0788 0.9329 -0.3515
vn 0.1011 0.9487 -0.2995
vn 0.1255 0.9619 -0.2431
vn 0.1483 0.9710 -0.1877
vn 0.1564 0.9728 -0.1709
vn 0.1889 0.9696 -0.1553
vn 0.1639 0.9722 -0.1670
vn 0.1438 -0.5788 -0.8027
vn 0.1911 -0.6455 -0.7395
vn 0.1498 -0.2950 -0.9437
vn 0.1681 -0.4314 -0.8863
vn 0.2543 -0.1352 -0.9576
vn 0.2429 0.1337 -0.9608
vn 0.1028 0.3431 -0.9336
vn 0.0900 0.4581 -0.8843
vn 0.0549 0.6244 -0.7792
vn 0.0491 0.8060 -0.5899
vn 0.0616 0.8661 -0.4960
vn 0.0719 0.9037 -0.4222
vn 0.0766 0.9293 -0.3612
vn 0.0885 0.9380 -0.3352
vn 0.1136 0.9557 -0.2715
vn 0.1415 0.9654 -0.2192
vn 0.1651 0.9728 -0.1626
vn 0.1884 0.9733 -0.1308
vn 0.2115 0.9667 -0.1443
vn 0.2180 -0.5969 -0.7721
vn 0.2544 -0.7277 -0.6370
vn 0.1813 -0.4098 -0.8940
vn 0.1784 -0.1572 -0.9713
vn 0.1463 0.1136 -0.9827
vn 0.0952 0.3990 -0.9120
vn 0.0619 0.6079 -0.7916
vn 0.0545 0.8083 -0.5862
vn 0.0603 0.8764 -0.4778
vn 0.0813 0.9177 -0.3889
vn 0.0945 0.9526 -0.2891
vn 0.1172 0.9645 -0.2365
vn 0.1525 0.9696 -0.1916
vn 0.1849 0.9734 -0.1351
vn 0.2235 0.9698 -0.0972
vn 0.2992 -0.6108 -0.7331
vn 0.3255 -0.7377 -0.5915
vn 0.4221 -0.7660 -0.4849
vn 0.2420 -0.4264 -0.8716
vn 0.3468 -0.5438 -0.7642
vn 0.2248 -0.1940 -0.9549
vn 0.1821 0.0674 -0.9810
vn 0.1287 0.3460 -0.9293
vn 0.1050 0.5999 -0.7932
vn 0.0922 0.7950 -0.5995
vn 0.0909 0.8857 -0.4553
vn 0.1259 0.9292 -0.3474
vn 0.1357 0.9575 -0.2544
vn 0.2223 0.9571 -0.1858
vn 0.1536 0.9692 -0.1926
vn 0.1978 0.9688 -0.1496
vn 0.2475 0.9642 -0.0953
vn 0.3003 0.9526 -0.0481
vn 0.4852 -0.7304 -0.4808
vn 0.4863 -0.7760 -0.4017
vn 0.5964 -0.7563 -0.2687
vn 0.6333 -0.7553 -0.1687
vn 0.6647 -0.7411 -0.0941
vn 0.6988 -0.7145 -0.0343
vn 0.7268 -0.6868 0.0104
vn 0.3883 -0.4658 -0.7951
vn 0.4598 -0.6229 -0.6329
vn 0.2894 -0.2263 -0.9301
vn 0.4958 -0.3395 -0.7993
vn 0.2583 0.0157 -0.9659
vn 0.2120 0.2910 -0.9329
vn 0.2014 0.5962 -0.7771
vn 0.1813 0.7521 -0.6336
vn 0.1690 0.8925 -0.4182
vn 0.2341 0.9333 -0.2724
vn 0.3149 0.9352 -0.1622
vn 0.3252 0.9348 -0.1427
vn 0.4829 0.8745 -0.0452
vn 0.2949 0.9505 -0.0977
vn 0.5609 0.8277 0.0181
vn 0.3519 0.9352 -0.0405
vn 0.6289 0.7744 0.0690
vn 0.4202 0.9074 0.0094
vn 0.5957 -0.6977 -0.3979
vn 0.6738 -0.6980 -0.2424
vn 0.7428 -0.6556 -0.1358
vn 0.7917 -0.6085 -0.0547
vn 0.8233 -0.5676 -0.0014
vn 0.8436 -0.5357 0.0360
vn 0.6058 -0.5661 -0.5591
vn 0.7728 -0.5220 -0.3609
vn 0.8185 -0.5365 -0.2053
vn 0.8524 -0.5145 -0.0936
vn 0.8849 -0.4657 0.0011
vn 0.9090 -0.4147 0.0422
vn 0.9232 -0.3790 0.0640
vn 0.6082 -0.2467 -0.7545
vn 0.6795 -0.4082 -0.6096
vn 0.8289 -0.3986 -0.3925
vn 0.8865 -0.4162 -0.2024
vn 0.9151 -0.3948 -0.0820
vn 0.9819 -0.1683 0.0869
vn 0.9842 -0.1500 0.0945
vn 0.4446 -0.0064 -0.8957
vn 0.7539 -0.0404 -0.6558
vn 0.9911 0.0590 0.1190
vn 0.9886 0.0884 0.1219
vn 0.3890 0.2498 -0.8867
vn 0.7167 0.2997 -0.6297
vn 0.4247 0.5847 -0.6912
vn 0.7942 0.3881 -0.4675
vn 0.9353 0.3283 0.1320
vn 0.9468 0.2961 0.1261
vn 0.9461 0.2953 0.1330
vn 0.4205 0.6378 -0.6453
vn 0.7247 0.5750 -0.3798
vn 0.3976 0.8439 -0.3603
vn 0.7727 0.6203 -0.1347
vn 0.4701 0.8633 -0.1836
vn 0.7960 0.6052 0.0061
vn 0.5562 0.8281 -0.0701
vn 0.8337 0.5479 0.0688
vn 0.6396 0.7687 -0.0062
vn 0.8635 0.4949 0.0974
vn 0.7018 0.7100 0.0581
vn 0.8676 0.4831 0.1179
vn 0.7437 0.6608 0.1012
vn 0.8208 0.5560 0.1310
vn -0.0000 0.9810 -0.1942
vn -0.0000 0.9727 -0.2319
vn 0.1118 0.9757 -0.1885
vn 0.1234 0.9669 -0.2232
vn 0.1383 0.9426 -0.3040
vn 0.1819 0.9678 -0.1741
vn 0.2010 0.9582 -0.2037
vn 0.2214 0.9335 -0.2821
vn 0.2467 0.9607 -0.1268
vn 0.2307 0.9608 -0.1540
vn 0.2903 0.9471 -0.1370
vn 0.2680 0.9473 -0.1756
vn 0.3071 0.9191 -0.2470
vn 0.3538 0.8710 -0.3410
vn 0.2733 0.9575 -0.0923
vn 0.3288 0.9401 -0.0896
vn 0.3541 0.9264 -0.1280
vn 0.4302 0.8931 -0.1311
vn 0.3915 0.8983 -0.1995
vn 0.5202 0.8332 -0.1876
vn 0.4603 0.8439 -0.2757
vn 0.6276 0.7414 -0.2375
vn 0.5531 0.7603 -0.3407
vn 0.8130 -0.5452 0.2044
vn 0.8369 -0.4945 0.2347
vn 0.3593 0.9323 -0.0406
vn 0.4280 0.9032 -0.0334
vn 0.6396 0.7686 0.0135
vn 0.4977 0.8652 -0.0610
vn 0.7001 0.7141 -0.0025
vn 0.5944 0.7992 -0.0897
vn 0.7701 0.6376 -0.0217
vn 0.6884 0.7169 -0.1104
vn 0.8383 0.5419 -0.0592
vn 0.9101 0.4050 -0.0877
vn 0.9544 0.2644 -0.1390
vn 0.7373 0.6489 -0.1878
vn 0.8205 0.5405 -0.1860
vn 0.7904 0.5131 -0.3347
vn 0.8995 0.3700 -0.2326
vn 0.8417 0.4001 -0.3625
vn 0.9336 0.2141 -0.2874
vn 0.7494 -0.6605 0.0466
vn 0.7703 -0.6334 0.0735
vn 0.7940 -0.5990 0.1038
vn 0.8233 -0.5524 0.1307
vn 0.8506 -0.5053 0.1453
vn 0.8653 -0.4722 0.1679
vn 0.8355 -0.5153 0.1908
vn 0.8733 -0.4304 0.2283
vn 0.8819 -0.3979 0.2529
vn 0.9096 -0.3687 0.1915
vn 0.9197 -0.3329 0.2079
vn 0.9240 -0.3076 0.2274
vn 0.9228 -0.2882 0.2555
vn 0.9038 -0.3194 0.2850
vn 0.9668 -0.1257 0.2226
vn 0.9627 -0.1347 0.2348
vn 0.9557 -0.1346 0.2617
vn 0.9771 0.0713 0.2003
vn 0.9750 0.0450 0.2174
vn 0.9726 0.0021 0.2324
vn 0.9375 0.3042 0.1691
vn 0.9551 0.2498 0.1594
vn 0.9674 0.1902 0.1673
vn 0.9815 0.1066 0.1594
vn 0.7888 0.6055 0.1056
vn 0.8003 0.5896 0.1093
vn 0.8228 0.5586 0.1048
vn 0.7515 0.6556 0.0733
vn 0.8538 0.5094 0.1073
vn 0.7984 0.5987 0.0642
vn 0.8864 0.4494 0.1107
vn 0.8384 0.5429 0.0496
vn 0.9185 0.3826 0.0999
vn 0.8805 0.4730 0.0328
vn 0.9476 0.3051 0.0953
vn 0.9244 0.3810 0.0173
vn 0.9791 0.1954 0.0559
vn 0.9575 0.2859 -0.0371
vn 0.6784 0.7317 0.0654
vn 0.4780 0.8783 0.0104
vn 0.7039 0.7066 0.0730
vn 0.5356 0.8443 0.0186
vn 0.6548 0.7532 0.0629
vn 0.8581 -0.5092 0.0655
vn 0.8690 -0.4869 0.0884
vn 0.8765 -0.4669 0.1170
vn 0.8863 -0.4404 0.1433
vn 0.9321 -0.3519 0.0855
vn 0.9396 -0.3262 0.1034
vn 0.9449 -0.3026 0.1246
vn 0.9450 -0.2933 0.1449
vn 0.9202 -0.3509 0.1735
vn 0.9446 -0.2685 0.1890
vn 0.9858 -0.1289 0.1073
vn 0.9863 -0.1111 0.1220
vn 0.9857 -0.0968 0.1377
vn 0.9838 -0.0881 0.1564
vn 0.9862 -0.0800 0.1448
vn 0.9587 -0.1075 0.2634
vn 0.9873 0.1041 0.1198
vn 0.9860 0.1046 0.1298
vn 0.9852 0.0997 0.1392
vn 0.9839 0.0900 0.1541
vn 0.9857 0.0815 0.1477
vn 0.9616 0.2099 0.1767
vn 0.9657 0.0887 0.2439
vn 0.9483 0.2940 0.1196
vn 0.8696 0.4779 0.1246
vn 0.9526 0.2775 0.1245
vn 0.8797 0.4592 0.1239
vn 0.9579 0.2574 0.1272
vn 0.8869 0.4461 0.1202
vn 0.9606 0.2405 0.1396
vn 0.9015 0.4133 0.1285
vn 0.9392 0.2978 0.1707
vn 0.9236 -0.3824 0.0252
vn 0.8974 -0.4005 -0.1852
vn 0.8679 -0.4356 0.2387
vn 0.8930 -0.4024 0.2014
vn 0.9043 -0.4004 0.1483
vn 0.8939 -0.4481 0.0143
vn 0.8299 -0.4883 -0.2698
vn 0.7698 -0.4489 -0.4537
vn 0.6436 -0.4743 -0.6007
vn 0.9051 -0.3232 0.2762
vn 0.9271 -0.3053 0.2173
vn 0.9539 -0.3001 0.0023
vn 0.8973 -0.3129 -0.3112
vn 0.9544 -0.2156 0.2064
vn 0.9704 -0.2414 -0.0063
vn 0.9029 -0.2658 -0.3378
vn 0.9706 -0.1895 0.1481
vn 0.9690 -0.2419 -0.0494
vn 0.8996 -0.2612 -0.3500
vn 0.9683 0.1282 -0.2143
vn 0.9367 0.0776 -0.3414
vn 0.6101 -0.4177 -0.6732
vn 0.5242 -0.4723 -0.7087
vn 0.9232 -0.2555 0.2872
vn 0.6780 -0.3350 -0.6543
vn 0.5595 -0.3379 -0.7568
vn 0.9562 -0.1390 0.2578
vn 0.9420 -0.1821 0.2817
vn 0.6930 -0.2737 -0.6669
vn 0.5452 -0.2674 -0.7945
vn 0.9774 -0.0603 0.2026
vn 0.9639 -0.1347 0.2296
vn 0.9620 -0.2582 0.0886
vn 0.9169 -0.3755 -0.1353
vn 0.7965 -0.4194 -0.4356
vn 0.6958 -0.2800 -0.6614
vn 0.9943 -0.0076 0.1063
vn 0.9884 -0.1473 -0.0384
vn 0.9157 -0.3144 -0.2503
vn 0.7863 -0.3700 -0.4949
vn 0.9983 0.0526 -0.0249
vn 0.9690 0.2029 -0.1408
vn 0.9733 -0.1046 -0.2043
vn 0.8925 -0.2585 -0.3696
vn 0.9289 0.0138 -0.3700
vn 0.9210 -0.1115 -0.3733
vn 0.8468 -0.2319 -0.4787
vn 0.8818 -0.0307 -0.4706
vn 0.8546 -0.1107 -0.5074
vn 0.4326 -0.4653 -0.7723
vn 0.4060 -0.5069 -0.7604
vn 0.4375 -0.3499 -0.8283
vn 0.5064 -0.2198 -0.8338
vn 0.4479 -0.2563 -0.8566
vn 0.6111 -0.2809 -0.7400
vn 0.4826 -0.2231 -0.8470
vn 0.7006 -0.4021 -0.5894
vn 0.6388 -0.3581 -0.6810
vn 0.5200 -0.2999 -0.7998
vn 0.7476 -0.3438 -0.5683
vn 0.6717 -0.3592 -0.6479
vn 0.7727 -0.2469 -0.5848
vn 0.7531 -0.2965 -0.5873
vn 0.6725 -0.3110 -0.6716
vn 0.7806 -0.1774 -0.5994
vn 0.7440 -0.2149 -0.6326
vn -0.0000 0.9367 -0.3501
vn 0.1049 0.9348 -0.3394
vn -0.0000 0.9419 -0.3359
vn -0.0000 0.8687 -0.4953
vn -0.0000 0.7550 -0.6558
vn -0.0000 0.6255 -0.7802
vn -0.0000 0.4639 -0.8859
vn -0.0000 0.2824 -0.9593
vn 0.1232 0.2947 -0.9476
vn -0.0000 0.3168 -0.9485
vn -0.0000 0.1983 -0.9801
vn -0.0000 0.1849 -0.9828
vn -0.0000 0.1770 -0.9842
vn -0.0000 0.1677 -0.9858
vn 0.1376 0.9109 -0.3889
vn 0.1302 0.8555 -0.5012
vn 0.1297 0.7408 -0.6591
vn 0.2080 0.6808 -0.7023
vn 0.1334 0.6308 -0.7644
vn 0.1384 0.4697 -0.8719
vn 0.1524 0.3550 -0.9224
vn 0.1535 0.2569 -0.9542
vn 0.1358 0.1955 -0.9713
vn 0.1288 0.1819 -0.9748
vn 0.1243 0.1739 -0.9769
vn 0.1180 0.1653 -0.9792
vn 0.2388 0.8847 -0.4004
vn 0.3248 0.8450 -0.4249
vn 0.2541 0.8337 -0.4904
vn 0.2788 0.7272 -0.6272
vn 0.2841 0.6114 -0.7386
vn 0.2677 0.4625 -0.8452
vn 0.3575 0.4036 -0.8422
vn 0.2640 0.3761 -0.8881
vn 0.2459 0.2358 -0.9402
vn 0.2260 0.1826 -0.9569
vn 0.2092 0.1700 -0.9630
vn 0.1924 0.1633 -0.9676
vn 0.1762 0.1560 -0.9719
vn 0.2449 0.1507 -0.9578
vn 0.1845 0.1639 -0.9691
vn 0.3916 0.7915 -0.4691
vn 0.5150 0.7104 -0.4797
vn 0.4166 0.7082 -0.5700
vn 0.4247 0.5656 -0.7069
vn 0.5296 0.4927 -0.6905
vn 0.4235 0.4639 -0.7781
vn 0.4105 0.3343 -0.8484
vn 0.3785 0.2051 -0.9026
vn 0.4812 0.1712 -0.8597
vn 0.3411 0.1612 -0.9261
vn 0.4458 0.1433 -0.8836
vn 0.3111 0.1491 -0.9386
vn 0.4267 0.1332 -0.8945
vn 0.2887 0.1453 -0.9463
vn 0.4009 0.1273 -0.9072
vn 0.3200 0.1482 -0.9357
vn 0.3327 0.1425 -0.9322
vn 0.6025 0.6236 -0.4980
vn 0.7225 0.5174 -0.4586
vn 0.6118 0.5222 -0.5942
vn 0.7891 0.3702 -0.4903
vn 0.6086 0.3930 -0.6893
vn 0.7220 0.2871 -0.6296
vn 0.5631 0.2808 -0.7772
vn 0.6363 0.1970 -0.7458
vn 0.5410 0.1874 -0.8199
vn 0.5288 0.1207 -0.8401
vn 0.4943 0.1196 -0.8610
vn 0.4666 0.1165 -0.8768
vn 0.4440 0.1098 -0.8893
vn 0.4592 0.0878 -0.8840
vn 0.4157 0.1139 -0.9023
vn 0.4322 0.0897 -0.8973
vn 0.8310 0.2389 -0.5023
vn 0.8924 0.1222 -0.4344
vn 0.7735 0.1622 -0.6126
vn 0.8291 0.0583 -0.5560
vn 0.6894 0.1054 -0.7167
vn 0.7607 0.0225 -0.6487
vn 0.6160 0.0663 -0.7849
vn 0.7025 0.0028 -0.7117
vn 0.5539 0.0785 -0.8289
vn 0.6430 0.0194 -0.7656
vn 0.5086 0.0897 -0.8563
vn 0.5777 0.0425 -0.8151
vn 0.5025 0.0786 -0.8610
vn 0.4925 0.0565 -0.8684
vn 0.4641 0.0671 -0.8832
vn 0.8039 -0.0239 -0.5942
vn 0.7628 -0.0381 -0.6455
vn 0.7193 -0.0489 -0.6930
vn 0.6657 -0.0377 -0.7453
vn 0.6044 -0.0058 -0.7967
vn 0.5564 0.0190 -0.8307
vn 0.5201 0.0406 -0.8531
vn 0.8917 0.0219 -0.4522
vn 0.8254 -0.0554 -0.5619
vn 0.8370 -0.0597 -0.5439
vn 0.8035 -0.1159 -0.5839
vn 0.7723 -0.0889 -0.6290
vn 0.7634 -0.1303 -0.6327
vn 0.7373 -0.0851 -0.6702
vn 0.7048 -0.0890 -0.7038
vn 0.6756 -0.0812 -0.7327
vn 0.6455 -0.0496 -0.7621
vn 0.6160 -0.0160 -0.7876
vn 0.5891 0.0146 -0.8079
vn 0.7587 -0.1653 -0.6301
vn 0.7206 -0.1964 -0.6649
vn 0.7233 -0.1504 -0.6739
vn 0.7330 -0.1704 -0.6585
vn 0.6991 -0.1928 -0.6885
vn 0.7111 -0.1177 -0.6931
vn 0.6985 -0.1524 -0.6992
vn 0.6898 -0.1141 -0.7150
vn 0.6776 -0.1347 -0.7230
vn 0.6735 -0.1023 -0.7321
vn 0.6656 -0.1137 -0.7376
vn 0.6604 -0.0730 -0.7473
vn 0.6580 -0.0850 -0.7482
vn 0.6443 -0.0391 -0.7637
vn 0.6472 -0.0552 -0.7603
vn 0.6235 -0.0078 -0.7818
vn 0.6319 -0.0272 -0.7745
vn 0.3492 -0.8260 -0.4425
vn 0.3842 -0.6454 -0.6602
vn 0.3725 -0.7237 -0.5810
vn 0.3478 -0.8129 -0.4671
vn 0.3795 -0.6368 -0.6712
vn 0.3728 -0.7259 -0.5780
vn 0.3807 -0.7537 -0.5357
vn 0.3868 -0.7165 -0.5805
vn 0.3682 -0.7800 -0.5061
vn 0.9359 -0.3516 0.0232
vn 0.8703 -0.3549 -0.3414
vn 0.9517 -0.2707 -0.1448
vn 0.9786 -0.2023 -0.0369
vn 0.9646 -0.2634 -0.0152
vn 0.9884 -0.1478 0.0356
vn 0.9674 -0.1698 0.1876
vn 0.7893 -0.0470 -0.6122
vn 0.9664 -0.0460 -0.2528
vn 0.8772 0.2643 -0.4009
vn 0.9977 -0.0219 -0.0634
vn 0.9998 -0.0065 0.0191
vn 0.9988 0.0055 0.0481
vn 0.9781 0.1783 0.1069
vn 0.9839 0.0403 0.1739
vn 0.8966 0.3376 -0.2865
vn 0.9811 0.1836 -0.0603
vn 0.8675 0.4851 -0.1104
vn 0.9847 0.1711 0.0318
vn 0.8956 0.4440 0.0259
vn 0.9529 0.2845 0.1053
vn 0.3799 -0.4661 -0.7990
vn 0.3854 -0.5411 -0.7474
vn 0.3601 -0.3626 -0.8596
vn 0.3619 -0.4141 -0.8352
vn 0.3604 -0.2435 -0.9005
vn 0.3810 -0.1660 -0.9095
vn 0.5182 -0.3141 -0.7955
vn 0.4244 -0.2173 -0.8790
vn 0.5747 -0.3492 -0.7401
vn 0.5094 -0.2987 -0.8070
vn 0.6576 -0.2748 -0.7015
vn 0.6107 -0.3023 -0.7319
vn 0.6758 -0.2316 -0.6998
vn 0.6371 -0.2401 -0.7324
vn 0.3729 -0.5528 -0.7453
vn 0.3786 -0.6020 -0.7030
vn 0.3550 -0.3577 -0.8637
vn 0.3758 -0.4566 -0.8064
vn 0.3363 -0.2280 -0.9137
vn 0.3763 -0.2601 -0.8892
vn 0.3594 -0.1354 -0.9233
vn 0.3682 -0.1334 -0.9201
vn 0.3968 -0.1722 -0.9016
vn 0.5146 -0.2857 -0.8084
vn 0.4458 -0.2384 -0.8628
vn 0.5589 -0.2738 -0.7828
vn 0.5416 -0.2355 -0.8070
vn 0.5863 -0.2369 -0.7747
vn 0.5595 -0.2240 -0.7980
vn 0.3752 -0.5645 -0.7352
vn 0.3870 -0.6465 -0.6575
vn 0.3897 -0.6830 -0.6178
vn 0.3628 -0.4596 -0.8106
vn 0.3833 -0.5081 -0.7713
vn 0.3800 -0.2879 -0.8790
vn 0.3752 -0.0935 -0.9222
vn 0.3866 -0.1403 -0.9115
vn 0.4189 -0.1334 -0.8982
vn 0.4035 -0.0896 -0.9106
vn 0.4697 -0.1901 -0.8621
vn 0.4486 -0.1339 -0.8837
vn 0.5100 -0.2058 -0.8352
vn 0.4897 -0.1730 -0.8546
vn 0.5343 -0.2085 -0.8192
vn 0.5088 -0.1920 -0.8392
vn 0.3950 -0.6432 -0.6560
vn 0.3875 -0.7129 -0.5845
vn 0.3903 -0.4382 -0.8097
vn 0.3997 -0.5427 -0.7387
vn 0.3666 -0.2825 -0.8864
vn 0.4131 -0.3374 -0.8459
vn 0.3804 -0.1257 -0.9162
vn 0.4034 -0.0603 -0.9130
vn 0.4329 -0.0897 -0.8970
vn 0.4607 -0.1442 -0.8758
vn 0.5079 -0.1871 -0.8408
vn 0.4827 -0.1743 -0.8583
vn 0.4097 -0.6262 -0.6633
vn 0.4038 -0.7108 -0.5760
vn 0.4191 -0.5319 -0.7358
vn 0.4376 -0.5681 -0.6969
vn 0.4318 -0.2447 -0.8682
vn 0.4519 -0.3715 -0.8110
vn 0.3983 -0.1086 -0.9108
vn 0.4692 -0.1295 -0.8735
vn 0.4117 -0.0394 -0.9105
vn 0.4533 -0.0357 -0.8906
vn 0.4360 -0.0623 -0.8978
vn 0.4583 -0.0418 -0.8878
vn 0.4606 -0.1232 -0.8790
vn 0.4802 -0.1012 -0.8713
vn 0.4799 -0.1602 -0.8626
vn 0.4963 -0.1472 -0.8556
vn 0.4700 -0.4943 -0.7313
vn 0.4723 -0.6059 -0.6402
vn 0.4570 -0.3537 -0.8161
vn 0.5041 -0.4017 -0.7645
vn 0.4707 -0.1477 -0.8699
vn 0.4796 -0.0371 -0.8767
vn 0.4910 -0.0274 -0.8708
vn 0.5040 -0.0831 -0.8597
vn 0.5134 -0.1563 -0.8438
vn 0.5151 -0.1367 -0.8461
vn 0.5220 -0.3074 -0.7957
vn 0.5297 -0.4334 -0.7291
vn 0.4973 -0.1341 -0.8572
vn 0.5761 -0.1509 -0.8033
vn 0.5072 -0.0263 -0.8614
vn 0.5593 -0.0297 -0.8284
vn 0.5205 -0.0164 -0.8537
vn 0.5499 -0.0101 -0.8352
vn 0.5342 -0.0703 -0.8425
vn 0.5566 -0.0576 -0.8288
vn 0.5450 -0.1290 -0.8284
vn 0.5648 -0.1198 -0.8165
vn 0.5534 -0.1679 -0.8158
vn 0.5613 -0.0348 -0.8269
vn 0.5691 -0.0067 -0.8223
vn 0.5761 -0.0478 -0.8159
vn 0.5818 -0.1123 -0.8056
vn 0.6709 -0.2158 -0.7094
vn 0.6260 -0.2250 -0.7466
vn 0.6730 -0.2012 -0.7118
vn 0.6645 -0.2075 -0.7180
vn 0.6266 -0.2081 -0.7510
vn 0.6726 -0.1710 -0.7200
vn 0.6649 -0.1842 -0.7239
vn 0.6637 -0.1487 -0.7331
vn 0.6586 -0.1597 -0.7354
vn 0.6573 -0.1213 -0.7438
vn 0.6526 -0.1284 -0.7467
vn 0.6507 -0.0941 -0.7534
vn 0.6458 -0.1035 -0.7565
vn 0.6398 -0.0686 -0.7655
vn 0.6375 -0.0813 -0.7661
vn 0.6282 -0.0410 -0.7770
vn 0.5969 -0.2235 -0.7706
vn 0.5685 -0.2145 -0.7943
vn 0.6274 -0.1905 -0.7550
vn 0.6095 -0.1985 -0.7676
vn 0.6402 -0.1860 -0.7453
vn 0.6210 -0.1811 -0.7626
vn 0.6437 -0.1656 -0.7471
vn 0.6200 -0.1680 -0.7664
vn 0.6434 -0.1340 -0.7537
vn 0.6193 -0.1374 -0.7731
vn 0.6415 -0.1102 -0.7592
vn 0.6176 -0.1127 -0.7784
vn 0.6328 -0.0719 -0.7709
vn 0.6392 -0.0895 -0.7638
vn 0.6214 -0.0487 -0.7820
vn 0.6277 -0.0609 -0.7761
vn 0.5710 -0.1962 -0.7972
vn 0.5509 -0.2015 -0.8099
vn 0.5866 -0.1914 -0.7869
vn 0.5619 -0.1879 -0.8056
vn 0.5894 -0.1793 -0.7877
vn 0.5584 -0.1811 -0.8096
vn 0.5831 -0.1716 -0.7941
vn 0.5500 -0.1762 -0.8164
vn 0.5821 -0.1392 -0.8011
vn 0.6041 -0.1010 -0.7905
vn 0.5871 -0.1118 -0.8018
vn 0.6191 -0.0920 -0.7799
vn 0.5897 -0.0930 -0.8023
vn 0.6160 -0.0721 -0.7845
vn 0.5844 -0.0805 -0.8075
vn 0.5280 -0.1936 -0.8269
vn 0.5043 -0.1823 -0.8441
vn 0.5302 -0.1873 -0.8269
vn 0.5086 -0.1844 -0.8410
vn 0.5261 -0.1842 -0.8302
vn 0.5352 -0.1659 -0.8283
vn 0.5261 -0.1802 -0.8311
vn 0.5413 -0.1396 -0.8292
vn 0.5237 -0.1449 -0.8395
vn 0.5460 -0.1103 -0.8305
vn 0.5166 -0.1119 -0.8489
vn 0.5472 -0.0917 -0.8319
vn 0.5113 -0.0934 -0.8543
vn 0.5415 -0.0854 -0.8363
vn 0.5058 -0.0891 -0.8581
vn 0.4904 -0.1724 -0.8542
vn 0.5062 -0.1878 -0.8417
vn 0.4982 -0.1794 -0.8483
vn 0.5080 -0.1867 -0.8409
vn 0.5095 -0.1840 -0.8406
vn 0.5089 -0.1798 -0.8418
vn 0.5108 -0.1806 -0.8405
vn 0.5053 -0.1547 -0.8489
vn 0.5076 -0.1657 -0.8455
vn 0.4992 -0.1185 -0.8583
vn 0.4941 -0.0974 -0.8639
vn 0.4904 -0.0926 -0.8666
vn 0.5081 -0.1664 -0.8451
vn 0.5283 -0.1610 -0.8337
vn 0.5124 -0.1737 -0.8410
vn 0.5345 -0.1692 -0.8281
vn 0.5183 -0.1805 -0.8359
vn 0.5380 -0.1782 -0.8239
vn 0.5233 -0.1809 -0.8328
vn 0.5125 -0.1531 -0.8449
vn 0.5246 -0.1726 -0.8337
vn 0.4944 -0.1221 -0.8606
vn 0.5197 -0.1323 -0.8440
vn 0.4915 -0.1002 -0.8651
vn 0.5115 -0.1067 -0.8526
vn 0.4880 -0.0961 -0.8675
vn 0.5034 -0.1023 -0.8580
vn 0.5511 -0.1569 -0.8196
vn 0.5690 -0.1525 -0.8081
vn 0.5562 -0.1666 -0.8142
vn 0.5709 -0.1650 -0.8043
vn 0.5496 -0.1781 -0.8162
vn 0.5576 -0.1762 -0.8112
vn 0.5407 -0.1788 -0.8220
vn 0.5569 -0.1801 -0.8108
vn 0.5379 -0.1720 -0.8252
vn 0.5540 -0.1772 -0.8135
vn 0.5339 -0.1457 -0.8329
vn 0.5455 -0.1589 -0.8229
vn 0.5276 -0.1168 -0.8415
vn 0.5350 -0.1291 -0.8350
vn 0.5190 -0.1107 -0.8476
vn 0.5835 -0.1501 -0.7982
vn 0.5747 -0.1699 -0.8006
vn 0.5814 -0.1662 -0.7965
vn 0.5701 -0.1759 -0.8025
vn 0.5775 -0.1761 -0.7972
vn 0.5662 -0.1831 -0.8037
vn 0.5777 -0.1857 -0.7949
vn 0.5603 -0.1847 -0.8074
vn 0.5752 -0.1921 -0.7951
vn 0.5548 -0.1704 -0.8143
vn 0.5292 -0.1213 -0.8398
vn 0.5451 -0.1443 -0.8259
vn 0.5183 -0.1236 -0.8462
vn 0.5111 -0.1400 -0.8480
vn 0.6221 -0.1654 -0.7653
vn 0.6161 -0.1786 -0.7671
vn 0.6165 -0.1891 -0.7643
vn 0.5863 -0.1953 -0.7862
vn 0.6112 -0.2019 -0.7653
vn 0.5566 -0.1790 -0.8113
vn 0.5967 -0.1933 -0.7789
vn 0.5410 -0.1547 -0.8267
vn 0.5883 -0.1712 -0.7903
vn 0.5345 -0.1493 -0.8319
vn 0.5899 -0.1551 -0.7925
vn 0.6716 -0.1965 -0.7144
vn 0.6733 -0.2009 -0.7116
vn 0.6855 -0.1779 -0.7060
vn 0.6479 -0.1389 -0.7490
vn 0.6910 -0.1530 -0.7064
vn -0.0000 -0.9739 -0.2269
vn -0.0000 -0.9704 -0.2414
vn -0.0000 -0.9708 -0.2401
vn -0.0000 -0.9991 0.0421
vn -0.0000 -0.9996 0.0279
vn -0.0000 -0.9998 -0.0191
vn -0.0000 -0.9972 -0.0754
vn -0.0000 -0.9914 -0.1309
vn -0.0000 -0.9832 -0.1827
vn 0.0207 -0.9763 -0.2155
vn 0.0401 -0.9725 -0.2295
vn 0.0586 -0.9710 -0.2317
vn -0.0718 -0.9964 0.0450
vn -0.0585 -0.9975 0.0383
vn -0.0368 -0.9993 -0.0076
vn -0.0177 -0.9976 -0.0675
vn -0.0040 -0.9922 -0.1242
vn 0.0072 -0.9843 -0.1762
vn 0.0032 -0.9829 -0.1839
vn 0.0395 -0.9801 -0.1946
vn 0.0822 -0.9758 -0.2024
vn -0.0548 -0.9976 0.0422
vn -0.0592 -0.9970 0.0500
vn -0.0514 -0.9986 0.0105
vn -0.0385 -0.9978 -0.0532
vn -0.0246 -0.9937 -0.1092
vn -0.0141 -0.9864 -0.1637
vn -0.0457 -0.9884 -0.1450
vn -0.0024 -0.9899 -0.1416
vn 0.0600 -0.9874 -0.1465
vn 0.0129 -0.9997 0.0194
vn -0.0176 -0.9991 0.0379
vn -0.0417 -0.9991 0.0062
vn -0.0567 -0.9970 -0.0522
vn -0.0962 -0.9883 -0.1182
vn -0.0581 -0.9933 -0.1003
vn -0.0617 -0.9867 -0.1501
vn -0.1096 -0.9857 -0.1283
vn -0.0986 -0.9879 -0.1196
vn -0.0625 -0.9942 -0.0871
vn 0.0021 -0.9972 -0.0743
vn 0.1141 -0.9930 -0.0297
vn 0.0548 -0.9985 -0.0032
vn -0.0044 -0.9993 -0.0364
vn -0.0981 -0.9873 -0.1246
vn -0.0521 -0.9959 -0.0737
vn -0.0995 -0.9876 -0.1212
vn -0.1047 -0.9777 -0.1822
vn -0.1768 -0.9688 -0.1739
vn -0.2311 -0.9640 -0.1312
vn -0.2367 -0.9703 -0.0491
vn -0.1766 -0.9842 0.0094
vn 0.2093 -0.9728 -0.0996
vn 0.1323 -0.9886 -0.0713
vn 0.0462 -0.9925 -0.1131
vn -0.0345 -0.9794 -0.1988
vn -0.1402 -0.9369 -0.3204
vn -0.2878 -0.9099 -0.2986
vn -0.4660 -0.8584 -0.2145
vn -0.3959 -0.8990 -0.1873
vn -0.4709 -0.8817 -0.0279
vn -0.4336 -0.9003 -0.0370
vn -0.4597 -0.8776 0.1361
vn -0.3867 -0.9170 0.0980
vn 0.2440 -0.9549 -0.1692
vn 0.1689 -0.9725 -0.1603
vn 0.0740 -0.9732 -0.2178
vn -0.0176 -0.9572 -0.2889
vn -0.2208 -0.9605 -0.1697
vn -0.2064 -0.9783 -0.0192
vn -0.2096 -0.9711 0.1139
vn -0.1566 -0.8549 -0.4946
vn -0.2563 -0.8451 -0.4692
vn -0.2944 -0.8485 -0.4398
vn -0.3300 -0.8631 -0.3824
vn 0.2453 -0.9431 -0.2244
vn 0.1794 -0.9511 -0.2512
vn 0.0870 -0.9411 -0.3266
vn -0.0200 -0.9111 -0.4118
vn 0.2987 -0.9056 -0.3012
vn -0.0000 -0.9999 -0.0101
vn -0.0000 -0.9743 -0.2253
vn -0.0000 -0.9781 -0.2082
vn -0.0000 -0.9255 0.3788
vn -0.0001 -0.8375 0.5465
vn -0.0017 -0.3830 0.9237
vn -0.5302 -0.3767 0.7596
vn -0.0045 -0.1892 0.9819
vn -0.5058 -0.1822 0.8432
vn -0.0023 -0.1561 0.9877
vn -0.4868 -0.1563 0.8594
vn 0.0014 -0.4535 0.8912
vn 0.0025 -0.9987 -0.0515
vn 0.0653 -0.9722 -0.2248
vn 0.0568 -0.9770 -0.2057
vn 0.0779 -0.9841 -0.1598
vn -0.1415 -0.9443 0.2970
vn -0.2771 -0.9267 0.2539
vn -0.3287 -0.8195 0.4695
vn -0.4480 -0.8017 0.3956
vn -0.4772 -0.6557 0.5851
vn -0.5678 -0.3329 0.7529
vn -0.7541 -0.2909 0.5889
vn -0.5597 -0.1355 0.8175
vn -0.7234 -0.0776 0.6861
vn -0.4557 -0.0799 0.8866
vn -0.6483 0.0539 0.7595
vn -0.0617 -0.9979 0.0214
vn -0.2192 -0.9682 0.1205
vn 0.1157 -0.9706 -0.2112
vn 0.1279 -0.9677 -0.2172
vn 0.0812 -0.9831 -0.1639
vn 0.1141 -0.9821 -0.1500
vn -0.5161 -0.7780 0.3582
vn -0.5316 -0.7771 0.3369
vn -0.6935 -0.5288 0.4894
vn -0.7593 -0.2449 0.6029
vn -0.8626 -0.2185 0.4563
vn -0.8689 -0.1838 0.4596
vn -0.7587 -0.0154 0.6513
vn -0.8595 0.0303 0.5103
vn -0.8790 0.0536 0.4739
vn -0.6154 0.1580 0.7722
vn -0.7065 0.1578 0.6898
vn -0.7865 0.2274 0.5742
vn -0.0335 -0.9994 -0.0131
vn -0.1717 -0.9823 0.0744
vn 0.1238 -0.9778 -0.1688
vn 0.1739 -0.9646 -0.1985
vn 0.1978 -0.9579 -0.2083
vn 0.1375 -0.9764 -0.1667
vn 0.1845 -0.9703 -0.1561
vn -0.5101 -0.8116 0.2846
vn -0.4618 -0.8560 0.2323
vn -0.7125 -0.5726 0.4056
vn -0.5543 -0.7404 0.3802
vn -0.7545 -0.4732 0.4548
vn -0.7685 -0.2089 0.6048
vn -0.8150 -0.2222 0.5352
vn -0.8083 0.2680 0.5243
vn -0.7938 0.0573 0.6054
vn -0.8392 0.0607 0.5404
vn -0.7049 0.3378 0.6237
vn -0.7601 0.3367 0.5558
vn -0.7639 0.3698 0.5289
vn -0.7876 0.3382 0.5152
vn 0.0319 -0.9984 -0.0467
vn -0.0658 -0.9977 0.0143
vn -0.2264 -0.9616 0.1551
vn 0.0804 -0.9917 -0.0999
vn 0.1579 -0.9780 -0.1365
vn 0.2230 -0.9577 -0.1817
vn 0.2495 -0.9471 -0.2017
vn 0.1931 -0.9632 -0.1869
vn 0.2344 -0.9542 -0.1859
vn -0.5205 -0.7563 0.3964
vn -0.4488 -0.7880 0.4214
vn -0.6604 -0.5268 0.5352
vn -0.7035 -0.2663 0.6589
vn -0.7500 0.0620 0.6586
vn -0.6540 0.5442 0.5255
vn -0.6875 0.5392 0.4865
vn -0.7131 0.3432 0.6113
vn 0.1028 -0.9903 -0.0931
vn -0.0049 -0.9998 0.0173
vn -0.1228 -0.9758 0.1811
vn -0.0628 -0.9980 0.0057
vn 0.0710 -0.9971 -0.0261
vn 0.1869 -0.9763 -0.1091
vn 0.2573 -0.9496 -0.1791
vn 0.2773 -0.9335 -0.2274
vn 0.2289 -0.9497 -0.2137
vn 0.2373 -0.9472 -0.2155
vn -0.3173 -0.8086 0.4954
vn 0.1098 -0.9904 -0.0838
vn 0.0404 -0.9967 0.0699
vn -0.4209 -0.8614 0.2843
vn -0.2509 -0.9540 0.1638
vn -0.0682 -0.9856 0.1549
vn 0.1155 -0.9933 0.0068
vn 0.2268 -0.9666 -0.1196
vn 0.2660 -0.9364 -0.2290
vn 0.2590 -0.9285 -0.2661
vn 0.2124 -0.9522 -0.2196
vn 0.2070 -0.9584 -0.1965
vn -0.0450 -0.9145 0.4020
vn -0.2037 -0.9395 0.2754
vn 0.1162 -0.9926 0.0342
vn -0.2082 -0.8525 0.4794
vn -0.0838 -0.9372 0.3387
vn 0.0827 -0.9880 0.1301
vn 0.1898 -0.9803 -0.0542
vn 0.2186 -0.9492 -0.2262
vn 0.2153 -0.9359 -0.2788
vn 0.2263 -0.9495 -0.2174
vn 0.2051 -0.9636 -0.1717
vn 0.3410 -0.9383 0.0574
vn 0.1453 -0.9313 0.3341
vn 0.2413 -0.9498 0.1993
vn 0.2255 -0.9738 -0.0292
vn -0.7088 -0.2976 0.6395
vn -0.7690 0.0481 0.6375
vn -0.7236 0.3511 0.5943
vn -0.4081 -0.6696 0.6206
vn -0.5076 -0.3259 0.7976
vn -0.5122 -0.3335 0.7915
vn -0.5866 0.0325 0.8092
vn -0.5521 0.0090 0.8337
vn -0.5723 0.5690 0.5904
vn -0.5709 0.3473 0.7439
vn -0.5423 0.3228 0.7757
vn -0.1144 -0.8066 0.5799
vn -0.1477 -0.7180 0.6802
vn -0.1632 -0.3054 0.9381
vn -0.2090 -0.0336 0.9773
vn -0.3094 0.5740 0.7581
vn -0.2502 0.2477 0.9360
vn 0.1550 -0.8707 0.4668
vn 0.0926 -0.7433 0.6625
vn 0.2355 -0.5885 0.7735
vn 0.0353 -0.3813 0.9238
vn 0.0031 -0.0825 0.9966
vn -0.0898 0.5791 0.8103
vn -0.0433 0.2090 0.9770
vn 0.0026 -0.3392 0.9407
vn 0.0029 -0.5221 0.8529
vn -0.1275 -0.6167 0.7768
vn 0.0007 -0.7203 0.6937
vn 0.0001 -0.7596 0.6504
vn -0.0000 -0.7685 0.6399
vn -0.0000 -0.7570 0.6534
vn -0.0000 -0.7371 0.6758
vn -0.0000 -0.7339 0.6793
vn -0.0000 -0.7365 0.6764
vn -0.3033 -0.2462 0.9205
vn -0.2277 -0.4716 0.8519
vn -0.1550 -0.6266 0.7638
vn -0.0598 -0.7304 0.6804
vn 0.0023 -0.7441 0.6680
vn 0.0458 -0.7415 0.6694
vn 0.0690 -0.7291 0.6809
vn 0.0774 -0.7300 0.6791
vn 0.0787 -0.7347 0.6738
vn -0.4221 -0.0897 0.9021
vn -0.6729 0.0326 0.7390
vn -0.3725 -0.4109 0.8321
vn -0.2937 -0.4516 0.8425
vn -0.1371 -0.6387 0.7571
vn -0.0271 -0.6590 0.7517
vn 0.0595 -0.7001 0.7115
vn 0.0972 -0.7131 0.6943
vn 0.1073 -0.7243 0.6810
vn 0.1084 -0.7338 0.6706
vn -0.5903 0.1353 0.7957
vn -0.6899 0.2901 0.6632
vn -0.4198 -0.2278 0.8785
vn -0.6180 -0.0479 0.7847
vn -0.2619 -0.5030 0.8236
vn -0.1132 -0.4770 0.8716
vn 0.0363 -0.6478 0.7609
vn 0.0904 -0.6322 0.7695
vn 0.0943 -0.6893 0.7183
vn 0.1107 -0.7202 0.6849
vn 0.1174 -0.7227 0.6811
vn 0.1153 -0.7322 0.6712
vn -0.5405 0.4109 0.7342
vn -0.5818 0.5855 0.5646
vn -0.5905 0.6518 0.4759
vn -0.3514 0.1804 0.9187
vn -0.1111 -0.2579 0.9598
vn 0.0319 -0.5154 0.8564
vn 0.0939 -0.6596 0.7458
vn 0.1103 -0.7060 0.6995
vn 0.1220 -0.7285 0.6741
vn -0.3945 0.6966 0.5992
vn -0.4422 0.7759 0.4500
vn -0.5271 0.6838 0.5047
vn -0.2438 0.4080 0.8798
vn -0.3135 0.6514 0.6909
vn -0.1002 -0.0227 0.9947
vn 0.0227 -0.4173 0.9085
vn 0.0920 -0.6285 0.7723
vn 0.1270 -0.6854 0.7170
vn 0.1496 -0.7164 0.6814
vn 0.1632 -0.7340 0.6592
vn -0.3045 0.8404 0.4484
vn -0.2270 0.6141 0.7559
vn -0.2817 0.7829 0.5547
vn -0.0905 0.1215 0.9885
vn 0.0371 -0.3199 0.9467
vn 0.1247 -0.5766 0.8074
vn 0.1733 -0.6478 0.7419
vn 0.2002 -0.6928 0.6928
vn 0.2202 -0.7128 0.6659
vn -0.2083 0.8553 0.4745
vn -0.2128 0.6675 0.7136
vn -0.2259 0.8255 0.5172
vn -0.1524 0.8436 0.5149
vn -0.1141 0.2399 0.9641
vn 0.0329 -0.2047 0.9783
vn 0.1601 -0.5212 0.8383
vn 0.2149 -0.5252 0.8234
vn 0.2168 -0.6032 0.7676
vn 0.2427 -0.6677 0.7038
vn 0.2735 -0.6601 0.6996
vn 0.2640 -0.6863 0.6777
vn -0.0000 -0.7376 0.6753
vn -0.0000 -0.7369 0.6760
vn -0.0000 -0.7347 0.6784
vn -0.0000 -0.7221 0.6917
vn -0.0000 -0.6934 0.7205
vn -0.0000 -0.6762 0.7367
vn -0.0000 -0.6698 0.7426
vn 0.0776 -0.7362 0.6722
vn 0.0764 -0.7350 0.6737
vn 0.0761 -0.7326 0.6764
vn 0.0759 -0.7203 0.6895
vn 0.0731 -0.6942 0.7160
vn 0.0682 -0.6770 0.7328
vn 0.0642 -0.6701 0.7395
vn 0.1060 -0.7370 0.6675
vn 0.1031 -0.7345 0.6708
vn 0.1018 -0.7314 0.6743
vn 0.1013 -0.7192 0.6874
vn 0.0986 -0.6981 0.7092
vn 0.0934 -0.6804 0.7269
vn 0.0887 -0.6728 0.7345
vn 0.1148 -0.7395 0.6633
vn 0.1117 -0.7361 0.6676
vn 0.1088 -0.7328 0.6716
vn 0.1070 -0.7194 0.6863
vn 0.1047 -0.7028 0.7036
vn 0.1007 -0.6837 0.7228
vn 0.0970 -0.6767 0.7298
vn 0.1237 -0.7415 0.6595
vn 0.1395 -0.7395 0.6586
vn 0.1202 -0.7370 0.6652
vn 0.1180 -0.7356 0.6670
vn 0.1348 -0.7285 0.6716
vn 0.1150 -0.7201 0.6843
vn 0.1128 -0.7078 0.6974
vn 0.1089 -0.6847 0.7206
vn 0.1054 -0.6806 0.7250
vn -0.4606 0.6943 0.5530
vn 0.1711 -0.7304 0.6612
vn 0.1738 -0.7358 0.6545
vn 0.1679 -0.7177 0.6758
vn 0.1484 -0.7104 0.6880
vn 0.1946 -0.6912 0.6960
vn 0.1457 -0.6801 0.7185
vn -0.3030 0.8187 0.4879
vn -0.3193 0.6768 0.6634
vn 0.2310 -0.7199 0.6546
vn 0.2374 -0.7211 0.6509
vn 0.2402 -0.7094 0.6627
vn 0.2422 -0.6998 0.6720
vn 0.2389 -0.6722 0.7008
vn -0.1573 0.8418 0.5163
vn -0.1141 0.7004 0.7045
vn 0.2758 -0.7076 0.6506
vn 0.2934 -0.7005 0.6506
vn 0.2820 -0.7064 0.6492
vn 0.2846 -0.7023 0.6525
vn 0.2956 -0.6940 0.6565
vn 0.2862 -0.6912 0.6636
vn 0.2831 -0.6702 0.6861
vn -0.0000 -0.6669 0.7452
vn -0.0000 -0.6605 0.7508
vn -0.0000 -0.6348 0.7727
vn -0.0000 -0.5803 0.8144
vn -0.0000 -0.4659 0.8849
vn -0.0000 -0.4256 0.9049
vn -0.0000 -0.4255 0.9050
vn -0.0000 -0.3943 0.9190
vn -0.0000 -0.3580 0.9337
vn -0.0000 -0.2703 0.9628
vn -0.0000 -0.1811 0.9835
vn -0.0000 -0.1249 0.9922
vn 0.0619 -0.6664 0.7431
vn 0.0609 -0.6595 0.7492
vn 0.0598 -0.6340 0.7710
vn 0.0557 -0.5799 0.8128
vn 0.0520 -0.4663 0.8831
vn 0.0508 -0.4264 0.9031
vn 0.0479 -0.4217 0.9054
vn 0.0615 -0.4091 0.9104
vn 0.0471 -0.3970 0.9166
vn 0.0545 -0.3547 0.9334
vn 0.0579 -0.2655 0.9624
vn 0.0457 -0.1753 0.9834
vn 0.0579 -0.1520 0.9867
vn 0.0415 -0.1291 0.9908
vn 0.0848 -0.6676 0.7397
vn 0.0825 -0.6594 0.7472
vn 0.0808 -0.6333 0.7697
vn 0.0765 -0.5754 0.8143
vn 0.0784 -0.5288 0.8451
vn 0.0711 -0.4752 0.8770
vn 0.0698 -0.4292 0.9005
vn 0.0683 -0.4208 0.9046
vn 0.0659 -0.4007 0.9138
vn 0.0591 -0.3518 0.9342
vn 0.0597 -0.2599 0.9638
vn 0.0646 -0.1692 0.9835
vn 0.0586 -0.1357 0.9890
vn 0.0927 -0.6705 0.7361
vn 0.0879 -0.6628 0.7436
vn 0.0842 -0.6346 0.7682
vn 0.0844 -0.5814 0.8092
vn 0.0795 -0.4822 0.8724
vn 0.0753 -0.4315 0.8990
vn 0.0737 -0.4233 0.9030
vn 0.0698 -0.4034 0.9124
vn 0.0654 -0.3505 0.9343
vn 0.0663 -0.2539 0.9649
vn 0.0666 -0.1667 0.9837
vn 0.0613 -0.1361 0.9888
vn 0.1243 -0.6766 0.7258
vn 0.1020 -0.6718 0.7336
vn 0.0994 -0.6676 0.7378
vn 0.1201 -0.6544 0.7465
vn 0.0966 -0.6383 0.7637
vn 0.1033 -0.5899 0.8008
vn 0.0973 -0.4819 0.8708
vn 0.0886 -0.4321 0.8975
vn 0.0872 -0.4250 0.9010
vn 0.0825 -0.4088 0.9089
vn 0.0759 -0.3509 0.9333
vn 0.0737 -0.2514 0.9651
vn 0.0736 -0.1645 0.9836
vn 0.1606 -0.6776 0.7177
vn 0.1647 -0.6644 0.7290
vn 0.1618 -0.6694 0.7250
vn 0.1562 -0.6347 0.7568
vn 0.1466 -0.5835 0.7988
vn 0.1345 -0.4912 0.8606
vn 0.1257 -0.4294 0.8943
vn 0.1273 -0.4246 0.8964
vn 0.1204 -0.4170 0.9009
vn 0.1121 -0.3499 0.9300
vn 0.1137 -0.2517 0.9611
vn 0.1131 -0.1648 0.9798
vn 0.2321 -0.6671 0.7079
vn 0.2277 -0.6617 0.7143
vn 0.2246 -0.6600 0.7169
vn 0.2217 -0.6290 0.7451
vn 0.2151 -0.5663 0.7956
vn 0.2014 -0.4923 0.8468
vn 0.2357 -0.4613 0.8554
vn 0.1885 -0.4287 0.8836
vn 0.1891 -0.4220 0.8867
vn 0.1811 -0.4201 0.8892
vn 0.2172 -0.3880 0.8957
vn 0.1675 -0.3523 0.9208
vn 0.1735 -0.2527 0.9519
vn 0.1741 -0.1658 0.9707
vn 0.2906 -0.6687 0.6844
vn 0.2747 -0.6624 0.6970
vn 0.2704 -0.6600 0.7009
vn 0.2813 -0.6559 0.7004
vn 0.2664 -0.6524 0.7096
vn 0.2643 -0.6252 0.7344
vn 0.2741 -0.5994 0.7521
vn 0.2583 -0.5646 0.7839
vn 0.2634 -0.4923 0.8296
vn 0.2498 -0.4403 0.8624
vn 0.2404 -0.4192 0.8755
vn 0.2421 -0.4102 0.8793
vn 0.2310 -0.3550 0.9059
vn 0.2369 -0.3008 0.9238
vn 0.2067 -0.2549 0.9446
vn 0.2090 -0.1663 0.9637
vn -0.0119 -0.9463 -0.3231
vn 0.0079 -0.9880 -0.1542
vn 0.0291 -0.9994 -0.0199
vn 0.0297 -0.9946 0.0992
vn -0.0335 -0.8021 -0.5962
vn -0.0468 -0.7717 -0.6343
vn 0.1992 -0.9240 -0.3263
vn 0.1271 -0.8968 -0.4238
vn 0.0364 -0.8483 -0.5283
vn 0.3210 -0.8757 -0.3606
vn 0.2628 -0.9069 -0.3294
vn 0.2511 -0.8904 -0.3798
vn 0.1738 -0.9354 -0.3080
vn 0.1765 -0.9756 -0.1308
vn 0.1827 -0.9831 -0.0129
vn 0.1860 -0.9783 0.0910
vn 0.1461 -0.7816 -0.6065
vn 0.1689 -0.7730 -0.6115
vn 0.3572 -0.8319 -0.4247
vn 0.2048 -0.8510 -0.4836
vn 0.1701 -0.7880 -0.5917
vn 0.2903 -0.7509 -0.5932
vn 0.3184 -0.8591 -0.4006
vn 0.2833 -0.8693 -0.4050
vn 0.2386 -0.8701 -0.4312
vn 0.3131 -0.9410 -0.1281
vn 0.2946 -0.9556 -0.0092
vn 0.3236 -0.9413 0.0965
vn 0.4279 -0.7773 -0.4612
vn 0.4086 -0.8525 -0.3260
vn 0.5047 -0.8466 -0.1689
vn 0.4978 -0.8672 -0.0100
vn 0.5002 -0.8544 0.1408
vn 0.4268 -0.8738 0.2333
vn 0.3015 -0.8204 -0.4858
vn 0.3518 -0.7729 -0.5281
vn 0.4046 -0.7411 -0.5358
vn 0.5131 -0.7378 -0.4386
vn 0.3357 -0.8355 -0.4349
vn 0.3116 -0.8462 -0.4323
vn 0.2923 -0.8436 -0.4504
vn 0.3408 -0.8233 -0.4538
vn 0.3737 -0.7942 -0.4791
vn 0.5711 -0.7981 -0.1920
vn 0.5704 -0.8213 -0.0140
vn 0.5704 -0.8055 0.1608
vn 0.4709 -0.7643 -0.4407
vn 0.5648 -0.7266 -0.3912
vn 0.6007 -0.7186 -0.3504
vn 0.7037 -0.6841 -0.1919
vn 0.7299 -0.6834 -0.0143
vn 0.7049 -0.6904 0.1629
vn 0.6138 -0.7336 0.2917
vn 0.3669 -0.8229 -0.4338
vn 0.3947 -0.8175 -0.4194
vn 0.4171 -0.8093 -0.4136
vn 0.5071 -0.7845 -0.3569
vn 0.5806 -0.7481 -0.3213
vn 0.3817 -0.7790 -0.4975
vn 0.3704 -0.8065 -0.4609
vn 0.3948 -0.8084 -0.4366
vn 0.6814 -0.7127 -0.1667
vn 0.7103 -0.7039 -0.0075
vn 0.6831 -0.7182 0.1328
vn 0.4385 -0.8148 -0.3793
vn 0.4870 -0.8222 -0.2947
vn 0.5629 -0.7915 -0.2382
vn 0.6388 -0.7356 -0.2256
vn 0.6566 -0.7427 -0.1311
vn 0.6621 -0.7493 -0.0111
vn 0.6204 -0.7808 0.0741
vn 0.4001 -0.7706 -0.4961
vn 0.4134 -0.8007 -0.4335
vn 0.4200 -0.8127 -0.4038
vn 0.4394 -0.8198 -0.3673
vn 0.4638 -0.8493 -0.2522
vn 0.4994 -0.8465 -0.1845
vn 0.5325 -0.8402 -0.1026
vn 0.5429 -0.8395 -0.0212
vn 0.5042 -0.8635 0.0145
vn 0.4330 -0.7948 -0.4251
vn 0.4454 -0.8179 -0.3641
vn 0.4556 -0.8300 -0.3216
vn 0.4669 -0.8464 -0.2560
vn 0.4567 -0.8731 -0.1707
vn 0.4546 -0.8866 -0.0849
vn 0.4524 -0.8914 -0.0267
vn 0.4205 -0.9070 -0.0244
vn 0.4477 -0.8223 -0.3513
vn 0.4503 -0.8499 -0.2736
vn 0.4342 -0.8801 -0.1919
vn 0.3956 -0.9124 -0.1049
vn 0.3375 -0.9396 -0.0572
vn 0.2840 -0.9564 -0.0682
vn 0.3049 -0.9458 -0.1115
vn 0.4626 -0.8394 -0.2852
vn 0.4387 -0.8710 -0.2212
vn 0.3998 -0.9038 -0.1526
vn 0.3413 -0.9336 -0.1087
vn 0.2854 -0.9519 -0.1112
vn 0.0045 -0.9653 0.2612
vn -0.0239 -0.8608 0.5084
vn 0.0114 -0.8814 0.4722
vn 0.1765 -0.9542 -0.2416
vn 0.1658 -0.9467 -0.2762
vn 0.1979 -0.9635 -0.1802
vn 0.2455 -0.9661 0.0802
vn 0.0780 -0.8831 0.4626
vn 0.0984 -0.9831 0.1547
vn 0.1153 -0.9930 -0.0274
vn 0.1528 -0.9780 -0.1423
vn 0.1292 -0.9687 -0.2120
vn 0.1693 -0.9570 0.2356
vn 0.3435 -0.8847 0.3151
vn 0.1717 -0.8636 0.4740
vn 0.1621 -0.8496 0.5018
vn 0.1370 -0.9593 -0.2471
vn 0.2053 -0.9728 -0.1072
vn 0.2987 -0.9429 0.1473
vn 0.1517 -0.8630 0.4819
vn 0.1285 -0.9781 0.1638
vn 0.1225 -0.9920 -0.0312
vn 0.1138 -0.9776 -0.1772
vn 0.1157 -0.9580 -0.2624
vn 0.4570 -0.8150 0.3562
vn 0.3719 -0.8239 0.4277
vn 0.1557 -0.9716 -0.1783
vn 0.2477 -0.9688 0.0023
vn 0.3676 -0.8937 0.2573
vn 0.5607 -0.7626 0.3226
vn 0.4939 -0.8094 0.3178
vn 0.3040 -0.8472 0.4357
vn 0.2045 -0.9697 0.1333
vn 0.1511 -0.9873 -0.0487
vn 0.1269 -0.9722 -0.1969
vn 0.1250 -0.9579 -0.2585
vn 0.5256 -0.7109 0.4672
vn 0.5239 -0.6706 0.5252
vn 0.2067 -0.9743 -0.0894
vn 0.3285 -0.9369 0.1197
vn 0.5689 -0.7824 0.2532
vn 0.4409 -0.8805 0.1742
vn 0.3094 -0.9503 0.0359
vn 0.2040 -0.9729 -0.1085
vn 0.1714 -0.9640 -0.2034
vn 0.1802 -0.9528 -0.2444
vn 0.4189 -0.9080 -0.0101
vn 0.5232 -0.8000 0.2939
vn 0.5007 -0.7597 0.4149
vn 0.5746 -0.5816 0.5758
vn 0.6332 -0.4128 0.6547
vn 0.5697 -0.3166 0.7584
vn 0.6312 -0.0887 0.7705
vn 0.5326 -0.0307 0.8458
vn 0.5943 -0.7904 0.1488
vn 0.4414 -0.8968 0.0306
vn 0.3006 -0.9500 -0.0848
vn 0.2157 -0.9603 -0.1771
vn 0.2263 -0.9610 -0.1592
vn 0.3327 -0.9378 0.0990
vn 0.4446 -0.7982 0.4066
vn 0.5399 -0.8410 0.0368
vn 0.4288 -0.9001 -0.0770
vn 0.3243 -0.9308 -0.1684
vn 0.5420 -0.5880 0.6004
vn 0.5100 -0.4645 0.7240
vn 0.5189 -0.1320 0.8446
vn 0.1909 -0.9583 -0.2129
vn 0.2363 -0.9694 -0.0668
vn 0.3586 -0.9032 0.2358
vn 0.4269 -0.9023 -0.0607
vn 0.3344 -0.9288 -0.1596
vn 0.2575 -0.9379 -0.2323
vn 0.2207 -0.9414 -0.2549
vn 0.2191 -0.9443 -0.2455
vn 0.4996 -0.7190 0.4832
vn 0.5194 -0.6516 0.5528
vn 0.5548 -0.4285 0.7131
vn 0.5984 -0.2245 0.7691
vn 0.5178 -0.1524 0.8418
vn 0.2843 -0.9579 0.0407
vn 0.3091 -0.9420 -0.1306
vn 0.2609 -0.9405 -0.2176
vn 0.2247 -0.9352 -0.2738
vn 0.2715 -0.9422 -0.1965
vn 0.3085 -0.9342 -0.1790
vn 0.5605 -0.8077 0.1828
vn 0.4577 -0.7801 0.4265
vn 0.5535 -0.5635 0.6132
vn 0.2588 -0.9551 -0.1444
vn 0.2472 -0.9424 -0.2255
vn 0.5538 -0.4446 0.7041
vn 0.5265 -0.2964 0.7969
vn 0.1945 -0.9447 -0.2640
vn 0.2764 -0.9581 -0.0756
vn 0.4121 -0.8606 0.2992
vn 0.2400 -0.9582 -0.1557
vn 0.1983 -0.9549 -0.2210
vn 0.1831 -0.9333 -0.3088
vn 0.5107 -0.5021 0.6979
vn 0.5014 -0.3629 0.7854
vn 0.2774 -0.8656 0.4170
vn 0.3558 -0.6438 0.6774
vn 0.3185 -0.4244 0.8476
vn 0.4974 -0.1489 0.8546
vn 0.1773 -0.1043 0.9786
vn 0.4648 0.2014 0.8622
vn 0.1532 0.5327 0.8323
vn 0.1368 0.1778 0.9745
vn 0.3514 -0.8271 0.4387
vn 0.5127 -0.6291 0.5843
vn 0.4327 -0.5671 0.7008
vn 0.4861 -0.1758 0.8560
vn 0.4101 0.1512 0.8994
vn 0.5585 -0.4888 0.6702
vn 0.6559 -0.2681 0.7056
vn 0.5047 -0.2071 0.8381
vn 0.6308 0.0194 0.7757
vn 0.4659 0.3111 0.8283
vn 0.4555 0.0712 0.8874
vn 0.4308 -0.7298 -0.5308
vn 0.4620 -0.6801 -0.5693
vn 0.4453 -0.7494 -0.4901
vn 0.4535 -0.7670 -0.4538
vn 0.4854 -0.6303 -0.6059
vn 0.4806 -0.7326 -0.4820
vn 0.4597 -0.7852 -0.4149
vn 0.4791 -0.7952 -0.3717
vn 0.5164 -0.5533 -0.6536
vn 0.4983 -0.6460 -0.5782
vn 0.5395 -0.4597 -0.7054
vn 0.5085 -0.7161 -0.4781
vn 0.5127 -0.7589 -0.4014
vn 0.4921 -0.7990 -0.3455
vn 0.4973 -0.8068 -0.3190
vn 0.4773 -0.8383 -0.2635
vn 0.5306 -0.6207 -0.5772
vn 0.5680 -0.6444 -0.5120
vn 0.5574 -0.7092 -0.4316
vn 0.5846 -0.3539 -0.7301
vn 0.5857 -0.4817 -0.6519
vn 0.6459 -0.2019 -0.7362
vn 0.6309 -0.0471 -0.7744
vn 0.6138 -0.0066 -0.7895
vn 0.6157 -0.0394 -0.7870
vn 0.6229 -0.1044 -0.7753
vn -0.1208 0.7064 0.6974
vn -0.1081 0.8164 0.5672
vn -0.0440 0.8177 0.5739
vn -0.0546 0.3469 0.9363
vn 0.0577 -0.0717 0.9958
vn 0.1501 -0.3806 0.9125
vn 0.2305 -0.5486 0.8037
vn 0.2630 -0.6281 0.7324
vn 0.2851 -0.6654 0.6899
vn 0.2925 -0.6934 0.6585
vn -0.0801 0.6895 0.7199
vn -0.0370 0.7736 0.6326
vn 0.0658 0.7483 0.6601
vn -0.0568 0.4376 0.8974
vn -0.0835 0.5815 0.8093
vn 0.0044 0.0766 0.9971
vn 0.1075 -0.2699 0.9569
vn 0.2024 -0.5053 0.8389
vn 0.2535 -0.6004 0.7585
vn 0.2794 -0.6612 0.6962
vn 0.3086 -0.6592 0.6857
vn 0.2934 -0.6824 0.6695
vn 0.3816 0.4497 0.8076
vn 0.2765 0.5885 0.7597
vn 0.0907 0.7192 0.6889
vn 0.2086 0.6466 0.7338
vn -0.0116 0.5080 0.8613
vn 0.0315 0.6013 0.7984
vn 0.0310 0.1606 0.9865
vn 0.1186 -0.1824 0.9761
vn 0.2173 -0.4545 0.8638
vn 0.2929 -0.4524 0.8423
vn 0.2775 -0.5554 0.7839
vn 0.3216 -0.6103 0.7239
vn 0.3533 -0.6479 0.6748
vn 0.3679 -0.6737 0.6409
vn 0.5579 0.2280 0.7980
vn 0.3976 0.4612 0.7933
vn 0.4539 0.3076 0.8363
vn 0.2987 0.5067 0.8088
vn 0.2010 0.4481 0.8711
vn 0.1089 0.4734 0.8741
vn 0.1840 0.5353 0.8244
vn 0.1111 0.2203 0.9691
vn 0.1921 -0.0896 0.9773
vn 0.2720 -0.3285 0.9045
vn 0.3472 -0.4888 0.8003
vn 0.4103 -0.4956 0.7655
vn 0.3839 -0.5604 0.7339
vn 0.4093 -0.6218 0.6677
vn 0.4588 -0.6030 0.6527
vn 0.4289 -0.6357 0.6418
vn 0.4539 0.1613 0.8763
vn 0.2712 0.4209 0.8656
vn 0.3443 0.3832 0.8571
vn 0.2204 0.3871 0.8953
vn 0.2154 0.2518 0.9435
vn 0.3277 0.0393 0.9440
vn 0.2611 -0.0037 0.9653
vn 0.3795 -0.1687 0.9097
vn 0.3353 -0.2465 0.9093
vn 0.3923 -0.4110 0.8229
vn 0.4432 -0.5148 0.7339
vn 0.4748 -0.5199 0.7101
vn 0.4701 -0.5705 0.6734
vn 0.4894 -0.5919 0.6405
vn 0.5463 0.0131 0.8375
vn 0.4605 0.0811 0.8840
vn 0.4723 0.2101 0.8560
vn 0.3252 0.3736 0.8687
vn 0.3736 0.2649 0.8890
vn 0.2902 0.3392 0.8948
vn 0.2827 0.2369 0.9295
vn 0.2627 0.1721 0.9494
vn 0.2716 0.2600 0.9266
vn 0.2686 0.0679 0.9609
vn 0.3076 -0.0871 0.9475
vn 0.3814 -0.2605 0.8869
vn 0.4141 -0.3029 0.8583
vn 0.4344 -0.3719 0.8204
vn 0.4622 -0.4581 0.7593
vn 0.5001 -0.5321 0.6832
vn 0.4801 -0.0365 0.8765
vn 0.4220 0.1514 0.8938
vn 0.4204 0.1721 0.8909
vn 0.3768 0.2351 0.8960
vn 0.3247 0.2578 0.9100
vn 0.3622 0.2885 0.8864
vn 0.3121 0.2059 0.9275
vn 0.3207 0.0987 0.9420
vn 0.3565 -0.0500 0.9329
vn 0.4044 -0.2181 0.8882
vn 0.4623 -0.3242 0.8254
vn 0.4971 -0.3479 0.7949
vn 0.5073 -0.4158 0.7548
vn 0.5706 -0.1292 0.8110
vn 0.4686 0.0833 0.8795
vn 0.4307 -0.0678 0.9000
vn 0.4445 0.1142 0.8885
vn 0.3862 0.1971 0.9011
vn 0.3562 0.1968 0.9134
vn 0.3925 0.1303 0.9105
vn 0.3588 0.1221 0.9254
vn 0.4213 0.0239 0.9066
vn 0.3929 -0.0106 0.9195
vn 0.4667 -0.1185 0.8764
vn 0.4413 -0.1702 0.8811
vn 0.5064 -0.2364 0.8293
vn 0.4808 -0.2775 0.8317
vn 0.5209 -0.3749 0.7669
vn 0.0110 0.8099 0.5865
vn 0.1106 0.6228 0.7745
vn 0.2971 -0.7013 0.6480
vn 0.2974 -0.6983 0.6511
vn 0.2973 -0.6896 0.6604
vn 0.3516 0.5033 0.7893
vn 0.1504 0.7265 0.6705
vn 0.2722 0.5028 0.8204
vn 0.3000 -0.7003 0.6477
vn 0.3274 -0.6883 0.6474
vn 0.3044 -0.6944 0.6520
vn 0.3066 -0.6889 0.6568
vn 0.3734 -0.6704 0.6412
vn 0.3579 -0.6771 0.6430
vn 0.4458 -0.6390 0.6269
vn 0.6300 -0.1476 -0.7624
vn 0.5101 -0.5792 0.6359
vn 0.4999 -0.5948 0.6295
vn 0.5287 -0.5277 0.6649
vn 0.5164 -0.5607 0.6473
vn 0.5291 -0.5682 0.6302
vn 0.5523 -0.5520 0.6247
vn 0.5371 -0.5655 0.6259
vn 0.5320 -0.4886 0.6915
vn 0.5546 -0.5249 0.6457
vn 0.5746 -0.5140 0.6369
vn 0.5682 -0.5347 0.6255
vn 0.5799 -0.5296 0.6190
vn 0.5992 -0.5141 0.6137
vn 0.5903 -0.5296 0.6091
vn 0.5433 -0.3978 0.7393
vn 0.5526 -0.4563 0.6974
vn 0.5639 -0.4616 0.6848
vn 0.5748 -0.4912 0.6545
vn 0.5910 -0.5008 0.6324
vn 0.5884 -0.4985 0.6366
vn 0.6004 -0.5036 0.6212
vn 0.6092 -0.5046 0.6118
vn 0.6041 -0.5053 0.6162
vn 0.6182 -0.5098 0.5983
vn 0.2966 -0.6730 0.6775
vn 0.2936 -0.6657 0.6861
vn 0.2915 -0.6597 0.6927
vn 0.2874 -0.6537 0.7001
vn 0.2798 -0.6276 0.7266
vn 0.2717 -0.5747 0.7720
vn 0.2607 -0.4914 0.8310
vn 0.2544 -0.4433 0.8595
vn 0.2645 -0.4294 0.8635
vn 0.2522 -0.4202 0.8717
vn 0.2571 -0.4046 0.8776
vn 0.2661 -0.3416 0.9014
vn 0.2418 -0.2417 0.9397
vn 0.2442 -0.1981 0.9493
vn 0.2201 -0.1663 0.9612
vn 0.3080 -0.6688 0.6766
vn 0.3069 -0.6665 0.6794
vn 0.3422 -0.6548 0.6739
vn 0.3048 -0.6564 0.6901
vn 0.3028 -0.6559 0.6915
vn 0.3406 -0.6375 0.6911
vn 0.2964 -0.6312 0.7168
vn 0.2863 -0.5762 0.7655
vn 0.3265 -0.5321 0.7812
vn 0.2713 -0.4913 0.8277
vn 0.2795 -0.4327 0.8571
vn 0.2754 -0.4259 0.8619
vn 0.3111 -0.4068 0.8589
vn 0.2639 -0.3979 0.8787
vn 0.2785 -0.3291 0.9023
vn 0.2855 -0.2326 0.9297
vn 0.2498 -0.1687 0.9535
vn 0.4313 -0.6344 0.6415
vn 0.3677 -0.6464 0.6685
vn 0.3990 -0.6406 0.6561
vn 0.4096 -0.6253 0.6643
vn 0.4110 -0.6324 0.6566
vn 0.4114 -0.5999 0.6862
vn 0.4078 -0.5565 0.7238
vn 0.3820 -0.4745 0.7931
vn 0.4399 -0.4302 0.7883
vn 0.3639 -0.4186 0.8321
vn 0.3840 -0.4114 0.8266
vn 0.3684 -0.3835 0.8469
vn 0.4220 -0.3445 0.8386
vn 0.3314 -0.3164 0.8888
vn 0.3406 -0.2250 0.9129
vn 0.4899 -0.6062 0.6265
vn 0.4630 -0.6203 0.6332
vn 0.4713 -0.6096 0.6374
vn 0.5021 -0.5939 0.6287
vn 0.4748 -0.6074 0.6369
vn 0.4770 -0.6064 0.6362
vn 0.5099 -0.5894 0.6265
vn 0.4798 -0.6013 0.6390
vn 0.4821 -0.5792 0.6574
vn 0.5158 -0.5442 0.6617
vn 0.4830 -0.5326 0.6950
vn 0.4999 -0.4461 0.7424
vn 0.4787 -0.3975 0.7829
vn 0.5014 -0.3858 0.7745
vn 0.4749 -0.3882 0.7898
vn 0.4893 -0.3604 0.7942
vn 0.4631 -0.3044 0.8324
vn 0.4992 -0.2410 0.8323
vn 0.4194 -0.2124 0.8826
vn 0.5109 -0.5891 0.6260
vn 0.5271 -0.5766 0.6243
vn 0.5171 -0.5846 0.6252
vn 0.5203 -0.5837 0.6234
vn 0.5360 -0.5741 0.6190
vn 0.5240 -0.5825 0.6214
vn 0.5290 -0.5745 0.6246
vn 0.5436 -0.5581 0.6269
vn 0.5304 -0.5572 0.6389
vn 0.5272 -0.5181 0.6735
vn 0.5461 -0.4687 0.6943
vn 0.5152 -0.4439 0.7332
vn 0.5441 -0.4052 0.7347
vn 0.5194 -0.3909 0.7599
vn 0.5149 -0.3713 0.7727
vn 0.5268 -0.3527 0.7734
vn 0.5110 -0.3495 0.7853
vn 0.5267 -0.3041 0.7938
vn 0.5087 -0.2725 0.8167
vn 0.5435 -0.5663 0.6197
vn 0.5722 -0.5476 0.6106
vn 0.5498 -0.5630 0.6170
vn 0.5546 -0.5629 0.6128
vn 0.5815 -0.5446 0.6044
vn 0.5571 -0.5553 0.6174
vn 0.5618 -0.5385 0.6280
vn 0.5897 -0.5008 0.6336
vn 0.5611 -0.4882 0.6684
vn 0.5736 -0.4163 0.7055
vn 0.5615 -0.3727 0.7388
vn 0.5926 -0.3502 0.7254
vn 0.5582 -0.3535 0.7506
vn 0.5713 -0.3172 0.7569
vn 0.5475 -0.2626 0.7945
vn 0.5981 -0.5309 0.6004
vn 0.6149 -0.5190 0.5938
vn 0.6039 -0.5312 0.5943
vn 0.6095 -0.5222 0.5965
vn 0.6290 -0.4985 0.5965
vn 0.6140 -0.5030 0.6083
vn 0.6147 -0.4650 0.6371
vn 0.6485 -0.4026 0.6461
vn 0.6100 -0.3987 0.6848
vn 0.6513 -0.3491 0.6737
vn 0.6254 -0.3456 0.6996
vn 0.6220 -0.3292 0.7104
vn 0.6500 -0.2934 0.7010
vn 0.6123 -0.2985 0.7321
vn 0.6270 -0.5049 0.5933
vn 0.6228 -0.4986 0.6030
vn 0.6351 -0.4972 0.5911
vn 0.6442 -0.4687 0.6044
vn 0.6485 -0.4311 0.6274
vn 0.6508 -0.4135 0.6368
vn 0.6445 -0.3757 0.6659
vn 0.6579 -0.3605 0.6612
vn 0.6556 -0.3241 0.6820
vn 0.6599 -0.3024 0.6878
vn 0.6547 -0.2953 0.6959
vn 0.4153 -0.8890 -0.1927
vn 0.3678 -0.9157 -0.1619
vn 0.3143 -0.9347 -0.1658
vn 0.3462 -0.9128 -0.2169
vn 0.2393 -0.9532 -0.1848
vn 0.3442 -0.9348 0.0881
vn 0.4233 -0.8130 0.3998
vn 0.2585 -0.9443 -0.2038
vn 0.2178 -0.9407 -0.2600
vn 0.2033 -0.9295 -0.3078
vn 0.5280 -0.7813 0.3329
vn 0.5667 -0.5774 0.5877
vn 0.4847 -0.4653 0.7407
vn 0.2901 -0.9508 -0.1091
vn 0.3081 -0.9198 -0.2430
vn 0.3060 -0.9163 -0.2585
vn 0.3006 -0.8998 -0.3161
vn 0.5680 -0.8217 -0.0465
vn 0.4814 -0.8403 0.2493
vn 0.5868 -0.6866 0.4292
vn 0.4648 -0.8638 -0.1944
vn 0.5357 -0.8441 0.0226
vn 0.5492 -0.7266 0.4128
vn 0.5304 -0.7717 -0.3509
vn 0.5130 -0.8051 -0.2978
vn 0.4728 -0.8447 -0.2508
vn 0.4684 -0.8498 -0.2416
vn 0.4333 -0.8739 -0.2205
vn 0.6011 -0.5823 -0.5473
vn 0.5971 -0.6403 -0.4832
vn 0.5637 -0.7163 -0.4113
vn 0.5797 -0.7151 -0.3906
vn 0.6106 -0.4430 -0.6564
vn 0.6639 -0.4530 -0.5950
vn 0.6559 -0.5315 -0.5361
vn 0.6520 -0.2269 -0.7235
vn 0.7010 -0.2462 -0.6693
vn 0.6597 -0.0669 -0.7485
vn 0.6934 -0.0839 -0.7157
vn 0.6573 -0.0083 -0.7536
vn 0.6836 -0.0074 -0.7298
vn 0.6636 -0.0293 -0.7475
vn 0.6928 -0.0147 -0.7210
vn 0.6726 -0.0941 -0.7340
vn 0.7094 -0.0787 -0.7003
vn 0.5444 -0.7783 -0.3130
vn 0.5192 -0.8063 -0.2833
vn 0.4886 -0.8290 -0.2721
vn 0.4223 -0.8721 -0.2473
vn 0.4351 -0.8599 -0.2668
vn 0.6394 -0.6405 -0.4252
vn 0.5963 -0.7109 -0.3730
vn 0.6097 -0.7100 -0.3524
vn 0.5916 -0.7390 -0.3223
vn 0.6965 -0.4349 -0.5707
vn 0.6760 -0.5551 -0.4846
vn 0.6933 -0.5561 -0.4583
vn 0.6924 -0.2623 -0.6722
vn 0.7616 -0.2843 -0.5824
vn 0.7019 -0.0950 -0.7059
vn 0.7636 -0.1114 -0.6361
vn 0.7076 -0.0036 -0.7066
vn 0.7528 -0.0013 -0.6583
vn 0.7171 0.0008 -0.6970
vn 0.7577 0.0140 -0.6524
vn 0.7277 -0.0615 -0.6832
vn 0.7690 -0.0484 -0.6374
vn 0.5497 -0.7822 -0.2932
vn 0.5373 -0.7907 -0.2933
vn 0.6726 -0.6321 -0.3847
vn 0.6505 -0.6697 -0.3583
vn 0.6040 -0.7277 -0.3249
vn 0.6236 -0.7130 -0.3204
vn 0.6260 -0.7188 -0.3025
vn 0.7455 -0.4611 -0.4812
vn 0.7112 -0.5500 -0.4379
vn 0.7267 -0.5397 -0.4250
vn 0.7239 -0.5753 -0.3807
vn 0.7608 -0.2998 -0.5756
vn 0.8007 -0.3234 -0.5043
vn 0.7910 -0.3758 -0.4828
vn 0.7899 -0.1206 -0.6012
vn 0.8299 -0.1190 -0.5450
vn 0.8037 0.0022 -0.5951
vn 0.8329 0.0088 -0.5534
vn 0.8134 0.0274 -0.5811
vn 0.8418 0.0436 -0.5380
vn 0.8234 -0.0336 -0.5664
vn 0.8542 -0.0182 -0.5196
vn 0.9016 -0.0064 -0.4326
vn 0.7136 -0.6189 -0.3282
vn 0.7182 -0.6304 -0.2947
vn 0.6840 -0.6755 -0.2753
vn 0.7939 -0.4726 -0.3825
vn 0.7526 -0.5483 -0.3645
vn 0.8051 -0.4939 -0.3285
vn 0.8131 -0.5084 -0.2836
vn 0.8420 -0.2670 -0.4687
vn 0.8297 -0.3558 -0.4300
vn 0.8966 -0.2825 -0.3410
vn 0.9089 -0.2512 -0.3330
vn 0.8249 -0.1112 -0.5542
vn 0.9150 -0.0847 -0.3946
vn 0.9433 -0.0780 -0.3226
vn 0.9622 -0.0269 -0.2709
vn 0.8447 0.0223 -0.5348
vn 0.9226 0.0389 -0.3837
vn 0.9540 0.0558 -0.2945
vn 0.9742 0.0989 -0.2028
vn 0.9883 0.1498 -0.0298
vn 0.8656 0.0626 -0.4968
vn 0.9176 0.0722 -0.3909
vn 0.8981 0.0739 -0.4335
vn 0.9568 0.0823 -0.2790
vn 0.9814 0.0981 -0.1650
vn 0.9932 0.1165 -0.0010
vn 0.9054 -0.0653 -0.4195
vn 0.9062 0.0049 -0.4227
vn 0.9626 0.0137 -0.2706
vn 0.9888 0.0302 -0.1463
vn 0.9985 0.0513 0.0176
vn 0.9019 -0.3693 -0.2239
vn 0.9116 -0.2017 -0.3582
vn 0.9897 -0.1013 -0.1016
vn 0.9525 0.0332 -0.3027
vn 0.9972 0.0531 -0.0526
vn 0.9689 0.2404 -0.0589
vn 0.5587 -0.3130 0.7681
vn 0.4948 -0.1822 0.8497
vn 0.4453 0.0452 0.8943
vn 0.3998 0.1472 0.9047
vn 0.3973 0.1599 0.9037
vn 0.3880 0.1849 0.9029
vn 0.3830 0.1730 0.9074
vn 0.3810 0.1873 0.9054
vn 0.3918 0.1377 0.9097
vn 0.4164 0.0556 0.9075
vn 0.4551 -0.0677 0.8879
vn 0.4964 -0.1819 0.8488
vn 0.5294 -0.2708 0.8040
vn 0.4245 -0.8626 -0.2752
vn 0.5707 -0.4001 0.7171
vn 0.5046 -0.2588 0.8237
vn 0.5492 -0.0720 0.8326
vn 0.4417 0.1008 0.8915
vn 0.4151 -0.0049 0.9098
vn 0.4442 0.1313 0.8863
vn 0.4184 0.1831 0.8896
vn 0.4812 0.1681 0.8603
vn 0.4205 0.1517 0.8945
vn 0.5082 0.1107 0.8541
vn 0.4444 0.0849 0.8918
vn 0.5530 0.0165 0.8330
vn 0.4848 -0.0292 0.8741
vn 0.6092 -0.0997 0.7867
vn 0.5274 -0.1479 0.8366
vn 0.5461 -0.7906 -0.2769
vn 0.4943 -0.8330 -0.2484
vn 0.6379 -0.7593 -0.1282
vn 0.7245 -0.6766 0.1317
vn 0.6987 -0.5156 0.4959
vn 0.5285 -0.4101 0.7433
vn 0.6856 -0.2466 0.6849
vn 0.5213 -0.1238 0.8444
vn 0.5998 0.0429 0.7990
vn 0.4718 0.0908 0.8770
vn 0.5486 0.1815 0.8161
vn 0.4995 0.1947 0.8442
vn 0.4530 0.1759 0.8740
vn 0.5722 0.2026 0.7947
vn 0.7246 0.1641 0.6693
vn 0.6086 0.1427 0.7806
vn 0.7471 0.0995 0.6572
vn 0.6467 0.0637 0.7601
vn 0.7871 -0.0009 0.6168
vn 0.6888 -0.0463 0.7235
vn 0.6566 -0.7159 -0.2374
vn 0.6940 -0.7136 -0.0958
vn 0.7295 -0.6581 0.1864
vn 0.7712 -0.6038 -0.2017
vn 0.8484 -0.5291 -0.0130
vn 0.8784 -0.3877 0.2794
vn 0.7559 -0.3083 0.5776
vn 0.8334 -0.5152 -0.2002
vn 0.8897 -0.0863 0.4483
vn 0.7393 0.0053 0.6734
vn 0.8274 0.1406 0.5437
vn 0.6890 0.1835 0.7012
vn 0.8884 0.2529 0.3832
vn 0.7953 0.2230 0.5637
vn 0.7538 0.2156 0.6207
vn 0.6851 0.2114 0.6971
vn 0.9694 0.1860 0.1604
vn 0.9109 0.1889 0.3669
vn 0.8099 0.1821 0.5577
vn 0.9750 0.1315 0.1789
vn 0.9254 0.1348 0.3541
vn 0.8360 0.1253 0.5342
vn 0.9790 0.0666 0.1927
vn 0.9369 0.0645 0.3436
vn 0.8620 0.0417 0.5051
vn 0.8472 -0.5300 0.0365
vn 0.9384 -0.3228 -0.1235
vn 0.9198 -0.3725 -0.1237
vn 0.9850 -0.1584 0.0686
vn 0.8709 -0.1241 0.4755
vn 0.9992 -0.0358 0.0205
vn 0.9896 0.0282 0.1407
vn 0.9318 0.1874 0.3109
vn 0.8930 0.1030 0.4381
vn 0.9917 0.0997 0.0806
vn 0.9560 0.2555 0.1441
vn 0.9516 0.1942 0.2381
vn 0.6558 -0.1646 -0.7367
vn 0.6758 -0.1431 -0.7231
vn 0.7194 -0.1369 -0.6810
vn 0.6837 -0.1640 -0.7111
vn 0.6847 -0.1804 -0.7061
vn 0.6843 -0.1959 -0.7024
vn 0.7336 -0.1441 -0.6641
vn 0.7354 -0.1229 -0.6664
vn 0.7733 -0.1127 -0.6239
vn 0.7318 -0.1580 -0.6629
vn 0.7513 -0.1449 -0.6439
vn 0.7800 -0.1352 -0.6110
vn 0.7340 -0.1787 -0.6552
vn 0.7570 -0.1715 -0.6305
vn 0.7043 -0.2078 -0.6788
vn 0.7297 -0.1977 -0.6545
vn 0.7626 -0.1910 -0.6180
vn 0.7427 -0.1929 -0.6413
vn 0.7719 -0.1898 -0.6068
vn 0.7529 -0.1881 -0.6307
vn 0.7619 -0.1683 -0.6255
vn 0.7630 -0.1478 -0.6292
vn 0.8260 -0.1026 -0.5543
vn 0.8605 -0.0914 -0.5012
vn 0.8089 -0.1397 -0.5711
vn 0.8258 -0.1242 -0.5502
vn 0.8667 -0.1090 -0.4868
vn 0.7923 -0.1616 -0.5883
vn 0.8320 -0.1500 -0.5341
vn 0.8711 -0.1409 -0.4704
vn 0.7955 -0.1761 -0.5798
vn 0.8368 -0.1658 -0.5218
vn 0.8741 -0.1642 -0.4572
vn 0.7968 -0.1701 -0.5799
vn 0.8027 -0.1769 -0.5695
vn 0.8349 -0.1686 -0.5239
vn 0.7939 -0.1719 -0.5832
vn 0.8143 -0.1593 -0.5582
vn 0.8336 -0.1585 -0.5291
vn 0.8037 -0.1580 -0.5737
vn 0.8264 -0.1441 -0.5443
vn 0.8425 -0.1349 -0.5216
vn 0.8140 -0.1392 -0.5640
vn 0.8439 -0.1143 -0.5241
vn 0.8931 -0.0771 -0.4432
vn 0.9284 -0.0586 -0.3669
vn 0.9659 -0.0469 -0.2545
vn 0.9921 -0.0260 -0.1228
vn 0.9994 -0.0096 0.0322
vn 0.8961 -0.0919 -0.4343
vn 0.9337 -0.0785 -0.3494
vn 0.9686 -0.0725 -0.2378
vn 0.9922 -0.0663 -0.1054
vn 0.9972 -0.0671 0.0325
vn 0.8990 -0.1273 -0.4190
vn 0.9332 -0.1140 -0.3409
vn 0.9667 -0.1078 -0.2322
vn 0.9894 -0.1059 -0.0994
vn 0.9940 -0.1065 0.0263
vn 0.8888 -0.1701 -0.4255
vn 0.9001 -0.1538 -0.4076
vn 0.9344 -0.1345 -0.3299
vn 0.9650 -0.1249 -0.2308
vn 0.9880 -0.1218 -0.0950
vn 0.9922 -0.1228 0.0205
vn 0.8720 -0.1605 -0.4625
vn 0.9151 -0.1446 -0.3764
vn 0.9392 -0.1343 -0.3162
vn 0.9639 -0.1303 -0.2321
vn 0.9872 -0.1312 -0.0907
vn 0.9906 -0.1367 0.0102
vn 0.8787 -0.1445 -0.4549
vn 0.9244 -0.1219 -0.3614
vn 0.9452 -0.1152 -0.3054
vn 0.9610 -0.1257 -0.2462
vn 0.8785 -0.0959 -0.4679
vn 0.8906 -0.1150 -0.4400
vn 0.9301 -0.0918 -0.3556
vn 0.9497 -0.0828 -0.3019
vn 0.8698 -0.0835 -0.4863
vn 0.9094 -0.0571 -0.4120
vn 0.9352 -0.0520 -0.3503
vn 0.9549 -0.0421 -0.2939
vn 0.9834 -0.1598 -0.0860
vn 0.9868 -0.1619 0.0033
vn 0.9680 -0.0958 -0.2320
vn 0.9777 -0.1197 -0.1728
vn 0.9896 -0.1155 -0.0857
vn 0.9904 -0.1380 -0.0074
vn 0.9614 -0.0707 -0.2661
vn 0.9757 -0.0694 -0.2077
vn 0.9883 -0.0964 -0.1180
vn 0.9915 -0.1267 -0.0295
vn 0.9648 -0.0292 -0.2613
vn 0.9756 -0.0293 -0.2176
vn 0.9863 -0.0547 -0.1553
vn 0.9942 -0.0904 -0.0588
vn 0.5579 -0.3067 0.7712
vn 0.5532 -0.3591 0.7517
vn 0.5583 -0.4380 0.7046
vn 0.5682 -0.4816 0.6672
vn 0.5791 -0.4824 0.6572
vn 0.5736 -0.4958 0.6520
vn 0.5809 -0.5015 0.6411
vn 0.5849 -0.4966 0.6413
vn 0.5879 -0.5032 0.6334
vn 0.5975 -0.5040 0.6236
vn 0.5947 -0.4996 0.6299
vn 0.6067 -0.5023 0.6161
vn 0.6602 -0.2004 0.7238
vn 0.5613 -0.2434 0.7910
vn 0.5874 -0.3561 0.7267
vn 0.6249 -0.3811 0.6814
vn 0.5847 -0.4262 0.6902
vn 0.6555 -0.4253 0.6241
vn 0.5974 -0.4584 0.6580
vn 0.6015 -0.4817 0.6373
vn 0.6409 -0.4640 0.6116
vn 0.5989 -0.4858 0.6367
vn 0.5990 -0.4936 0.6305
vn 0.6316 -0.4760 0.6119
vn 0.5981 -0.4927 0.6321
vn 0.6034 -0.4913 0.6281
vn 0.6326 -0.4544 0.6272
vn 0.6116 -0.4644 0.6405
vn 0.6655 -0.3867 0.6384
vn 0.6430 -0.3968 0.6551
vn 0.8190 -0.0979 0.5654
vn 0.7183 -0.1411 0.6813
vn 0.7149 -0.2381 0.6574
vn 0.8382 -0.1985 0.5080
vn 0.7785 -0.2654 0.5688
vn 0.7117 -0.3384 0.6156
vn 0.7997 -0.3420 0.4935
vn 0.7215 -0.3865 0.5745
vn 0.7052 -0.4170 0.5734
vn 0.8179 -0.3694 0.4410
vn 0.7498 -0.4051 0.5231
vn 0.6917 -0.4397 0.5729
vn 0.6833 -0.4466 0.5776
vn 0.7736 -0.4038 0.4884
vn 0.7227 -0.4270 0.5435
vn 0.6764 -0.4540 0.5800
vn 0.6731 -0.4519 0.5854
vn 0.7540 -0.3992 0.5216
vn 0.7196 -0.4112 0.5596
vn 0.6786 -0.4380 0.5897
vn 0.7586 -0.3351 0.5588
vn 0.7209 -0.3628 0.5905
vn 0.7232 -0.3092 0.6176
vn 0.7919 -0.2551 0.5548
vn 0.7672 -0.2590 0.5868
vn 0.7245 -0.2824 0.6288
vn 0.9809 -0.0106 0.1945
vn 0.9454 -0.0279 0.3247
vn 0.8813 -0.0566 0.4692
vn 0.9800 -0.0791 0.1826
vn 0.9477 -0.1008 0.3027
vn 0.8908 -0.1386 0.4328
vn 0.8842 -0.2034 0.4205
vn 0.9793 -0.1224 0.1610
vn 0.9497 -0.1589 0.2699
vn 0.9165 -0.2111 0.3399
vn 0.8784 -0.2791 0.3879
vn 0.9809 -0.1486 0.1255
vn 0.9556 -0.1963 0.2200
vn 0.9283 -0.2438 0.2808
vn 0.8912 -0.2979 0.3422
vn 0.8818 -0.3147 0.3512
vn 0.9816 -0.1714 0.0845
vn 0.9593 -0.2250 0.1706
vn 0.9330 -0.2602 0.2486
vn 0.9153 -0.2829 0.2867
vn 0.8701 -0.3342 0.3621
vn 0.8537 -0.3339 0.3997
vn 0.9348 -0.2685 0.2326
vn 0.9220 -0.2750 0.2727
vn 0.9015 -0.2882 0.3228
vn 0.8371 -0.3455 0.4241
vn 0.8259 -0.3392 0.4504
vn 0.9293 -0.2506 0.2711
vn 0.9175 -0.2499 0.3093
vn 0.8901 -0.2524 0.3794
vn 0.8161 -0.2980 0.4951
vn 0.9298 -0.1872 0.3169
vn 0.9094 -0.1865 0.3717
vn 0.8465 -0.2243 0.4829
vn 0.8392 -0.2128 0.5004
vn 0.9823 -0.1806 0.0507
vn 0.9678 -0.2209 0.1210
vn 0.9876 -0.1539 0.0302
vn 0.9824 -0.1710 0.0751
vn 0.9614 -0.2239 0.1601
vn 0.9553 -0.2284 0.1879
vn 0.9895 -0.1425 0.0236
vn 0.9864 -0.1514 0.0645
vn 0.9772 -0.1687 0.1290
vn 0.9504 -0.2226 0.2173
vn 0.9485 -0.2091 0.2380
vn 0.9935 -0.1123 0.0156
vn 0.9911 -0.1201 0.0574
vn 0.9853 -0.1287 0.1128
vn 0.9725 -0.1378 0.1876
vn 0.9467 -0.1715 0.2725
vn 0.6176 -0.4868 0.6177
vn 0.6145 -0.4605 0.6406
vn 0.6280 -0.4463 0.6376
vn 0.6232 -0.3985 0.6730
vn 0.6393 -0.3909 0.6622
vn 0.6451 -0.3384 0.6851
vn 0.6523 -0.3059 0.6935
vn 0.6529 -0.3046 0.6935
vn 0.6502 -0.3425 0.6782
vn 0.6790 -0.2970 0.6714
vn 0.6518 -0.3045 0.6946
vn -0.0000 0.1502 -0.9887
vn -0.0000 0.1374 -0.9905
vn 0.1163 0.1821 -0.9764
vn -0.0000 0.2484 -0.9687
vn -0.0000 0.2205 -0.9754
vn -0.0000 0.2331 -0.9724
vn -0.0000 0.2332 -0.9724
vn -0.0000 0.1960 -0.9806
vn 0.0955 0.2392 -0.9663
vn -0.0000 0.2907 -0.9568
vn -0.0000 0.2567 -0.9665
vn -0.0000 0.2995 -0.9541
vn 0.1130 0.1550 -0.9814
vn 0.1539 0.1661 -0.9740
vn 0.1283 0.1696 -0.9771
vn 0.1334 0.1898 -0.9727
vn 0.1175 0.2130 -0.9700
vn 0.1082 0.2293 -0.9673
vn 0.1058 0.2313 -0.9671
vn 0.1139 0.2294 -0.9667
vn 0.1161 0.2470 -0.9620
vn 0.1053 0.2552 -0.9611
vn 0.1007 0.2989 -0.9490
vn 0.1912 0.1668 -0.9673
vn 0.1762 0.1749 -0.9687
vn 0.1632 0.2004 -0.9660
vn 0.1509 0.2193 -0.9639
vn 0.1400 0.2293 -0.9632
vn 0.1835 0.2327 -0.9551
vn 0.1464 0.2387 -0.9600
vn 0.1495 0.2362 -0.9601
vn 0.1424 0.2482 -0.9582
vn 0.1347 0.2926 -0.9467
vn 0.2989 0.1450 -0.9432
vn 0.2669 0.1536 -0.9514
vn 0.2419 0.1822 -0.9531
vn 0.2219 0.2036 -0.9536
vn 0.3000 0.2040 -0.9319
vn 0.2374 0.2232 -0.9454
vn 0.2447 0.2328 -0.9412
vn 0.2212 0.2200 -0.9501
vn 0.1996 0.2332 -0.9517
vn 0.1816 0.2807 -0.9425
vn 0.3853 0.1144 -0.9157
vn 0.4111 0.0943 -0.9067
vn 0.3562 0.1270 -0.9257
vn 0.3976 0.1131 -0.9106
vn 0.3344 0.1573 -0.9292
vn 0.3867 0.1503 -0.9099
vn 0.3481 0.1838 -0.9192
vn 0.3532 0.1974 -0.9145
vn 0.3290 0.2069 -0.9214
vn 0.3052 0.1984 -0.9314
vn 0.2849 0.2137 -0.9344
vn 0.4381 0.0781 -0.8955
vn 0.4160 0.1041 -0.9034
vn 0.3960 0.1449 -0.9067
vn 0.3792 0.1810 -0.9075
vn 0.3668 0.1871 -0.9113
vn 0.4913 0.0573 -0.8691
vn 0.4637 0.0843 -0.8820
vn 0.4403 0.1263 -0.8889
vn 0.1455 0.3565 -0.9229
vn 0.2520 0.3067 -0.9179
vn 0.1923 0.3545 -0.9151
vn 0.3506 0.1933 -0.9164
vn 0.3445 0.2191 -0.9129
vn 0.3043 0.2582 -0.9169
vn 0.3185 0.3201 -0.8922
vn 0.4068 0.1697 -0.8976
vn 0.3867 0.1782 -0.9048
vn 0.3670 0.1839 -0.9118
vn 0.3731 0.1905 -0.9080
vn 0.3697 0.2276 -0.9008
vn 0.3584 0.2964 -0.8853
vn 0.5674 0.0383 -0.8226
vn 0.5510 0.0671 -0.8318
vn 0.5269 0.1064 -0.8432
vn 0.4611 0.1470 -0.8751
vn 0.4705 0.1494 -0.8696
vn 0.4376 0.1662 -0.8837
vn 0.4102 0.1743 -0.8952
vn 0.3905 0.2201 -0.8939
vn 0.4402 0.2267 -0.8688
vn 0.3758 0.2818 -0.8828
vn 0.4234 0.2815 -0.8611
vn 0.3852 0.3206 -0.8653
vn 0.6014 0.0218 -0.7986
vn 0.6129 0.0034 -0.7901
vn 0.5817 0.0556 -0.8115
vn 0.5948 0.0413 -0.8028
vn 0.5595 0.0917 -0.8237
vn 0.5800 0.0757 -0.8111
vn 0.5321 0.1183 -0.8384
vn 0.5659 0.0961 -0.8189
vn 0.4980 0.1363 -0.8564
vn 0.5498 0.1146 -0.8274
vn 0.4727 0.1491 -0.8685
vn 0.5357 0.1383 -0.8330
vn 0.4917 0.1726 -0.8535
vn 0.5145 0.2214 -0.8284
vn 0.4814 0.2779 -0.8313
vn 0.5237 0.2659 -0.8093
vn -0.0000 0.3400 -0.9404
vn 0.0947 0.3460 -0.9334
vn -0.0000 0.4046 -0.9145
vn -0.0000 0.3922 -0.9199
vn -0.0000 0.3928 -0.9196
vn -0.0000 0.4149 -0.9099
vn -0.0000 0.4603 -0.8878
vn -0.0000 0.5120 -0.8590
vn -0.0000 0.5748 -0.8183
vn -0.0000 0.5871 -0.8095
vn -0.0000 0.5930 -0.8052
vn -0.0000 0.6085 -0.7935
vn -0.0000 0.6441 -0.7649
vn -0.0000 0.7490 -0.6626
vn 0.1306 0.3700 -0.9198
vn 0.0988 0.3953 -0.9132
vn 0.1010 0.3902 -0.9152
vn 0.0988 0.3908 -0.9152
vn 0.0998 0.4125 -0.9055
vn 0.1044 0.4580 -0.8828
vn 0.1029 0.5101 -0.8539
vn 0.1040 0.5704 -0.8148
vn 0.1052 0.5829 -0.8057
vn 0.1049 0.5900 -0.8006
vn 0.1063 0.6086 -0.7864
vn 0.1046 0.6520 -0.7510
vn 0.1473 0.6989 -0.6998
vn 0.1179 0.7381 -0.6643
vn 0.1358 0.7639 -0.6308
vn 0.1492 0.3831 -0.9116
vn 0.1417 0.3850 -0.9120
vn 0.1351 0.3881 -0.9117
vn 0.1546 0.3976 -0.9045
vn 0.1358 0.4107 -0.9016
vn 0.1427 0.4547 -0.8791
vn 0.1392 0.5121 -0.8476
vn 0.1551 0.5363 -0.8297
vn 0.1411 0.5632 -0.8142
vn 0.1397 0.5775 -0.8043
vn 0.1381 0.5872 -0.7976
vn 0.1402 0.6083 -0.7813
vn 0.1510 0.6695 -0.7273
vn 0.1556 0.7313 -0.6641
vn 0.1533 0.7654 -0.6250
vn 0.1977 0.3750 -0.9057
vn 0.1839 0.3727 -0.9095
vn 0.1868 0.3827 -0.9048
vn 0.1866 0.4027 -0.8961
vn 0.1664 0.4438 -0.8805
vn 0.1740 0.5172 -0.8380
vn 0.1762 0.5533 -0.8141
vn 0.1607 0.5675 -0.8076
vn 0.1987 0.5698 -0.7974
vn 0.1561 0.5882 -0.7935
vn 0.1610 0.6055 -0.7794
vn 0.1731 0.6735 -0.7186
vn 0.1755 0.7277 -0.6630
vn 0.1687 0.7644 -0.6223
vn 0.2877 0.3517 -0.8908
vn 0.2617 0.3540 -0.8979
vn 0.3222 0.3524 -0.8786
vn 0.2646 0.3756 -0.8882
vn 0.2649 0.3810 -0.8858
vn 0.2437 0.4245 -0.8720
vn 0.3165 0.4533 -0.8333
vn 0.2544 0.5070 -0.8235
vn 0.2664 0.5395 -0.7987
vn 0.2727 0.5368 -0.7984
vn 0.2680 0.5716 -0.7756
vn 0.2404 0.5979 -0.7646
vn 0.3008 0.6264 -0.7192
vn 0.2362 0.6736 -0.7003
vn 0.2353 0.7127 -0.6608
vn 0.2979 0.7185 -0.6285
vn 0.2275 0.7546 -0.6155
vn 0.3466 0.3322 -0.8772
vn 0.3665 0.3316 -0.8693
vn 0.3495 0.3404 -0.8729
vn 0.3487 0.3474 -0.8705
vn 0.3397 0.3624 -0.8679
vn 0.3617 0.3791 -0.8518
vn 0.3499 0.4050 -0.8447
vn 0.3616 0.4786 -0.8001
vn 0.3444 0.5223 -0.7801
vn 0.3564 0.5178 -0.7777
vn 0.3409 0.5256 -0.7794
vn 0.3412 0.5427 -0.7675
vn 0.3396 0.5787 -0.7415
vn 0.3387 0.6469 -0.6833
vn 0.3349 0.6946 -0.6367
vn 0.3288 0.7208 -0.6101
vn 0.3241 0.7310 -0.6005
vn 0.3806 0.3233 -0.8664
vn 0.3669 0.3355 -0.8677
vn 0.4058 0.3340 -0.8507
vn 0.3716 0.3572 -0.8569
vn 0.3825 0.3949 -0.8353
vn 0.3696 0.4672 -0.8032
vn 0.3933 0.4731 -0.7884
vn 0.3687 0.5044 -0.7808
vn 0.3632 0.5148 -0.7766
vn 0.3564 0.5350 -0.7660
vn 0.3727 0.5505 -0.7471
vn 0.3598 0.5698 -0.7388
vn 0.3620 0.6382 -0.6794
vn 0.3672 0.6532 -0.6622
vn 0.3539 0.6826 -0.6394
vn 0.3458 0.7119 -0.6112
vn 0.3459 0.7171 -0.6051
vn 0.3450 0.7239 -0.5974
vn 0.3636 0.7684 -0.5267
vn 0.4499 0.2984 -0.8418
vn 0.5082 0.2803 -0.8144
vn 0.4564 0.3077 -0.8348
vn 0.4617 0.3239 -0.8258
vn 0.4349 0.3763 -0.8181
vn 0.4846 0.3775 -0.7891
vn 0.4373 0.4293 -0.7902
vn 0.4342 0.4715 -0.7676
vn 0.4048 0.4966 -0.7678
vn 0.4486 0.4836 -0.7516
vn 0.3953 0.5216 -0.7560
vn 0.3927 0.5528 -0.7350
vn 0.3857 0.6218 -0.6816
vn 0.3757 0.6632 -0.6474
vn 0.3680 0.6951 -0.6176
vn 0.3628 0.7304 -0.5787
vn 0.3847 0.7548 -0.5313
vn 0.3640 0.7766 -0.5143
vn -0.0000 0.7390 -0.6737
vn 0.1237 0.7747 -0.6202
vn -0.0000 0.8213 -0.5705
vn -0.0000 0.8070 -0.5905
vn -0.0000 0.8364 -0.5482
vn -0.0000 0.8998 -0.4362
vn 0.1351 0.7815 -0.6091
vn 0.1209 0.7972 -0.5914
vn 0.1110 0.8323 -0.5431
vn 0.1119 0.8964 -0.4288
vn 0.1517 0.7742 -0.6145
vn 0.1518 0.7931 -0.5898
vn 0.1501 0.8341 -0.5308
vn 0.1689 0.8652 -0.4721
vn 0.1505 0.8926 -0.4250
vn 0.1649 0.7678 -0.6191
vn 0.1682 0.7988 -0.5776
vn 0.1870 0.8391 -0.5109
vn 0.1834 0.8868 -0.4242
vn 0.2222 0.7522 -0.6204
vn 0.2832 0.7628 -0.5813
vn 0.2222 0.7962 -0.5628
vn 0.2494 0.8342 -0.4919
vn 0.2411 0.8766 -0.4164
vn 0.3119 0.7769 -0.5470
vn 0.3318 0.8024 -0.4960
vn 0.3054 0.8280 -0.4702
vn 0.3559 0.8271 -0.4351
vn 0.6154 -0.0121 -0.7881
vn 0.6014 0.0286 -0.7985
vn 0.5895 0.0653 -0.8051
vn 0.5803 0.0860 -0.8098
vn 0.5852 0.0815 -0.8068
vn 0.5688 0.1041 -0.8159
vn 0.5791 0.0977 -0.8094
vn 0.5561 0.1349 -0.8201
vn 0.5762 0.1342 -0.8062
vn 0.5442 0.1974 -0.8154
vn 0.5726 0.1947 -0.7964
vn 0.5510 0.2355 -0.8006
vn 0.5547 0.2574 -0.7913
vn 0.6121 -0.0227 -0.7904
vn 0.6173 -0.0333 -0.7861
vn 0.6009 0.0164 -0.7991
vn 0.6109 0.0090 -0.7916
vn 0.5926 0.0559 -0.8036
vn 0.6052 0.0507 -0.7944
vn 0.5943 0.0704 -0.8012
vn 0.5936 0.0759 -0.8012
vn 0.5870 0.0922 -0.8043
vn 0.5787 0.1332 -0.8046
vn 0.5724 0.2001 -0.7952
vn 0.5796 0.2114 -0.7870
vn 0.5685 0.2457 -0.7852
vn 0.5812 0.2448 -0.7761
vn 0.5719 0.2573 -0.7789
vn 0.6061 -0.0438 -0.7942
vn 0.5751 -0.0542 -0.8163
vn 0.5991 0.0064 -0.8006
vn 0.5677 0.0021 -0.8233
vn 0.5955 0.0501 -0.8018
vn 0.5663 0.0502 -0.8227
vn 0.5913 0.0699 -0.8034
vn 0.5682 0.0678 -0.8201
vn 0.5828 0.0843 -0.8082
vn 0.5727 0.0844 -0.8154
vn 0.5738 0.1242 -0.8095
vn 0.5829 0.1330 -0.8016
vn 0.5807 0.1780 -0.7945
vn 0.5865 0.2201 -0.7795
vn 0.5856 0.2504 -0.7710
vn 0.5699 0.2573 -0.7804
vn 0.5307 -0.0646 -0.8451
vn 0.4952 -0.0744 -0.8656
vn 0.5239 -0.0017 -0.8518
vn 0.5246 0.0541 -0.8496
vn 0.4883 0.0590 -0.8707
vn 0.5320 0.0703 -0.8438
vn 0.4954 0.0732 -0.8656
vn 0.5380 0.0907 -0.8381
vn 0.5009 0.0966 -0.8601
vn 0.5441 0.1466 -0.8261
vn 0.5119 0.1630 -0.8434
vn 0.5489 0.2248 -0.8051
vn 0.5213 0.2439 -0.8178
vn 0.5469 0.2564 -0.7970
vn 0.5442 0.2708 -0.7940
vn 0.4872 -0.0634 -0.8710
vn 0.4909 -0.0817 -0.8674
vn 0.4666 -0.0042 -0.8844
vn 0.5014 -0.0102 -0.8652
vn 0.4800 0.0508 -0.8758
vn 0.4693 0.0570 -0.8812
vn 0.4594 0.0713 -0.8854
vn 0.4576 0.1009 -0.8834
vn 0.4614 0.1784 -0.8691
vn 0.4715 0.2633 -0.8416
vn 0.4196 0.2781 -0.8641
vn 0.4891 0.2872 -0.8236
vn 0.4353 0.3005 -0.8487
vn 0.4751 0.2956 -0.8288
vn 0.4788 -0.0861 -0.8737
vn 0.4903 -0.1012 -0.8656
vn 0.4652 -0.0202 -0.8850
vn 0.4514 0.0455 -0.8912
vn 0.4296 0.0320 -0.9024
vn 0.4368 0.0618 -0.8974
vn 0.4116 0.0461 -0.9102
vn 0.4197 0.0940 -0.9028
vn 0.3992 0.0852 -0.9129
vn 0.4036 0.1768 -0.8977
vn 0.3958 0.1781 -0.9009
vn 0.3930 0.2501 -0.8849
vn 0.3672 0.2763 -0.8882
vn 0.3685 0.3065 -0.8776
vn 0.4832 -0.1058 -0.8691
vn 0.5061 -0.1203 -0.8541
vn 0.4413 -0.0369 -0.8966
vn 0.4871 -0.0749 -0.8701
vn 0.4455 0.0142 -0.8952
vn 0.4064 -0.0025 -0.9137
vn 0.3535 0.0116 -0.9354
vn 0.3072 0.0632 -0.9495
vn 0.2845 0.1691 -0.9436
vn 0.2726 0.2690 -0.9238
vn 0.2763 0.3226 -0.9053
vn 0.1989 0.3532 -0.9142
vn 0.2811 0.3696 -0.8857
vn 0.4913 -0.1430 -0.8592
vn 0.4932 -0.1656 -0.8540
vn 0.4509 -0.1108 -0.8857
vn 0.4792 -0.1524 -0.8644
vn 0.3984 -0.0577 -0.9154
vn 0.3205 -0.0482 -0.9460
vn 0.2420 0.0081 -0.9702
vn 0.1767 0.1407 -0.9742
vn 0.1349 0.2510 -0.9585
vn 0.1098 0.3330 -0.9365
vn 0.1338 0.4218 -0.8967
vn 0.5417 0.2740 -0.7947
vn 0.5578 0.2698 -0.7849
vn 0.5260 0.2945 -0.7979
vn 0.5526 0.2893 -0.7816
vn 0.5272 0.3236 -0.7857
vn 0.5299 0.3755 -0.7604
vn 0.5018 0.4394 -0.7451
vn 0.5292 0.4260 -0.7338
vn 0.4942 0.4536 -0.7416
vn 0.4874 0.4711 -0.7352
vn 0.5274 0.4653 -0.7108
vn 0.4526 0.5236 -0.7218
vn 0.5072 0.5202 -0.6871
vn 0.4364 0.5951 -0.6748
vn 0.4264 0.6359 -0.6433
vn 0.4596 0.6307 -0.6253
vn 0.4150 0.6727 -0.6126
vn 0.4336 0.7083 -0.5570
vn 0.4229 0.7716 -0.4751
vn 0.5747 0.2653 -0.7742
vn 0.5668 0.2915 -0.7706
vn 0.5824 0.3013 -0.7550
vn 0.5528 0.3524 -0.7552
vn 0.5797 0.3560 -0.7330
vn 0.5569 0.3990 -0.7285
vn 0.5572 0.4208 -0.7159
vn 0.5833 0.4131 -0.6993
vn 0.5571 0.4323 -0.7091
vn 0.5527 0.4544 -0.6987
vn 0.5203 0.5183 -0.6787
vn 0.5564 0.5177 -0.6499
vn 0.5047 0.5789 -0.6405
vn 0.4913 0.6322 -0.5991
vn 0.5284 0.6376 -0.5605
vn 0.4807 0.6869 -0.5451
vn 0.5866 0.2591 -0.7673
vn 0.5815 0.2664 -0.7687
vn 0.5875 0.2724 -0.7620
vn 0.5968 0.3171 -0.7371
vn 0.5800 0.3391 -0.7407
vn 0.5965 0.3681 -0.7133
vn 0.5962 0.3891 -0.7023
vn 0.6042 0.3969 -0.6909
vn 0.6074 0.4118 -0.6793
vn 0.6216 0.4176 -0.6627
vn 0.5978 0.4275 -0.6781
vn 0.6308 0.4216 -0.6515
vn 0.5986 0.4671 -0.6508
vn 0.5938 0.5136 -0.6193
vn 0.6096 0.5171 -0.6008
vn 0.5781 0.5725 -0.5814
vn 0.5608 0.6413 -0.5236
vn 0.5552 0.2771 -0.7842
vn 0.5233 0.2996 -0.7978
vn 0.5559 0.3125 -0.7703
vn 0.5608 0.3743 -0.7385
vn 0.5796 0.4187 -0.6991
vn 0.5464 0.4561 -0.7024
vn 0.5928 0.4384 -0.6756
vn 0.6012 0.4411 -0.6663
vn 0.5636 0.4647 -0.6829
vn 0.6231 0.4331 -0.6513
vn 0.5967 0.4652 -0.6538
vn 0.6214 0.4733 -0.6243
vn 0.6194 0.5380 -0.5717
vn 0.4759 0.3242 -0.8176
vn 0.4926 0.4012 -0.7723
vn 0.4527 0.4438 -0.7734
vn 0.4989 0.4580 -0.7358
vn 0.5035 0.4884 -0.7127
vn 0.4682 0.5096 -0.7219
vn 0.5086 0.4980 -0.7024
vn 0.5143 0.4976 -0.6985
vn 0.5521 0.5054 -0.6631
vn 0.3863 0.3520 -0.8526
vn 0.3402 0.3999 -0.8511
vn 0.3984 0.4260 -0.8123
vn 0.4090 0.4876 -0.7713
vn 0.4180 0.5260 -0.7407
vn 0.4245 0.5327 -0.7322
vn 0.4541 0.5356 -0.7120
vn 0.3036 0.4594 -0.8347
vn 0.3354 0.5265 -0.7812
vn 0.2966 0.5607 -0.7731
vn 0.3564 0.5420 -0.7611
vn 0.3728 0.5692 -0.7328
vn 0.1920 0.5060 -0.8409
vn 0.2318 0.5854 -0.7769
vn 0.2589 0.5905 -0.7644
vn 0.5398 -0.1668 -0.8251
vn 0.4991 -0.1663 -0.8505
vn 0.5444 -0.1704 -0.8213
vn 0.3985 -0.1227 -0.9089
vn 0.5262 -0.1839 -0.8302
vn 0.3014 -0.1353 -0.9438
vn 0.4845 -0.2486 -0.8388
vn 0.1848 -0.0990 -0.9778
vn 0.0708 0.0712 -0.9949
vn 0.0158 0.2211 -0.9751
vn 0.0114 0.3350 -0.9422
vn 0.0561 0.5000 -0.8642
vn 0.6196 -0.1448 -0.7714
vn 0.7096 -0.1236 -0.6937
vn 0.6341 -0.1543 -0.7577
vn 0.7335 -0.1225 -0.6686
vn 0.6325 -0.2110 -0.7452
vn 0.7619 -0.1892 -0.6195
vn 0.4128 -0.4626 -0.7846
vn 0.5706 -0.3301 -0.7520
vn 0.7717 -0.3429 -0.5356
vn 0.1641 -0.2530 -0.9535
vn 0.0074 -0.0253 -0.9997
vn -0.0488 0.2076 -0.9770
vn -0.0315 0.3703 -0.9284
vn 0.0149 0.5693 -0.8220
vn 0.7997 -0.0861 -0.5942
vn 0.8228 -0.1390 -0.5510
vn 0.4739 -0.6326 -0.6126
vn 0.7052 -0.5988 -0.3797
vn 0.8118 -0.3098 -0.4949
vn 0.1848 -0.4485 -0.8745
vn 0.5282 -0.6957 -0.4868
vn 0.7457 -0.6502 -0.1457
vn 0.0415 -0.1698 -0.9846
vn -0.0548 0.1984 -0.9786
vn -0.0573 0.4323 -0.8999
vn -0.0871 0.5399 -0.8372
vn -0.0228 0.5954 -0.8031
vn 0.2458 -0.8911 -0.3814
vn 0.5074 -0.8498 0.1431
vn -0.0087 -0.3048 -0.9524
vn -0.1025 0.1666 -0.9807
vn -0.1137 0.4469 -0.8873
vn -0.1148 0.6297 -0.7683
vn 0.2118 -0.9469 -0.2419
vn 0.3188 -0.8781 0.3568
vn 0.0776 -0.3957 -0.9151
vn 0.3590 -0.7621 0.5387
vn 0.4325 -0.7196 0.5432
vn -0.0150 0.0835 -0.9964
vn -0.1017 0.3877 -0.9162
vn -0.1564 0.6339 -0.7575
vn 0.2380 -0.9499 -0.2028
vn 0.2082 -0.4216 -0.8826
vn 0.6701 -0.6934 -0.2650
vn 0.3902 -0.8179 0.4227
vn 0.3828 -0.7385 0.5550
vn 0.1443 -0.0904 -0.9854
vn 0.3541 -0.6025 0.7152
vn -0.0377 0.2825 -0.9585
vn -0.1732 0.6046 -0.7775
vn 0.3494 -0.8784 -0.3260
vn 0.3274 -0.8253 0.4601
vn 0.1613 -0.2464 -0.9557
vn 0.2650 -0.6024 0.7529
vn 0.0075 0.1505 -0.9886
vn 0.2617 -0.5922 0.7621
vn 0.4135 -0.8638 -0.2878
vn 0.3818 -0.8577 0.3443
vn 0.2902 -0.3488 -0.8911
vn 0.6802 -0.6423 -0.3532
vn 0.6272 -0.7221 0.2917
vn 0.3044 -0.6206 0.7227
vn 0.1774 -0.0321 -0.9836
vn 0.2678 -0.6184 0.7388
vn 0.1233 0.5725 -0.8106
vn 0.1708 0.6208 -0.7651
vn 0.2144 0.6395 -0.7383
vn 0.0637 0.6386 -0.7669
vn 0.1177 0.6733 -0.7299
vn 0.1751 0.7000 -0.6924
vn -0.0011 0.6833 -0.7301
vn 0.0492 0.7335 -0.6779
vn -0.0886 0.7130 -0.6955
vn -0.0374 0.7926 -0.6085
vn -0.1619 0.7298 -0.6642
vn -0.1351 0.8282 -0.5439
vn -0.2324 0.6269 -0.7436
vn -0.2213 0.7154 -0.6627
vn -0.2218 0.8259 -0.5184
vn -0.1017 0.4326 -0.8958
vn -0.2175 0.6854 -0.6949
vn -0.2821 0.7960 -0.5356
vn -0.2847 0.8093 -0.5137
vn -0.3069 0.8613 -0.4049
vn 0.0094 0.2850 -0.9585
vn -0.1195 0.6437 -0.7559
vn -0.1881 0.7099 -0.6788
vn -0.2769 0.8191 -0.5024
vn 0.5385 -0.7438 -0.3960
vn 0.5254 -0.8216 0.2212
vn 0.3188 -0.1650 -0.9334
vn 0.7070 -0.4355 -0.5571
vn 0.7683 -0.6311 0.1068
vn 0.3837 -0.6617 0.6441
vn 0.3724 -0.9261 -0.0603
vn 0.3847 -0.9112 -0.1474
vn 0.1881 0.1066 -0.9764
vn 0.6367 -0.0545 -0.7692
vn 0.0800 0.5424 -0.8363
vn -0.0528 0.5487 -0.8344
vn -0.2378 0.7580 -0.6074
vn -0.3078 0.8294 -0.4662
vn 0.2917 -0.2534 -0.9223
vn 0.3524 -0.7499 0.5599
vn 0.0721 0.3327 -0.9403
vn -0.1566 0.6657 -0.7296
vn -0.1741 0.6825 -0.7099
vn -0.2481 0.7990 -0.5478
vn 0.3543 -0.2903 -0.8889
vn 0.7729 -0.6020 -0.2005
vn 0.3796 -0.7560 0.5332
vn 0.2392 0.0933 -0.9665
vn 0.0633 0.4184 -0.9061
vn -0.0914 0.7666 -0.6356
vn 0.5167 -0.8000 -0.3051
vn 0.3732 -0.0759 -0.9246
vn 0.7454 -0.3788 -0.5485
vn 0.2699 0.2533 -0.9290
vn 0.6840 0.1323 -0.7174
vn 0.1109 0.7105 -0.6949
vn 0.3090 -0.0341 -0.9505
vn 0.1394 0.5008 -0.8543
vn 0.4021 -0.1543 -0.9025
vn 0.2919 0.3141 -0.9034
vn -0.0000 -0.1235 0.9923
vn -0.0000 -0.1019 0.9948
vn -0.0000 -0.0237 0.9997
vn -0.0000 0.0659 0.9978
vn -0.0000 0.1021 0.9948
vn -0.0000 0.1079 0.9942
vn 0.0444 0.1400 0.9892
vn -0.0000 0.1842 0.9829
vn -0.0000 0.1007 0.9949
vn -0.0000 0.2704 0.9627
vn 0.0424 -0.1237 0.9914
vn 0.0431 -0.1017 0.9939
vn 0.0439 -0.0233 0.9988
vn 0.0447 0.0661 0.9968
vn 0.0454 0.1019 0.9938
vn 0.0518 0.1160 0.9919
vn 0.0460 0.1075 0.9931
vn 0.0638 0.1714 0.9831
vn 0.0595 0.2734 0.9601
vn 0.0554 -0.1237 0.9908
vn 0.0548 -0.1007 0.9934
vn 0.0558 -0.0217 0.9982
vn 0.0573 0.0671 0.9961
vn 0.0583 0.1023 0.9930
vn 0.0618 0.1149 0.9915
vn 0.0618 0.1184 0.9910
vn 0.0588 0.1091 0.9923
vn 0.0723 0.1672 0.9833
vn 0.0740 0.2717 0.9595
vn 0.0636 -0.1315 0.9893
vn 0.0581 -0.1246 0.9905
vn 0.0582 -0.0998 0.9933
vn 0.0581 -0.0209 0.9981
vn 0.0579 0.0668 0.9961
vn 0.0612 0.1117 0.9919
vn 0.0586 0.1022 0.9930
vn 0.0656 0.1226 0.9903
vn 0.0689 0.1663 0.9837
vn 0.0730 0.2696 0.9602
vn 0.0751 -0.1396 0.9874
vn 0.0697 -0.1294 0.9891
vn 0.0609 -0.0967 0.9934
vn 0.0612 -0.0178 0.9980
vn 0.0626 0.0652 0.9959
vn 0.0801 0.1094 0.9908
vn 0.0671 0.1150 0.9911
vn 0.0613 0.1012 0.9930
vn 0.0739 0.1260 0.9893
vn 0.0799 0.1708 0.9821
vn 0.0842 0.2727 0.9584
vn 0.1117 -0.1418 0.9836
vn 0.1014 -0.1358 0.9855
vn 0.1359 -0.1185 0.9836
vn 0.0820 -0.0945 0.9921
vn 0.0808 -0.0155 0.9966
vn 0.1334 0.0820 0.9877
vn 0.1040 0.1015 0.9894
vn 0.0819 0.0637 0.9946
vn 0.1163 0.1217 0.9857
vn 0.1122 0.1274 0.9855
vn 0.1165 0.1770 0.9773
vn 0.1208 0.2771 0.9532
vn 0.1742 -0.1384 0.9749
vn 0.1847 -0.1284 0.9744
vn 0.1691 -0.1116 0.9793
vn 0.2360 -0.0249 0.9714
vn 0.1698 0.0680 0.9831
vn 0.1204 -0.0192 0.9925
vn 0.1890 0.0905 0.9778
vn 0.1746 0.1155 0.9778
vn 0.1686 0.1269 0.9775
vn 0.1675 0.1796 0.9694
vn 0.1952 0.3649 0.9104
vn 0.1695 0.2775 0.9457
vn 0.2104 -0.1355 0.9682
vn 0.2156 -0.1141 0.9698
vn 0.2199 -0.0267 0.9751
vn 0.2128 0.0733 0.9744
vn 0.2050 0.1087 0.9727
vn 0.2043 0.1263 0.9707
vn 0.2045 0.1796 0.9623
vn 0.2270 0.3300 0.9163
vn 0.2248 0.3681 0.9022
vn 0.2055 0.2819 0.9372
vn 0.3796 0.8245 -0.4197
vn 0.3510 0.8327 0.4284
vn -0.0000 0.3496 0.9369
vn -0.0000 0.3903 0.9207
vn -0.0000 0.3637 0.9315
vn -0.0000 0.3810 0.9246
vn -0.0000 0.4845 0.8748
vn -0.0000 0.4029 0.9152
vn -0.0000 0.6533 0.7571
vn -0.0000 0.6045 0.7966
vn 0.1025 0.6567 0.7472
vn -0.0000 0.6980 0.7161
vn -0.0000 0.6181 0.7861
vn -0.0000 0.7243 0.6894
vn -0.0000 0.6691 0.7432
vn 0.0617 0.3535 0.9334
vn 0.0845 0.3789 0.9216
vn 0.0668 0.3855 0.9203
vn 0.0633 0.3689 0.9273
vn 0.0697 0.3806 0.9221
vn 0.0827 0.4894 0.8681
vn 0.0723 0.4031 0.9123
vn 0.0965 0.6519 0.7522
vn 0.0931 0.6016 0.7934
vn 0.1183 0.6499 0.7508
vn 0.1045 0.6543 0.7490
vn 0.1198 0.6639 0.7381
vn 0.1291 0.7581 0.6392
vn 0.1334 0.6892 0.7122
vn 0.1068 0.7134 0.6925
vn 0.1078 0.6705 0.7341
vn 0.0829 0.3831 0.9200
vn 0.0761 0.3576 0.9308
vn 0.0874 0.3826 0.9198
vn 0.0899 0.3822 0.9197
vn 0.1072 0.5025 0.8579
vn 0.0933 0.4075 0.9084
vn 0.1221 0.6528 0.7476
vn 0.1195 0.5989 0.7918
vn 0.1335 0.6592 0.7400
vn 0.1267 0.6620 0.7388
vn 0.1390 0.6707 0.7286
vn 0.1380 0.6589 0.7395
vn 0.1456 0.7666 0.6254
vn 0.1415 0.7089 0.6910
vn 0.0812 0.3886 0.9178
vn 0.0765 0.3594 0.9301
vn 0.0859 0.3871 0.9180
vn 0.0914 0.3867 0.9177
vn 0.1056 0.4742 0.8741
vn 0.1116 0.5100 0.8529
vn 0.0984 0.4214 0.9015
vn 0.1236 0.6540 0.7463
vn 0.1219 0.5966 0.7933
vn 0.1308 0.6664 0.7340
vn 0.1259 0.6673 0.7341
vn 0.1402 0.6709 0.7282
vn 0.1361 0.6620 0.7370
vn 0.1510 0.7819 0.6049
vn 0.1440 0.7136 0.6856
vn 0.0883 0.3951 0.9144
vn 0.0839 0.3587 0.9297
vn 0.0938 0.3921 0.9151
vn 0.1094 0.4357 0.8934
vn 0.0979 0.3919 0.9148
vn 0.1235 0.5288 0.8397
vn 0.1265 0.6589 0.7415
vn 0.1220 0.5968 0.7931
vn 0.1351 0.6739 0.7263
vn 0.1306 0.6681 0.7325
vn 0.1464 0.6768 0.7215
vn 0.1403 0.6647 0.7339
vn 0.1611 0.7963 0.5831
vn 0.1531 0.7165 0.6806
vn 0.1621 0.3817 0.9100
vn 0.1239 0.4026 0.9070
vn 0.1149 0.3568 0.9271
vn 0.1317 0.3953 0.9091
vn 0.1505 0.4431 0.8837
vn 0.1334 0.3937 0.9095
vn 0.1663 0.5370 0.8270
vn 0.2142 0.6335 0.7435
vn 0.1647 0.6637 0.7297
vn 0.1583 0.6017 0.7829
vn 0.2295 0.6634 0.7122
vn 0.1711 0.6793 0.7137
vn 0.1670 0.6620 0.7307
vn 0.2352 0.6653 0.7086
vn 0.1807 0.6822 0.7085
vn 0.1752 0.6609 0.7297
vn 0.2250 0.8377 0.4977
vn 0.2464 0.7524 0.6109
vn 0.1988 0.7981 0.5688
vn 0.1872 0.7157 0.6729
vn 0.2075 0.4057 0.8901
vn 0.2028 0.3930 0.8969
vn 0.2464 0.4188 0.8740
vn 0.2066 0.4505 0.8685
vn 0.1965 0.3938 0.8979
vn 0.2453 0.6119 0.7519
vn 0.2242 0.5272 0.8196
vn 0.2755 0.6549 0.7037
vn 0.2623 0.6599 0.7040
vn 0.2902 0.6469 0.7052
vn 0.2844 0.6626 0.6928
vn 0.3019 0.7042 0.6426
vn 0.2974 0.6678 0.6824
vn 0.2988 0.8285 0.4736
vn 0.3031 0.7867 0.5378
vn 0.2386 0.4070 0.8817
vn 0.2554 0.4062 0.8774
vn 0.2564 0.4029 0.8786
vn 0.2449 0.3948 0.8855
vn 0.2687 0.4377 0.8580
vn 0.2764 0.5818 0.7649
vn 0.2787 0.6141 0.7384
vn 0.2635 0.5279 0.8074
vn 0.2999 0.6749 0.6742
vn 0.3069 0.6627 0.6831
vn 0.2906 0.6671 0.6860
vn 0.3233 0.6600 0.6782
vn 0.3270 0.6489 0.6870
vn 0.3168 0.6587 0.6825
vn 0.3391 0.6912 0.6382
vn 0.3513 0.6974 0.6248
vn 0.3391 0.6666 0.6638
vn 0.3469 0.7991 0.4910
vn 0.3439 0.8177 0.4617
vn 0.3489 0.7817 0.5169
vn -0.0000 0.9252 -0.3795
vn -0.0000 0.9222 -0.3867
vn -0.0000 0.9448 -0.3278
vn -0.0000 0.9575 -0.2886
vn -0.0000 0.9765 -0.2156
vn -0.0000 0.9693 -0.2458
vn 0.1463 0.9788 -0.1434
vn -0.0000 0.9945 -0.1045
vn 0.1308 0.9853 -0.1095
vn -0.0000 0.9970 -0.0779
vn -0.0000 0.9958 -0.0919
vn -0.0000 0.9996 -0.0290
vn 0.1177 0.9196 -0.3748
vn 0.1157 0.9197 -0.3751
vn 0.1471 0.9242 -0.3525
vn 0.1125 0.9360 -0.3334
vn 0.1217 0.9507 -0.2851
vn 0.1352 0.9688 -0.2076
vn 0.1536 0.9764 -0.1517
vn 0.1583 0.9792 -0.1272
vn 0.1343 0.9842 -0.1153
vn 0.1457 0.9829 -0.1130
vn 0.1100 0.9895 -0.0936
vn 0.1088 0.9938 -0.0245
vn 0.1564 0.9154 -0.3708
vn 0.1579 0.9178 -0.3644
vn 0.1545 0.9273 -0.3410
vn 0.1478 0.9497 -0.2760
vn 0.1578 0.9682 -0.1942
vn 0.1644 0.9758 -0.1444
vn 0.1623 0.9778 -0.1322
vn 0.1639 0.9791 -0.1205
vn 0.1549 0.9837 -0.0909
vn 0.1958 0.9805 -0.0163
vn 0.1298 0.9914 -0.0155
vn 0.1726 0.9140 -0.3672
vn 0.1746 0.9144 -0.3652
vn 0.1671 0.9254 -0.3402
vn 0.1954 0.9345 -0.2975
vn 0.1585 0.9509 -0.2660
vn 0.1691 0.9683 -0.1840
vn 0.1715 0.9742 -0.1466
vn 0.1670 0.9765 -0.1364
vn 0.1660 0.9794 -0.1149
vn 0.1669 0.9859 -0.0155
vn 0.2940 0.8752 -0.3842
vn 0.2265 0.9042 -0.3620
vn 0.2386 0.9033 -0.3565
vn 0.2591 0.9084 -0.3281
vn 0.2377 0.9393 -0.2475
vn 0.2813 0.9373 -0.2056
vn 0.2065 0.9622 -0.1777
vn 0.2063 0.9670 -0.1497
vn 0.2034 0.9691 -0.1394
vn 0.1997 0.9729 -0.1164
vn 0.1965 0.9804 -0.0158
vn 0.3255 0.8611 -0.3907
vn 0.3196 0.8739 -0.3664
vn 0.3345 0.8723 -0.3567
vn 0.3074 0.8864 -0.3461
vn 0.3242 0.8962 -0.3030
vn 0.3419 0.9126 -0.2240
vn 0.3140 0.9318 -0.1820
vn 0.3441 0.9240 -0.1668
vn 0.2773 0.9488 -0.1512
vn 0.3391 0.9272 -0.1591
vn 0.2739 0.9511 -0.1428
vn 0.2736 0.9545 -0.1183
vn 0.2723 0.9621 -0.0171
vn 0.3661 0.8397 -0.4011
vn 0.3485 0.8560 -0.3819
vn 0.3509 0.8618 -0.3663
vn 0.3457 0.8768 -0.3342
vn 0.3567 0.8862 -0.2957
vn 0.3420 0.8963 -0.2822
vn 0.3554 0.9108 -0.2099
vn 0.3609 0.9159 -0.1756
vn 0.3569 0.9192 -0.1662
vn 0.3446 0.9266 -0.1503
vn 0.3712 0.9221 -0.1096
vn 0.3286 0.9380 -0.1104
vn 0.3850 0.9229 -0.0098
vn 0.3295 0.9440 -0.0152
vn 0.3677 0.8465 -0.3850
vn 0.3791 0.8481 -0.3701
vn 0.3614 0.8591 -0.3625
vn 0.3742 0.8755 -0.3059
vn 0.3698 0.8945 -0.2513
vn 0.3777 0.9003 -0.2163
vn 0.3574 0.9119 -0.2019
vn 0.3668 0.9098 -0.1940
vn 0.3530 0.9179 -0.1814
vn 0.3488 0.9220 -0.1681
vn 0.3540 0.9291 -0.1070
vn 0.3657 0.9307 -0.0029
vn -0.0000 0.8727 0.4882
vn -0.0000 0.8815 0.4722
vn -0.0000 0.8598 0.5107
vn -0.0000 0.9832 0.1826
vn -0.0000 0.9709 0.2393
vn -0.0000 0.9375 0.3480
vn -0.0000 0.8864 0.4630
vn -0.0000 0.9974 0.0717
vn -0.0000 0.9937 0.1118
vn 0.1302 0.9792 0.1556
vn -0.0000 0.9939 0.1105
vn -0.0000 0.9739 0.2271
vn 0.1204 0.8664 0.4846
vn 0.1517 0.8619 0.4839
vn 0.1169 0.8719 0.4755
vn 0.1171 0.8588 0.4988
vn 0.1455 0.9762 0.1607
vn 0.1296 0.9760 0.1748
vn 0.1199 0.9643 0.2362
vn 0.1141 0.9314 0.3457
vn 0.1174 0.8806 0.4591
vn 0.1131 0.9909 0.0727
vn 0.1581 0.9777 0.1386
vn 0.1180 0.9859 0.1184
vn 0.1418 0.9792 0.1450
vn 0.1568 0.8624 0.4813
vn 0.1600 0.8626 0.4800
vn 0.1595 0.8622 0.4809
vn 0.1670 0.9758 0.1411
vn 0.1605 0.9758 0.1484
vn 0.1548 0.9740 0.1653
vn 0.1515 0.9601 0.2350
vn 0.1645 0.9008 0.4019
vn 0.1483 0.9245 0.3510
vn 0.1575 0.8790 0.4501
vn 0.1918 0.9776 0.0873
vn 0.1375 0.9877 0.0745
vn 0.1640 0.9779 0.1298
vn 0.1581 0.8646 0.4770
vn 0.1677 0.8813 0.4417
vn 0.1647 0.8638 0.4761
vn 0.1609 0.8627 0.4795
vn 0.1685 0.9817 0.0889
vn 0.1662 0.9769 0.1346
vn 0.1591 0.9770 0.1419
vn 0.1500 0.9760 0.1578
vn 0.1412 0.9629 0.2298
vn 0.1588 0.9183 0.3627
vn 0.1676 0.8647 0.4736
vn 0.1840 0.8801 0.4376
vn 0.1943 0.8625 0.4673
vn 0.1715 0.8674 0.4672
vn 0.1679 0.8617 0.4788
vn 0.1929 0.9769 0.0918
vn 0.1838 0.9751 0.1242
vn 0.1706 0.9764 0.1326
vn 0.1595 0.9762 0.1470
vn 0.2123 0.9349 0.2845
vn 0.1537 0.9623 0.2242
vn 0.1735 0.9181 0.3563
vn 0.2460 0.8467 0.4718
vn 0.2276 0.8571 0.4622
vn 0.2277 0.8536 0.4685
vn 0.2794 0.9073 0.3142
vn 0.2467 0.8762 0.4140
vn 0.2461 0.8598 0.4474
vn 0.2668 0.9600 0.0851
vn 0.3302 0.9378 0.1071
vn 0.2517 0.9616 0.1091
vn 0.3198 0.9405 0.1145
vn 0.2293 0.9661 0.1185
vn 0.3136 0.9384 0.1453
vn 0.2139 0.9674 0.1358
vn 0.2526 0.9438 0.2132
vn 0.3187 0.8345 0.4494
vn 0.3407 0.8327 0.4365
vn 0.2987 0.8456 0.4424
vn 0.2967 0.8388 0.4565
vn 0.3639 0.9261 0.0996
vn 0.3546 0.9285 0.1099
vn 0.3462 0.9256 0.1528
vn 0.3297 0.9013 0.2809
vn 0.3540 0.8403 0.4106
vn 0.3077 0.8674 0.3911
vn 0.3181 0.8398 0.4399
vn 0.3800 0.9222 0.0716
vn 0.3369 0.9388 0.0720
vn 0.3557 0.9297 0.0954
vn 0.3750 0.8245 0.4239
vn 0.3622 0.8304 0.4234
vn 0.3659 0.8240 0.4325
vn 0.3576 0.8313 0.4256
vn 0.3698 0.9264 0.0712
vn 0.3645 0.9267 0.0916
vn 0.3543 0.9297 0.1003
vn 0.3458 0.9268 0.1466
vn 0.3804 0.8693 0.3157
vn 0.3454 0.8986 0.2704
vn 0.3710 0.8494 0.3753
vn -0.0000 0.8701 0.4929
vn 0.0998 0.8015 0.5896
vn -0.0000 0.8590 0.5120
vn -0.0000 0.7449 0.6672
vn 0.1199 0.8648 0.4876
vn 0.1324 0.8385 0.5286
vn 0.1524 0.8612 0.4849
vn 0.1498 0.8380 0.5247
vn 0.1557 0.8625 0.4815
vn 0.1550 0.8405 0.5192
vn 0.1886 0.8503 0.4913
vn 0.1636 0.8629 0.4782
vn 0.1624 0.8414 0.5154
vn 0.2189 -0.1348 0.9664
vn 0.2196 -0.1093 0.9694
vn 0.2192 -0.0311 0.9752
vn 0.2139 0.0635 0.9748
vn 0.2099 0.1075 0.9718
vn 0.2083 0.1253 0.9700
vn 0.2298 0.2135 0.9495
vn 0.2247 0.2741 0.9351
vn 0.2068 0.1791 0.9619
vn 0.2387 0.3621 0.9010
vn 0.2694 -0.1488 0.9515
vn 0.2261 -0.1350 0.9647
vn 0.2744 -0.1208 0.9540
vn 0.2237 -0.1094 0.9685
vn 0.2243 -0.0346 0.9739
vn 0.2184 0.0559 0.9743
vn 0.2555 0.1160 0.9598
vn 0.2125 0.1071 0.9713
vn 0.2546 0.1393 0.9570
vn 0.2362 0.1689 0.9569
vn 0.2135 0.1242 0.9690
vn 0.2640 0.2445 0.9330
vn 0.2487 0.3484 0.9038
vn 0.3580 -0.1638 0.9193
vn 0.3765 -0.1280 0.9175
vn 0.3335 -0.0993 0.9375
vn 0.4024 -0.0475 0.9142
vn 0.2583 -0.0375 0.9653
vn 0.3916 0.0412 0.9192
vn 0.3093 0.0976 0.9459
vn 0.2509 0.0480 0.9668
vn 0.3484 0.1211 0.9295
vn 0.3314 0.1531 0.9310
vn 0.3057 0.2253 0.9251
vn 0.3404 0.3495 0.8729
vn 0.2959 0.3969 0.8689
vn 0.2811 0.3311 0.9007
vn 0.4827 -0.1614 0.8608
vn 0.4267 -0.1499 0.8919
vn 0.4686 -0.1206 0.8752
vn 0.4402 -0.1155 0.8904
vn 0.4407 -0.0573 0.8958
vn 0.4257 0.0304 0.9044
vn 0.4095 0.1023 0.9065
vn 0.4328 0.1430 0.8901
vn 0.3922 0.1382 0.9094
vn 0.4324 0.2074 0.8775
vn 0.3908 0.2810 0.8766
vn 0.3737 0.1990 0.9060
vn 0.3943 0.3515 0.8491
vn 0.5023 -0.1816 0.8454
vn 0.4954 -0.1273 0.8593
vn 0.4781 -0.1015 0.8724
vn 0.4942 -0.0722 0.8663
vn 0.4524 -0.0626 0.8896
vn 0.4907 0.0040 0.8713
vn 0.4374 0.0164 0.8991
vn 0.4744 0.0819 0.8765
vn 0.4451 0.1190 0.8876
vn 0.4307 0.0874 0.8982
vn 0.4536 0.1444 0.8795
vn 0.4347 0.2055 0.8768
vn 0.4073 0.3961 0.8229
vn 0.4060 0.3150 0.8579
vn 0.5840 -0.1978 0.7873
vn 0.5087 -0.1828 0.8413
vn 0.5767 -0.1235 0.8075
vn 0.5125 -0.1199 0.8503
vn 0.5714 -0.0817 0.8166
vn 0.5190 -0.0793 0.8511
vn 0.5676 -0.0160 0.8231
vn 0.5163 -0.0057 0.8564
vn 0.5533 0.0684 0.8302
vn 0.5011 0.0789 0.8618
vn 0.5424 0.1216 0.8313
vn 0.4850 0.1285 0.8650
vn 0.5405 0.1791 0.8221
vn 0.4639 0.1817 0.8671
vn 0.5314 0.2810 0.7992
vn 0.4486 0.3870 0.8056
vn 0.4400 0.2793 0.8535
vn 0.6542 -0.2283 0.7210
vn 0.6199 -0.2145 0.7548
vn 0.6472 -0.1490 0.7476
vn 0.6246 -0.1361 0.7690
vn 0.6417 -0.0949 0.7611
vn 0.6261 -0.0863 0.7750
vn 0.6248 -0.0245 0.7804
vn 0.6107 0.0540 0.7900
vn 0.6151 0.1251 0.7785
vn 0.5937 0.1201 0.7957
vn 0.6158 0.1768 0.7678
vn 0.5731 0.1764 0.8003
vn 0.6002 0.2770 0.7504
vn 0.5419 0.3681 0.7556
vn 0.5395 0.2788 0.7945
vn 0.6555 -0.2643 0.7074
vn 0.6541 -0.2447 0.7158
vn 0.6564 -0.1565 0.7380
vn 0.6595 -0.0960 0.7455
vn 0.6510 -0.0707 0.7558
vn 0.6661 -0.0385 0.7449
vn 0.6274 -0.0310 0.7781
vn 0.6641 0.0311 0.7470
vn 0.6329 0.0888 0.7691
vn 0.6165 0.0395 0.7864
vn 0.6423 0.1222 0.7567
vn 0.6451 0.1743 0.7440
vn 0.6278 0.1768 0.7580
vn 0.6282 0.2759 0.7275
vn 0.5992 0.2739 0.7523
vn 0.4432 0.7817 -0.4387
vn 0.4090 0.8123 -0.4158
vn 0.4167 0.8254 -0.3810
vn 0.4913 0.7348 -0.4676
vn 0.4661 0.7861 -0.4061
vn 0.4869 0.7853 -0.3825
vn 0.4525 0.8113 -0.3701
vn 0.4652 0.8288 -0.3108
vn 0.5888 0.6480 -0.4830
vn 0.5447 0.7006 -0.4610
vn 0.5506 0.7310 -0.4031
vn 0.5223 0.7771 -0.3513
vn 0.5541 0.7659 -0.3261
vn 0.4898 0.8180 -0.3015
vn 0.4805 0.8375 -0.2603
vn 0.4645 0.8511 -0.2446
vn 0.6023 0.5781 -0.5504
vn 0.6163 0.6014 -0.5084
vn 0.6023 0.6645 -0.4423
vn 0.6117 0.6801 -0.4041
vn 0.5985 0.6997 -0.3902
vn 0.5979 0.7105 -0.3711
vn 0.5974 0.7203 -0.3526
vn 0.5669 0.7565 -0.3262
vn 0.5674 0.7552 -0.3283
vn 0.5153 0.8084 -0.2845
vn 0.5392 0.7865 -0.3011
vn 0.4833 0.8361 -0.2597
vn 0.4749 0.8587 -0.1926
vn 0.4758 0.8746 -0.0929
vn 0.4669 0.8841 -0.0201
vn 0.5255 0.5678 -0.6336
vn 0.5684 0.5695 -0.5938
vn 0.5750 0.6307 -0.5212
vn 0.5581 0.6792 -0.4766
vn 0.5807 0.6924 -0.4282
vn 0.5331 0.7330 -0.4224
vn 0.5651 0.7234 -0.3967
vn 0.5658 0.7337 -0.3762
vn 0.5294 0.7575 -0.3820
vn 0.5610 0.7474 -0.3559
vn 0.5462 0.7704 -0.3290
vn 0.5254 0.8011 -0.2866
vn 0.5597 0.8026 -0.2063
vn 0.4937 0.8487 -0.1897
vn 0.5514 0.8275 -0.1064
vn 0.4944 0.8642 -0.0933
vn 0.5289 0.8466 -0.0595
vn 0.4851 0.8737 -0.0369
vn 0.4365 0.5797 -0.6880
vn 0.4789 0.5692 -0.6684
vn 0.5024 0.6197 -0.6030
vn 0.5104 0.6642 -0.5462
vn 0.5161 0.6888 -0.5091
vn 0.5139 0.7307 -0.4495
vn 0.5079 0.7526 -0.4192
vn 0.4980 0.7640 -0.4102
vn 0.5037 0.7672 -0.3971
vn 0.5044 0.7771 -0.3764
vn 0.5263 0.7866 -0.3229
vn 0.5157 0.7916 -0.3276
vn 0.5420 0.8113 -0.2190
vn 0.5367 0.8164 -0.2131
vn 0.5427 0.8293 -0.1330
vn 0.5456 0.8293 -0.1204
vn 0.5368 0.8400 -0.0790
vn 0.3496 0.6118 -0.7095
vn 0.4053 0.5877 -0.7002
vn 0.4434 0.6327 -0.6349
vn 0.4619 0.6800 -0.5694
vn 0.4811 0.6737 -0.5609
vn 0.5013 0.7020 -0.5059
vn 0.5112 0.7223 -0.4658
vn 0.5092 0.7313 -0.4539
vn 0.5108 0.7475 -0.4247
vn 0.5070 0.7738 -0.3797
vn 0.5287 0.7833 -0.3271
vn 0.5123 0.7978 -0.3180
vn 0.5410 0.8133 -0.2141
vn 0.5540 0.8200 -0.1440
vn 0.5414 0.8333 -0.1119
vn 0.5396 0.8358 -0.1016
vn 0.5271 0.8450 -0.0902
vn 0.2930 0.6419 -0.7086
vn 0.3565 0.6749 -0.6461
vn 0.4144 0.7189 -0.5580
vn 0.4654 0.7203 -0.5143
vn 0.4762 0.7475 -0.4630
vn 0.4916 0.7351 -0.4668
vn 0.5050 0.7375 -0.4485
vn 0.5125 0.7505 -0.4172
vn 0.5173 0.7473 -0.4170
vn 0.5460 0.7740 -0.3207
vn 0.5582 0.7869 -0.2630
vn 0.5900 0.7842 -0.1923
vn 0.5513 0.8118 -0.1923
vn 0.5846 0.7968 -0.1527
vn 0.5556 0.8189 -0.1440
vn 0.5824 0.8052 -0.1118
vn 0.5552 0.8245 -0.1094
vn 0.3519 0.8392 0.4146
vn 0.3432 0.8386 0.4230
vn 0.3457 0.8388 0.4205
vn 0.3373 0.8249 0.4536
vn 0.3446 0.8361 0.4268
vn 0.3560 0.8427 0.4039
vn 0.3570 0.8418 0.4049
vn 0.3478 0.8437 0.4089
vn 0.3451 0.8429 0.4127
vn 0.3785 0.8343 0.4009
vn 0.3995 0.8047 0.4392
vn 0.3688 0.8292 0.4200
vn 0.3754 0.7880 0.4880
vn 0.4124 0.8405 0.3515
vn 0.4044 0.8327 0.3782
vn 0.3843 0.8374 0.3887
vn 0.3785 0.8378 0.3935
vn 0.4289 0.7748 0.4646
vn 0.4255 0.8280 0.3651
vn 0.4222 0.8159 0.3950
vn 0.4093 0.8249 0.3900
vn 0.4120 0.8133 0.4109
vn 0.4500 0.8930 0.0051
vn 0.4404 0.8974 0.0272
vn 0.4471 0.8889 0.1001
vn 0.4566 0.8637 0.2133
vn 0.4640 0.8289 0.3125
vn 0.4453 0.8361 0.3205
vn 0.4364 0.8294 0.3487
vn 0.4408 0.8039 0.3993
vn 0.4485 0.7468 0.4909
vn 0.4329 0.7706 0.4678
vn 0.4404 0.7301 0.5224
vn 0.4741 0.8257 0.3057
vn 0.4650 0.8217 0.3294
vn 0.4531 0.8241 0.3399
vn 0.4412 0.8212 0.3618
vn 0.5029 0.8637 -0.0326
vn 0.4634 0.8861 -0.0114
vn 0.4903 0.8713 0.0207
vn 0.4489 0.8933 0.0231
vn 0.4974 0.8577 0.1299
vn 0.4491 0.8865 0.1114
vn 0.4988 0.8335 0.2377
vn 0.4591 0.8611 0.2184
vn 0.4810 0.8288 0.2858
vn 0.4651 0.7269 0.5052
vn 0.4640 0.7054 0.5359
vn 0.4726 0.8204 0.3219
vn 0.4872 0.7769 0.3989
vn 0.4555 0.8030 0.3845
vn 0.4596 0.7631 0.4544
vn 0.5219 0.8516 -0.0497
vn 0.5171 0.8556 0.0230
vn 0.5144 0.8458 0.1417
vn 0.5081 0.8260 0.2440
vn 0.4998 0.8309 0.2446
vn 0.4942 0.8222 0.2825
vn 0.4871 0.8242 0.2888
vn 0.4811 0.8220 0.3047
vn 0.5398 0.7249 0.4281
vn 0.5202 0.7427 0.4216
vn 0.5254 0.7055 0.4757
vn 0.4980 0.7189 0.4850
vn 0.4836 0.7018 0.5231
vn 0.5384 0.8121 0.2252
vn 0.5251 0.8065 0.2717
vn 0.5081 0.8161 0.2752
vn 0.5201 0.7886 0.3280
vn 0.4952 0.8114 0.3106
vn 0.5092 0.7829 0.3575
vn 0.5477 0.8351 -0.0515
vn 0.5199 0.8524 -0.0562
vn 0.5692 0.8211 0.0432
vn 0.5219 0.8526 0.0261
vn 0.5764 0.8056 0.1370
vn 0.5253 0.8402 0.1345
vn 0.5455 0.8152 0.1946
vn 0.5636 0.7055 0.4296
vn 0.5666 0.6868 0.4553
vn 0.5395 0.7007 0.4669
vn 0.5271 0.6893 0.4971
vn 0.5723 0.7785 0.2578
vn 0.5852 0.7290 0.3552
vn 0.5523 0.7611 0.3400
vn 0.5615 0.7278 0.3937
vn 0.5963 0.8025 -0.0206
vn 0.5683 0.8219 -0.0384
vn 0.6119 0.7865 0.0832
vn 0.5871 0.8068 0.0657
vn 0.6141 0.7769 0.1387
vn 0.5888 0.7957 0.1417
vn 0.6035 0.7792 0.1692
vn 0.5720 0.7978 0.1905
vn 0.5683 0.7953 0.2110
vn 0.2414 0.4171 0.8762
vn 0.2370 0.4102 0.8806
vn 0.2501 0.4135 0.8755
vn 0.2711 0.5375 0.7985
vn 0.2570 0.4407 0.8601
vn 0.2912 0.6808 0.6720
vn 0.2839 0.6280 0.7246
vn 0.3084 0.6742 0.6710
vn 0.2997 0.6811 0.6681
vn 0.3239 0.6798 0.6581
vn 0.3198 0.6642 0.6757
vn 0.3353 0.7926 0.5093
vn 0.3319 0.7180 0.6118
vn 0.2584 0.4198 0.8701
vn 0.2414 0.4269 0.8715
vn 0.2336 0.4103 0.8815
vn 0.2508 0.4237 0.8704
vn 0.2949 0.4994 0.8146
vn 0.2844 0.5317 0.7978
vn 0.2619 0.4529 0.8522
vn 0.2930 0.6808 0.6713
vn 0.2988 0.6264 0.7200
vn 0.3033 0.6896 0.6576
vn 0.2997 0.6856 0.6634
vn 0.2926 0.6882 0.6639
vn 0.3251 0.6858 0.6511
vn 0.3225 0.6834 0.6550
vn 0.3095 0.6766 0.6682
vn 0.3548 0.7592 0.5456
vn 0.3339 0.7945 0.5073
vn 0.3296 0.7292 0.5997
vn 0.3028 0.4276 0.8517
vn 0.3452 0.4434 0.8272
vn 0.3131 0.4666 0.8272
vn 0.2945 0.4252 0.8559
vn 0.3339 0.5351 0.7760
vn 0.3256 0.6841 0.6527
vn 0.3476 0.6353 0.6896
vn 0.3125 0.6743 0.6691
vn 0.3139 0.6166 0.7220
vn 0.3426 0.6853 0.6427
vn 0.3331 0.6899 0.6427
vn 0.3764 0.7342 0.5650
vn 0.3630 0.6966 0.6189
vn 0.3851 0.4159 0.8238
vn 0.3716 0.4243 0.8258
vn 0.3677 0.4130 0.8332
vn 0.3868 0.4577 0.8006
vn 0.3981 0.5487 0.7352
vn 0.3716 0.5966 0.7113
vn 0.3730 0.5283 0.7628
vn 0.3748 0.6604 0.6507
vn 0.3626 0.6747 0.6429
vn 0.3665 0.6531 0.6627
vn 0.3946 0.6894 0.6075
vn 0.3773 0.6906 0.6170
vn 0.3641 0.6855 0.6304
vn 0.4301 0.7185 0.5466
vn 0.4120 0.7326 0.5419
vn 0.3933 0.7029 0.5927
vn 0.4177 0.4319 0.7994
vn 0.4441 0.4598 0.7690
vn 0.4152 0.5022 0.7585
vn 0.4137 0.4517 0.7904
vn 0.4008 0.6326 0.6627
vn 0.4087 0.5569 0.7230
vn 0.4135 0.6875 0.5970
vn 0.4007 0.6735 0.6212
vn 0.4481 0.7041 0.5508
vn 0.4355 0.7106 0.5527
vn 0.4285 0.6975 0.5743
vn 0.4952 0.4198 0.7607
vn 0.4645 0.4431 0.7667
vn 0.4567 0.4222 0.7830
vn 0.4691 0.4612 0.7531
vn 0.4869 0.5520 0.6769
vn 0.4333 0.6151 0.6587
vn 0.4457 0.5332 0.7190
vn 0.4579 0.6996 0.5485
vn 0.4592 0.6753 0.5772
vn 0.4411 0.6892 0.5748
vn 0.4322 0.6689 0.6047
vn 0.5384 0.4098 0.7363
vn 0.5546 0.4476 0.7015
vn 0.5179 0.4965 0.6966
vn 0.5188 0.4438 0.7307
vn 0.5279 0.5750 0.6251
vn 0.4946 0.6307 0.5980
vn 0.5116 0.5655 0.6469
vn 0.4931 0.6841 0.5374
vn 0.4788 0.6953 0.5360
vn 0.4797 0.6810 0.5533
vn 0.6079 0.3761 0.6994
vn 0.5728 0.4256 0.7005
vn 0.5708 0.3831 0.7262
vn 0.6081 0.4450 0.6574
vn 0.5656 0.5064 0.6509
vn 0.5754 0.4481 0.6842
vn 0.5725 0.5892 0.5701
vn 0.5319 0.6457 0.5478
vn 0.5473 0.5826 0.6009
vn 0.4062 0.8480 -0.3404
vn 0.4325 0.8492 -0.3031
vn 0.3954 0.8714 -0.2905
vn 0.4052 0.8849 -0.2297
vn 0.4023 0.8911 -0.2098
vn 0.3761 0.9064 -0.1921
vn 0.3901 0.9030 -0.1802
vn 0.3519 0.9207 -0.1689
vn 0.3914 0.9148 -0.1000
vn 0.3540 0.9301 -0.0981
vn 0.3850 0.9229 0.0042
vn 0.3640 0.9314 0.0047
vn 0.4562 0.8499 -0.2637
vn 0.4663 0.8512 -0.2409
vn 0.4401 0.8686 -0.2278
vn 0.4534 0.8611 -0.2302
vn 0.4344 0.8743 -0.2163
vn 0.4312 0.8811 -0.1941
vn 0.4376 0.8929 -0.1065
vn 0.4403 0.8979 -0.0014
vn 0.4496 0.8645 -0.2247
vn 0.4701 0.8627 -0.1864
vn 0.4433 0.8763 -0.1884
vn 0.4819 0.8717 -0.0891
vn 0.4567 0.8845 -0.0954
vn 0.4773 0.8787 -0.0082
vn 0.4667 0.8844 -0.0033
vn 0.3885 0.8550 0.3436
vn 0.3605 0.8390 0.4075
vn 0.3749 0.8294 0.4142
vn 0.3626 0.8328 0.4182
vn 0.3734 0.9256 0.0613
vn 0.3640 0.9289 0.0681
vn 0.3628 0.9288 0.0758
vn 0.3562 0.9307 0.0829
vn 0.3659 0.9258 0.0953
vn 0.3465 0.9336 0.0915
vn 0.3875 0.9053 0.1738
vn 0.3448 0.9279 0.1419
vn 0.3749 0.8906 0.2573
vn 0.4258 0.9035 0.0491
vn 0.4017 0.9135 0.0645
vn 0.3819 0.9191 0.0970
vn 0.3701 0.9084 0.1943
vn 0.3823 0.8535 0.3541
vn 0.3580 0.8707 0.3371
vn 0.3641 0.8436 0.3946
vn 0.4646 0.8853 0.0178
vn 0.4566 0.8891 0.0319
vn 0.4544 0.8903 0.0308
vn 0.4344 0.8996 0.0440
vn 0.4613 0.8834 0.0825
vn 0.4096 0.9087 0.0811
vn 0.4696 0.8606 0.1970
vn 0.3907 0.9018 0.1845
vn 0.4161 0.8578 0.3017
vn 0.7690 -0.1248 -0.6269
vn 0.8131 -0.0938 -0.5745
vn 0.8276 -0.1041 -0.5515
vn 0.8695 -0.0630 -0.4898
vn 0.8738 -0.0391 -0.4847
vn 0.8942 -0.0003 -0.4477
vn 0.9110 -0.0642 -0.4073
vn 0.9188 0.0114 -0.3945
vn 0.9271 0.0516 -0.3712
vn 0.9442 -0.1945 -0.2657
vn 0.9494 -0.0777 -0.3043
vn 0.9435 -0.0083 -0.3312
vn 0.9004 -0.4330 -0.0420
vn 0.9554 -0.2459 -0.1633
vn 0.9594 -0.1156 -0.2573
vn 0.9328 -0.3595 -0.0265
vn 0.9618 -0.2228 -0.1592
vn 0.8855 -0.0281 -0.4638
vn 0.9214 -0.0021 -0.3886
vn 0.9402 0.0103 -0.3405
vn 0.9582 0.0149 -0.2858
vn 0.9015 0.0282 -0.4318
vn 0.9263 0.0498 -0.3736
vn 0.9211 0.0705 -0.3829
vn 0.9404 0.0626 -0.3342
vn 0.9553 0.0572 -0.2902
vn 0.9285 0.0691 -0.3649
vn 0.9397 0.0674 -0.3354
vn 0.9499 0.0525 -0.3081
vn 0.9569 0.0323 -0.2887
vn 0.9339 0.0194 -0.3571
vn 0.9394 0.0229 -0.3420
vn 0.9430 0.0095 -0.3327
vn 0.9492 -0.0104 -0.3146
vn 0.7195 -0.6502 0.2440
vn 0.9370 -0.0680 -0.3427
vn 0.9360 -0.0675 -0.3454
vn 0.9334 -0.0782 -0.3503
vn 0.5989 -0.6844 0.4159
vn 0.8014 -0.5557 0.2213
vn 0.8162 -0.5643 0.1239
vn 0.8811 -0.4663 -0.0790
vn 0.9246 -0.1981 -0.3255
vn 0.9266 -0.1962 -0.3207
vn 0.9120 -0.1838 -0.3667
vn 0.8006 -0.5588 0.2162
vn 0.9017 -0.4322 0.0096
vn 0.9101 -0.3324 -0.2476
vn 0.8853 -0.4299 -0.1775
vn 0.9667 0.0137 -0.2556
vn 0.9725 0.0060 -0.2327
vn 0.9809 -0.0161 -0.1939
vn 0.9941 -0.0517 -0.0952
vn 0.9644 0.0412 -0.2611
vn 0.9675 0.0231 -0.2519
vn 0.9614 0.0359 -0.2728
vn 0.9729 0.0006 -0.2310
vn 0.9906 -0.0332 -0.1328
vn 0.9521 0.0036 -0.3057
vn 0.9652 -0.0230 -0.2606
vn 0.9860 -0.0480 -0.1595
vn 0.9319 -0.0769 -0.3545
vn 0.9388 -0.0459 -0.3414
vn 0.9544 -0.0715 -0.2900
vn 0.9816 -0.0874 -0.1699
vn 0.9196 -0.1213 -0.3736
vn 0.9049 -0.1602 -0.3943
vn 0.9320 -0.1807 -0.3143
vn 0.9643 -0.1996 -0.1743
vn 0.5290 -0.6557 0.5388
vn 0.8671 -0.2786 -0.4129
vn 0.8818 -0.2345 -0.4092
vn 0.8591 -0.2889 -0.4225
vn 0.8782 -0.3298 -0.3466
vn 0.4829 -0.6270 0.6113
vn 0.6170 -0.6335 0.4668
vn 0.6787 -0.6461 0.3491
vn 0.7843 -0.5963 0.1712
vn 0.8530 -0.3375 -0.3981
vn 0.7953 -0.3877 -0.4661
vn 0.7927 -0.4135 -0.4479
vn 0.6015 -0.6918 0.3995
vn 0.6635 -0.7126 0.2279
vn 0.7716 -0.6231 0.1279
vn 0.6452 -0.7506 -0.1423
vn 0.7606 -0.4864 -0.4301
vn 0.7170 -0.5393 -0.4416
vn 0.8740 -0.4382 -0.2101
vn 0.7906 -0.4647 -0.3987
vn 0.8395 -0.4280 -0.3348
vn 0.7958 -0.5406 -0.2729
vn 0.4280 -0.6356 0.6426
vn 0.7077 -0.5266 -0.4710
vn 0.7516 -0.4811 -0.4512
vn 0.7188 -0.5442 -0.4327
vn 0.7051 -0.6177 -0.3484
vn 0.3901 -0.6431 0.6590
vn 0.4790 -0.6804 0.5546
vn 0.4990 -0.7664 0.4046
vn 0.5456 -0.8156 0.1928
vn 0.5764 -0.8068 -0.1297
vn 0.5891 -0.7170 -0.3727
vn 0.6580 -0.5843 -0.4751
vn 0.6469 -0.6130 -0.4536
vn 0.6644 -0.5952 -0.4520
vn 0.6749 -0.6129 -0.4108
vn 0.6773 -0.6829 -0.2738
vn 0.2813 -0.7070 0.6488
vn 0.5836 -0.7005 -0.4109
vn 0.6400 -0.6210 -0.4525
vn 0.6441 -0.6298 -0.4342
vn 0.6486 -0.6326 -0.4233
vn 0.2372 -0.6996 0.6740
vn 0.6262 -0.6703 -0.3982
vn 0.6551 -0.6220 -0.4290
vn 0.6512 -0.6335 -0.4179
vn 0.7923 -0.2074 0.5738
vn 0.7499 -0.2383 0.6171
vn 0.8146 -0.1205 0.5674
vn 0.8266 -0.0486 0.5607
vn 0.8357 -0.0022 0.5492
vn 0.8423 0.0585 0.5359
vn 0.8439 0.1151 0.5240
vn 0.8455 0.1622 0.5088
vn 0.8084 0.1700 0.5635
vn 0.8522 0.2733 0.4462
vn 0.8337 0.2524 0.4911
vn 0.7931 0.3228 0.5165
vn 0.7917 0.2654 0.5502
vn 0.9369 -0.1362 0.3218
vn 0.9211 -0.1416 0.3626
vn 0.8887 -0.1526 0.4324
vn 0.8234 -0.1828 0.5372
vn 0.9356 -0.0737 0.3452
vn 0.9060 -0.0862 0.4145
vn 0.8432 -0.1052 0.5272
vn 0.9437 -0.0095 0.3308
vn 0.9140 -0.0204 0.4051
vn 0.8603 -0.0357 0.5086
vn 0.9475 0.0399 0.3173
vn 0.9210 0.0270 0.3887
vn 0.8715 0.0110 0.4903
vn 0.9537 0.1077 0.2808
vn 0.9487 0.0919 0.3026
vn 0.9264 0.0741 0.3693
vn 0.8760 0.0648 0.4780
vn 0.9528 0.1397 0.2697
vn 0.9497 0.1276 0.2859
vn 0.9289 0.1139 0.3525
vn 0.8720 0.1144 0.4760
vn 0.9473 0.1824 0.2635
vn 0.9513 0.1698 0.2574
vn 0.9482 0.1596 0.2746
vn 0.9258 0.1500 0.3469
vn 0.8889 0.2158 0.4042
vn 0.8658 0.1611 0.4737
vn 0.8886 0.3049 0.3426
vn 0.9355 0.2559 0.2436
vn 0.9433 0.2295 0.2397
vn 0.9380 0.2170 0.2702
vn 0.9074 0.2847 0.3093
vn 0.9020 0.2487 0.3530
vn 0.9971 -0.0763 0.0049
vn 0.9952 -0.0801 0.0567
vn 0.9912 -0.0788 0.1064
vn 0.9802 -0.0842 0.1791
vn 0.9579 -0.1153 0.2629
vn 0.9556 -0.0882 0.2813
vn 0.9982 -0.0588 -0.0083
vn 0.9961 -0.0616 0.0630
vn 0.9925 -0.0531 0.1103
vn 0.9828 -0.0482 0.1781
vn 0.9694 -0.0441 0.2413
vn 0.9491 -0.0555 0.3100
vn 0.9980 -0.0612 -0.0184
vn 0.9956 -0.0540 0.0771
vn 0.9910 -0.0276 0.1308
vn 0.9826 -0.0041 0.1856
vn 0.9718 0.0028 0.2359
vn 0.9527 -0.0011 0.3040
vn 0.9963 -0.0839 -0.0160
vn 0.9927 -0.0576 0.1060
vn 0.9840 -0.0073 0.1779
vn 0.9779 0.0352 0.2061
vn 0.9704 0.0432 0.2375
vn 0.9622 0.0749 0.2619
vn 0.9550 0.0430 0.2936
vn 0.9819 -0.1895 0.0002
vn 0.9777 -0.1299 0.1648
vn 0.9624 -0.0254 0.2704
vn 0.9688 0.0609 0.2401
vn 0.9630 0.0985 0.2510
vn 0.9150 0.0059 0.4035
vn 0.9536 0.1077 0.2813
vn 0.9411 0.1676 0.2936
vn 0.9544 0.1345 0.2664
vn 0.8485 0.1519 0.5069
vn 0.8337 0.2721 0.4805
vn 0.9086 0.1822 0.3759
vn 0.6062 0.3461 0.7160
vn 0.7689 0.3538 0.5326
vn 0.8796 -0.4757 0.0048
vn 0.8572 -0.4459 0.2577
vn 0.8142 -0.5804 -0.0127
vn 0.8161 -0.4764 0.3273
vn 0.7237 -0.2224 0.6533
vn 0.2564 0.5248 0.8117
vn 0.4829 -0.0337 0.8750
vn 0.1333 0.3024 0.9438
vn -0.4220 0.2012 0.8840
vn 0.6432 -0.7641 -0.0493
vn 0.5139 -0.7795 0.3582
vn 0.6783 -0.7239 -0.1258
vn 0.6062 -0.7296 0.3165
vn 0.0537 -0.3277 0.9433
vn -0.2429 -0.1047 0.9644
vn -0.6062 -0.2022 0.7692
vn 0.5372 -0.8128 -0.2254
vn 0.2790 -0.9458 0.1662
vn 0.0881 -0.8877 0.4519
vn 0.6443 -0.6622 -0.3826
vn -0.4689 0.1391 0.8722
vn -0.2162 -0.2908 0.9320
vn 0.6548 -0.2754 0.7038
vn 0.6621 -0.2750 0.6971
vn 0.6586 -0.2276 0.7172
vn 0.6863 -0.1454 0.7127
vn 0.6476 -0.1472 0.7477
vn 0.6839 -0.0814 0.7250
vn 0.6582 -0.0857 0.7480
vn 0.6844 -0.0434 0.7278
vn 0.6612 -0.0424 0.7490
vn 0.6898 0.0307 0.7233
vn 0.6574 0.0283 0.7530
vn 0.6886 0.1055 0.7175
vn 0.6711 0.1347 0.7291
vn 0.6570 0.1081 0.7461
vn 0.6975 0.1746 0.6950
vn 0.6840 0.1737 0.7085
vn 0.6875 0.2753 0.6719
vn 0.6624 0.2749 0.6969
vn 0.6943 -0.2591 0.6715
vn 0.6695 -0.2691 0.6923
vn 0.6744 -0.2295 0.7018
vn 0.7121 -0.1386 0.6882
vn 0.6688 -0.1455 0.7291
vn 0.7185 -0.0733 0.6917
vn 0.6837 -0.0790 0.7254
vn 0.7243 -0.0332 0.6887
vn 0.6926 -0.0395 0.7202
vn 0.7313 0.0390 0.6809
vn 0.6957 0.0348 0.7175
vn 0.7278 0.1100 0.6769
vn 0.7113 0.1413 0.6886
vn 0.6978 0.1087 0.7080
vn 0.7492 0.1783 0.6379
vn 0.7212 0.1776 0.6696
vn 0.7335 0.2822 0.6184
vn 0.7054 0.2802 0.6511
vn 0.7411 -0.2021 0.6402
vn 0.7946 -0.1212 0.5949
vn 0.7229 -0.1321 0.6783
vn 0.8074 -0.0536 0.5876
vn 0.7415 -0.0643 0.6678
vn 0.8146 -0.0134 0.5798
vn 0.7555 -0.0242 0.6547
vn 0.8211 0.0474 0.5688
vn 0.7597 0.0423 0.6488
vn 0.8147 0.1083 0.5697
vn 0.7833 0.1336 0.6071
vn 0.7591 0.1096 0.6417
vn 0.2768 0.6989 -0.6594
vn 0.3358 0.7406 -0.5820
vn 0.3755 0.7857 -0.4916
vn 0.4000 0.7608 -0.5110
vn 0.4414 0.7791 -0.4452
vn 0.4753 0.7655 -0.4337
vn 0.4955 0.7784 -0.3855
vn 0.5090 0.7594 -0.4052
vn 0.5326 0.7628 -0.3666
vn 0.6024 0.7599 -0.2444
vn 0.5542 0.7847 -0.2777
vn 0.6210 0.7625 -0.1816
vn 0.5908 0.7840 -0.1904
vn 0.6237 0.7642 -0.1645
vn 0.6026 0.7817 -0.1606
vn 0.6232 0.7716 -0.1274
vn 0.6040 0.7885 -0.1161
vn 0.1969 0.7797 -0.5944
vn 0.2519 0.7581 -0.6016
vn 0.3215 0.8313 -0.4534
vn 0.3810 0.8148 -0.4369
vn 0.3931 0.8349 -0.3852
vn 0.4279 0.8035 -0.4139
vn 0.4817 0.8062 -0.3435
vn 0.5366 0.7885 -0.3006
vn 0.5798 0.7920 -0.1913
vn 0.5711 0.7908 -0.2202
vn 0.6029 0.7855 -0.1394
vn 0.6140 0.7719 -0.1648
vn 0.6232 0.7702 -0.1359
vn 0.6405 0.7518 -0.1566
vn 0.6627 0.7399 -0.1154
vn 0.6534 0.7519 -0.0881
vn 0.1159 0.8093 -0.5759
vn 0.2073 0.8531 -0.4789
vn 0.2769 0.8762 -0.3945
vn 0.3368 0.8771 -0.3424
vn 0.4018 0.8562 -0.3247
vn 0.3999 0.8808 -0.2534
vn 0.4603 0.8403 -0.2864
vn 0.5068 0.8477 -0.1567
vn 0.5526 0.8263 -0.1089
vn 0.5958 0.7971 -0.0983
vn 0.6373 0.7622 -0.1133
vn 0.6842 0.7287 -0.0292
vn 0.6597 0.7471 -0.0813
vn 0.0322 0.8662 -0.4987
vn 0.1061 0.9120 -0.3962
vn 0.1705 0.9300 -0.3255
vn 0.2317 0.9290 -0.2885
vn 0.2869 0.9357 -0.2051
vn 0.3742 0.9115 -0.1708
vn 0.3641 0.9288 -0.0691
vn 0.4525 0.8855 -0.1053
vn 0.3900 0.9205 -0.0257
vn 0.5108 0.8568 -0.0706
vn 0.4586 0.8886 0.0027
vn 0.5621 0.8249 -0.0605
vn 0.5489 0.8275 0.1182
vn 0.6137 0.7893 0.0184
vn 0.6428 0.7574 0.1147
vn -0.0841 0.9020 -0.4235
vn -0.0360 0.9412 -0.3358
vn 0.0057 0.9655 -0.2605
vn 0.0600 0.9703 -0.2345
vn 0.1169 0.9802 -0.1595
vn 0.1575 0.9869 -0.0336
vn 0.1851 0.9826 0.0148
vn 0.2208 0.9736 0.0578
vn 0.2764 0.9427 0.1868
vn 0.3376 0.7626 0.5518
vn -0.2021 0.9051 -0.3742
vn 0.4568 -0.8049 0.3787
vn 0.4426 -0.8833 0.1545
vn 0.4520 -0.8879 -0.0854
vn 0.4987 -0.8146 -0.2962
vn -0.2819 0.9031 -0.3240
vn -0.1878 0.9326 -0.3083
vn -0.1720 0.9621 -0.2117
vn -0.1383 0.9733 -0.1834
vn -0.0958 0.9882 -0.1199
vn -0.0735 0.9972 -0.0127
vn -0.0622 0.9972 0.0422
vn -0.0399 0.9950 0.0917
vn -0.0163 0.9726 0.2320
vn -0.0251 0.8025 0.5961
vn 0.2871 -0.7649 0.5767
vn 0.2635 -0.9161 0.3023
vn 0.2630 -0.9584 0.1112
vn 0.2889 -0.9569 -0.0286
vn 0.3656 -0.9146 -0.1728
vn 0.5001 -0.7963 -0.3403
vn 0.5350 -0.7796 -0.3256
vn -0.3068 0.9091 -0.2819
vn -0.3059 0.9334 -0.1877
vn -0.2909 0.9447 -0.1512
vn -0.2687 0.9581 -0.0989
vn -0.2604 0.9655 -0.0091
vn -0.2577 0.9647 0.0553
vn -0.2599 0.9599 0.1048
vn -0.2957 0.9306 0.2157
vn -0.3521 0.9253 -0.1408
vn -0.3510 0.9315 -0.0957
vn -0.3559 0.9345 -0.0110
vn -0.3577 0.9319 0.0604
vn -0.3669 0.9250 0.0988
vn -0.4025 0.8999 0.1678
vn 0.2433 -0.7701 0.5897
vn 0.2531 -0.9176 0.3064
vn 0.2719 -0.9547 0.1211
vn 0.2990 -0.9542 0.0061
vn 0.3548 -0.9296 -0.0997
vn 0.4404 -0.8750 -0.2012
vn 0.5593 -0.7641 -0.3214
vn 0.6026 -0.7386 -0.3020
vn 0.6474 -0.6554 -0.3890
vn -0.3442 0.8909 -0.2964
vn -0.3638 0.9131 -0.1841
vn -0.3938 0.8701 -0.2963
vn -0.3914 0.9034 -0.1752
vn -0.3701 0.9167 -0.1506
vn -0.3778 0.9160 -0.1350
vn -0.3806 0.9193 -0.1007
vn -0.3909 0.9203 -0.0181
vn -0.4002 0.9145 0.0584
vn -0.4071 0.9090 0.0891
vn -0.4165 0.9006 0.1242
vn -0.4358 0.8733 0.2180
vn 0.6419 0.6020 0.4749
vn 0.6098 0.6479 0.4564
vn 0.6225 0.5953 0.5080
vn 0.6400 0.6770 0.3633
vn 0.6214 0.6915 0.3684
vn 0.6260 0.6732 0.3937
vn 0.6046 0.6852 0.4061
vn 0.6015 0.6789 0.4210
vn 0.6127 0.7903 -0.0063
vn 0.6313 0.7688 0.1022
vn 0.6186 0.7798 0.0957
vn 0.6250 0.7695 0.1316
vn 0.6167 0.7756 0.1348
vn 0.6287 0.7590 0.1694
vn 0.6069 0.7780 0.1627
vn 0.6376 0.7304 0.2448
vn 0.5975 0.7673 0.2327
vn 0.6131 0.7272 0.3086
vn 0.7358 0.3946 0.5503
vn 0.7146 0.4602 0.5268
vn 0.6800 0.5334 0.5031
vn 0.6874 0.4513 0.5690
vn 0.7029 0.6231 0.3430
vn 0.6640 0.6590 0.3533
vn 0.6847 0.6077 0.4023
vn 0.6502 0.6511 0.3915
vn 0.6604 0.6082 0.4404
vn 0.6940 0.7143 0.0899
vn 0.6675 0.7384 0.0955
vn 0.6950 0.7078 0.1267
vn 0.6545 0.7454 0.1264
vn 0.7018 0.6857 0.1930
vn 0.6459 0.7420 0.1794
vn 0.6985 0.6608 0.2746
vn 0.6444 0.7182 0.2626
vn 0.6646 0.6683 0.3341
vn 0.6974 0.7166 0.0037
vn 0.6153 0.7883 0.0031
vn 0.6571 0.7492 0.0833
vn 0.8635 0.3693 0.3436
vn 0.8343 0.3522 0.4242
vn 0.7872 0.3714 0.4922
vn 0.8311 0.4870 0.2686
vn 0.8237 0.4680 0.3201
vn 0.7568 0.5663 0.3263
vn 0.8079 0.4372 0.3951
vn 0.7322 0.5517 0.3994
vn 0.7431 0.4545 0.4912
vn 0.7185 0.6854 0.1179
vn 0.7761 0.6166 0.1321
vn 0.7483 0.6557 0.1006
vn 0.8045 0.5759 0.1451
vn 0.7606 0.6352 0.1344
vn 0.8065 0.5588 0.1934
vn 0.7551 0.6243 0.2002
vn 0.7872 0.5598 0.2586
vn 0.7370 0.6186 0.2723
vn 0.7467 0.5944 0.2985
vn 0.7104 0.7020 0.0501
vn 0.6842 0.7292 0.0118
vn 0.7159 0.6958 0.0584
vn 0.8924 0.3545 0.2791
vn 0.9242 0.3172 0.2129
vn 0.9271 0.3017 0.2223
vn 0.8950 0.3758 0.2403
vn 0.9054 0.3319 0.2647
vn 0.6462 0.6741 0.3578
vn 0.7079 0.6593 0.2535
vn 0.7696 0.5490 0.3261
vn 0.7976 0.5666 0.2069
vn 0.8639 0.4536 0.2190
vn 0.8455 0.5077 0.1655
vn 0.8966 0.4018 0.1861
vn 0.8535 0.4881 0.1823
vn 0.8759 0.4345 0.2100
vn 0.4154 0.7335 0.5380
vn 0.5892 0.4210 0.6896
vn 0.5936 0.6016 0.5346
vn 0.7379 0.4104 0.5358
vn -0.0354 0.7678 0.6397
vn 0.0136 0.3973 0.9176
vn -0.4724 0.3742 0.7980
vn -0.2904 0.7625 0.5782
vn -0.4433 0.5423 0.7138
vn -0.4452 0.3007 0.8434
vn -0.3527 0.8274 0.4371
vn -0.4203 0.6993 0.5782
vn -0.4837 0.6304 0.6071
vn -0.5600 0.2903 0.7760
vn -0.4909 0.2054 0.8467
vn -0.4861 0.7915 0.3704
vn -0.5029 0.6925 0.5173
vn -0.5277 0.5487 0.6484
vn -0.5449 0.4722 0.6929
vn -0.4579 0.8367 0.3004
vn 0.6682 0.3725 0.6440
vn 0.6357 0.4170 0.6497
vn 0.6322 0.3749 0.6781
vn 0.6684 0.4446 0.5962
vn 0.6353 0.4999 0.5886
vn 0.6396 0.4414 0.6294
vn 0.7085 0.3780 0.5959
vn 0.6827 0.4182 0.5992
vn 0.6816 0.3731 0.6294
vn 0.3321 -0.6957 0.6369
vn 0.4294 -0.9007 -0.0660
vn 0.2355 -0.9100 0.3411
vn 0.6459 -0.6263 -0.4366
vn 0.6128 -0.6925 -0.3808
vn 0.6740 -0.7032 -0.2265
vn 0.6489 -0.7143 0.2622
vn -0.0563 -0.3697 0.9274
vn 0.5789 -0.7638 -0.2854
vn 0.3897 -0.9052 0.1693
vn 0.1090 -0.8996 0.4230
vn 0.3135 -0.7282 0.6095
vn 0.3175 -0.7395 0.5936
vn 0.3266 -0.8833 0.3363
vn 0.3450 -0.9293 0.1318
vn 0.3501 -0.9364 0.0237
vn 0.3731 -0.9266 -0.0476
vn 0.4358 -0.8923 -0.1177
vn 0.5145 -0.8363 -0.1897
vn 0.5856 -0.7512 -0.3045
vn 0.6415 -0.6331 -0.4333
vn 0.4951 -0.8017 0.3351
vn 0.4693 -0.8767 0.1056
vn 0.4151 -0.9097 0.0079
vn 0.3903 -0.9202 -0.0312
vn 0.4125 -0.9092 -0.0574
vn 0.4863 -0.8680 -0.1004
vn 0.5744 -0.7872 -0.2246
vn -0.3415 0.8952 -0.2864
vn -0.3783 0.9106 -0.1664
vn -0.3901 0.9106 -0.1363
vn -0.3942 0.9128 -0.1069
vn -0.4049 0.9139 -0.0293
vn -0.4175 0.9072 0.0506
vn -0.4261 0.9007 0.0846
vn -0.4263 0.8961 0.1236
vn -0.4028 0.9090 -0.1074
vn -0.4151 0.9090 -0.0378
vn -0.4264 0.9037 0.0394
vn -0.4336 0.8977 0.0789
vn 0.3326 -0.7141 0.6160
vn 0.3351 -0.7459 0.5756
vn 0.3779 -0.8715 0.3126
vn 0.4257 -0.9012 0.0809
vn 0.4254 -0.9047 -0.0212
vn 0.3965 -0.9168 -0.0470
vn 0.3819 -0.9235 -0.0357
vn 0.4043 -0.9142 -0.0289
vn 0.4642 -0.8771 -0.1234
vn 0.5642 -0.7539 -0.3368
vn -0.2951 0.8823 -0.3667
vn -0.3602 0.9111 -0.2004
vn -0.3906 0.9093 -0.1439
vn -0.4486 0.8851 0.1238
vn -0.3681 0.9037 -0.2188
vn -0.3787 0.9142 -0.1445
vn -0.3871 0.9129 -0.1292
vn -0.3759 0.9204 -0.1071
vn -0.3853 0.9214 -0.0506
vn -0.4016 0.9155 0.0265
vn -0.4123 0.9082 0.0725
vn -0.4271 0.8996 0.0911
vn -0.4231 0.8992 0.1112
vn 0.3041 -0.7898 0.5327
vn 0.2131 -0.7611 0.6126
vn 0.2478 -0.8794 0.4066
vn 0.3530 -0.9255 0.1372
vn 0.4119 -0.9108 -0.0291
vn 0.3969 -0.9148 -0.0754
vn 0.3772 -0.9253 -0.0407
vn 0.3914 -0.9202 0.0095
vn 0.4476 -0.8921 -0.0618
vn -0.1981 0.8540 -0.4811
vn 0.4394 -0.8783 0.1887
vn 0.4489 -0.8929 -0.0341
vn 0.4205 -0.9016 -0.1019
vn 0.5100 -0.8600 0.0162
vn -0.2488 0.8957 -0.3686
vn -0.2640 0.9389 -0.2207
vn -0.3059 0.9416 -0.1407
vn -0.3275 0.9370 -0.1220
vn -0.3516 0.9331 -0.0756
vn -0.3760 0.9265 0.0125
vn -0.3837 0.9203 0.0766
vn -0.3802 0.9197 0.0977
vn -0.3655 0.9308 -0.0019
vn 0.3862 -0.8679 0.3123
vn 0.7437 -0.6682 0.0208
vn 0.2416 -0.7778 0.5803
vn 0.1857 -0.8760 0.4452
vn 0.3634 -0.9303 -0.0510
vn 0.3662 -0.9298 0.0360
vn 0.0078 0.7727 -0.6348
vn 0.1883 -0.8530 0.4867
vn 0.2364 -0.9473 0.2160
vn 0.3339 -0.9426 0.0018
vn 0.3934 -0.9140 -0.0992
vn 0.4069 -0.9059 -0.1177
vn 0.4461 -0.8931 -0.0579
vn 0.4493 -0.8920 0.0492
vn 0.4139 -0.9028 0.1170
vn 0.4076 -0.9104 0.0705
vn -0.0556 0.7526 -0.6561
vn -0.1218 0.8716 -0.4748
vn -0.1736 0.9404 -0.2926
vn -0.2401 0.9540 -0.1798
vn -0.2780 0.9504 -0.1397
vn -0.3028 0.9472 -0.1057
vn -0.3531 0.9320 0.0818
vn -0.3547 0.9298 0.0980
vn -0.2729 0.9511 -0.1447
vn -0.2720 0.9556 -0.1129
vn -0.2981 0.9496 -0.0970
vn -0.2623 0.9647 -0.0209
vn -0.3252 0.9433 0.0663
vn -0.3178 0.9457 0.0680
vn -0.3375 0.9372 0.0876
vn 0.3509 -0.9114 -0.2149
vn 0.1442 -0.9276 0.3447
vn 0.0268 -0.8663 0.4988
vn 0.0576 -0.9441 0.3247
vn 0.2064 -0.9680 0.1425
vn 0.3559 -0.9335 -0.0431
vn 0.4192 -0.9072 -0.0361
vn 0.4392 -0.8971 0.0479
vn 0.4253 -0.9027 0.0648
vn -0.0266 0.8303 -0.5566
vn -0.1116 0.9178 -0.3811
vn -0.2036 0.9485 -0.2426
vn 0.5023 -0.8646 0.0162
vn 0.4061 -0.9122 0.0543
vn -0.2110 0.9389 -0.2720
vn -0.2426 0.9494 -0.1993
vn -0.2269 0.9644 -0.1359
vn -0.2334 0.9667 -0.1046
vn -0.2490 0.9677 -0.0382
vn -0.2724 0.9614 0.0385
vn -0.2889 0.9546 0.0727
vn 0.4141 -0.8555 -0.3109
vn 0.2285 -0.9702 0.0808
vn 0.7143 -0.4140 -0.5643
vn 0.6293 -0.6912 -0.3551
vn -0.0136 -0.9160 0.4009
vn -0.0997 -0.9384 0.3308
vn -0.0896 -0.9181 0.3861
vn -0.0599 -0.9554 0.2893
vn 0.2647 -0.9635 0.0396
vn 0.3640 -0.9299 0.0524
vn 0.6924 0.2366 -0.6817
vn 0.1736 0.8100 -0.5602
vn 0.1106 0.8590 -0.4999
vn -0.0110 -0.8556 0.5175
vn -0.3869 -0.9086 0.1573
vn 0.0732 -0.9935 0.0876
vn 0.1807 -0.9297 -0.3208
vn 0.2228 -0.9694 0.1028
vn 0.2533 -0.9665 0.0411
vn 0.3165 -0.9459 0.0718
vn 0.1256 -0.9920 -0.0126
vn 0.0089 0.8666 -0.4989
vn -0.0751 0.9674 -0.2418
vn -0.1279 0.9785 -0.1618
vn -0.1591 0.9804 -0.1163
vn -0.1842 0.9809 -0.0633
vn -0.2108 0.9775 0.0092
vn -0.2286 0.9714 0.0641
vn 0.2514 -0.9674 0.0307
vn 0.6954 -0.4926 -0.5232
vn 0.5617 -0.7472 -0.3552
vn 0.7246 -0.6650 -0.1810
vn 0.0612 -0.8841 0.4633
vn -0.0301 -0.9683 0.2479
vn -0.1426 -0.9759 0.1651
vn 0.5711 0.1678 -0.8036
vn 0.8331 0.0376 -0.5518
vn 0.3564 0.7372 -0.5740
vn -0.1592 -0.9399 0.3022
vn -0.4072 -0.9057 0.1183
vn -0.1207 -0.9896 0.0786
vn -0.3992 -0.9167 -0.0181
vn -0.0927 -0.9956 -0.0159
vn -0.3682 -0.9219 -0.1205
vn -0.1286 -0.9890 -0.0727
vn -0.2520 -0.9304 -0.2663
vn 0.2779 0.7389 -0.6138
vn 0.3932 0.7190 -0.5732
vn 0.0959 0.9320 -0.3496
vn 0.0103 0.9750 -0.2220
vn -0.0541 0.9861 -0.1569
vn -0.1031 0.9900 -0.0964
vn -0.1394 0.9900 -0.0227
vn -0.1612 0.9854 0.0554
vn 0.5252 -0.8223 -0.2192
vn 0.3494 -0.9370 0.0068
vn 0.0887 -0.9959 0.0197
vn -0.0920 -0.9956 0.0165
vn -0.1484 -0.9888 -0.0138
vn -0.1265 -0.9903 -0.0573
vn 0.5927 -0.0422 -0.8043
vn 0.8773 -0.2025 -0.4352
vn 0.5984 0.4929 -0.6317
vn 0.8634 -0.3462 -0.3669
vn 0.4926 0.6627 -0.5641
vn 0.7731 0.4549 -0.4421
vn 0.2449 0.9206 -0.3041
vn 0.1435 0.9592 -0.2437
vn 0.0580 0.9888 -0.1375
vn 0.0166 0.9980 -0.0606
vn 0.0029 0.9983 0.0580
vn 0.6270 -0.6423 -0.4408
vn -0.2238 -0.0974 0.9698
vn -0.5117 0.7063 0.4892
vn -0.4906 0.6122 0.6200
vn -0.4127 0.3302 0.8489
vn -0.4336 0.8710 0.2310
vn -0.4737 0.8021 0.3637
vn -0.4870 0.7668 0.4182
vn 0.5978 -0.6732 -0.4353
vn 0.6138 -0.6526 -0.4442
vn 0.5786 -0.7146 -0.3931
vn 0.4929 -0.8631 -0.1103
vn -0.1470 -0.3178 0.9367
vn -0.5055 -0.3588 0.7847
vn 0.5734 -0.7245 -0.3826
vn -0.4910 0.6033 0.6285
vn -0.4218 0.2571 0.8695
vn -0.5162 0.1745 0.8385
vn -0.4617 0.8597 0.2185
vn -0.4691 0.8099 0.3521
vn -0.4883 0.7165 0.4982
vn -0.5243 0.6404 0.5613
vn -0.5327 0.4808 0.6965
vn -0.4527 0.8730 0.1817
vn -0.4809 0.8176 0.3166
vn 0.5488 -0.6977 -0.4604
vn 0.5371 -0.7949 -0.2821
vn 0.3943 -0.9112 -0.1192
vn 0.6440 -0.7256 0.2425
vn -0.0945 -0.2438 0.9652
vn 0.5071 -0.8129 -0.2863
vn 0.5584 -0.6985 -0.4475
vn 0.4979 -0.7187 -0.4853
vn -0.1343 -0.0306 0.9905
vn 0.5702 -0.7873 -0.2346
vn -0.4575 0.7391 0.4944
vn -0.3959 0.6710 0.6269
vn -0.2498 0.2607 0.9326
vn -0.3789 0.9145 0.1418
vn -0.3891 0.8829 0.2629
vn -0.4367 0.8015 0.4085
vn -0.4131 0.7899 0.4532
vn 0.4810 -0.8272 -0.2905
vn 0.4194 -0.8519 0.3135
vn 0.4694 -0.7213 -0.5093
vn 0.4708 -0.7497 -0.4651
vn 0.5708 -0.7745 -0.2726
vn 0.6304 -0.6882 0.3591
vn 0.0997 -0.2312 0.9678
vn 0.4037 -0.8957 -0.1864
vn 0.4584 -0.7670 -0.4489
vn 0.3835 -0.7742 -0.5036
vn -0.3207 0.6386 0.6995
vn -0.0759 0.1041 0.9917
vn -0.3614 0.9229 0.1326
vn -0.3710 0.8952 0.2470
vn -0.3650 0.8344 0.4130
vn -0.3720 0.7495 0.5477
vn -0.3646 0.6478 0.6689
vn -0.3634 0.9248 0.1124
vn -0.3908 0.8948 0.2157
vn 0.3345 -0.9087 -0.2498
vn 0.2737 -0.8875 0.3708
vn 0.3734 -0.9038 -0.2090
vn 0.2928 -0.8162 -0.4980
vn 0.3193 -0.7997 -0.5084
vn -0.0325 -0.0790 0.9963
vn 0.4558 -0.8674 -0.1999
vn -0.3341 0.8339 0.4394
vn -0.2797 0.7583 0.5888
vn -0.1768 0.4236 0.8884
vn -0.2891 0.9526 0.0950
vn -0.2864 0.9419 0.1756
vn -0.3235 0.8882 0.3263
vn 0.2750 -0.9399 -0.2025
vn 0.2638 -0.9076 0.3266
vn 0.1167 -0.8768 -0.4664
vn 0.2100 -0.8640 -0.4577
vn 0.0996 -0.2189 0.9707
vn -0.2581 -0.9093 -0.3263
vn 0.0344 -0.9815 -0.1881
vn 0.0543 -0.8394 -0.5408
vn -0.2107 0.8350 0.5082
vn -0.1326 0.7493 0.6489
vn -0.0149 0.3184 0.9478
vn -0.2269 0.9684 0.1036
vn -0.2132 0.9569 0.1970
vn -0.2362 0.9038 0.3569
vn -0.1738 0.8629 0.4746
vn 0.3162 -0.9460 -0.0720
vn 0.3620 -0.8893 0.2794
vn -0.1629 -0.9538 -0.2523
vn 0.0388 -0.9584 -0.2829
vn 0.2256 -0.9035 -0.3644
vn 0.6404 -0.7584 0.1211
vn 0.6982 -0.5390 0.4712
vn 0.2953 -0.2689 0.9168
vn 0.7305 0.0177 0.6827
vn 0.1290 0.6939 0.7084
vn 0.2093 0.1781 0.9615
vn -0.1603 0.9803 0.1158
vn -0.1299 0.9628 0.2369
vn -0.0657 0.9117 0.4055
vn 0.0485 0.6730 0.7381
vn -0.0024 -0.9941 -0.1082
vn 0.2519 -0.9677 -0.0045
vn 0.4432 -0.8477 0.2917
vn 0.7858 -0.2942 0.5440
vn 0.4524 -0.1293 0.8824
vn 0.0228 0.9902 0.1378
vn 0.0806 0.9478 0.3085
vn 0.6767 0.4191 0.6053
vn 0.1274 0.8848 0.4483
vn 0.2703 0.5198 0.8104
vn 0.4237 -0.8964 -0.1300
vn 0.3669 -0.9279 -0.0664
vn 0.3358 -0.9409 -0.0429
vn 0.3347 -0.9423 0.0111
vn 0.7081 -0.4020 -0.5805
vn 0.8753 -0.4003 -0.2712
vn 0.8487 -0.4996 -0.1736
vn 0.7952 -0.5975 -0.1030
vn 0.7955 -0.6008 0.0788
vn 0.6764 0.3854 -0.6277
vn 0.8987 0.2894 -0.3295
vn 0.4430 0.8481 -0.2906
vn 0.9160 0.3122 -0.2520
vn 0.4070 0.8953 -0.1812
vn 0.3598 0.9272 -0.1044
vn 0.3573 0.9298 0.0885
vn 0.8474 -0.5149 -0.1298
vn 0.8426 -0.5289 0.1016
vn 0.7739 0.2561 -0.5791
vn 0.9493 0.2927 -0.1144
vn 0.5085 0.8540 -0.1098
vn 0.9529 0.2909 0.0855
vn 0.5046 0.8586 0.0909
vn 0.7645 0.2512 0.5937
vn 0.3938 -0.9188 0.0273
vn 0.4761 -0.8642 0.1626
vn 0.8527 -0.4954 0.1661
vn 0.8797 -0.3843 0.2801
vn 0.6677 -0.3599 0.6517
vn 0.9157 0.3157 0.2487
vn 0.4013 0.8986 0.1775
vn 0.8901 0.3032 0.3403
vn 0.4176 0.8471 0.3286
vn 0.6054 0.3809 0.6989
s 0
f 2//1 12//1 10//1 1//1
f 14//2 13//2 11//2 12//2
f 3//3 14//3 12//3 2//3
f 16//4 15//4 13//4 14//4
f 4//5 16//5 14//5 3//5
f 18//6 17//6 15//6 16//6
f 18//7 6//7 5//7 17//7
f 6//8 18//8 16//8 4//8
f 28//9 27//9 24//9 25//9
f 28//10 23//10 22//10 27//10
f 23//11 28//11 25//11 21//11
f 30//12 25//12 24//12 29//12
f 32//13 27//13 26//13 31//13
f 27//14 32//14 29//14 24//14
f 39//15 38//15 33//15 34//15
f 41//16 40//16 35//16 36//16
f 42//17 41//17 36//17 37//17
f 43//18 42//18 37//18 38//18
f 44//19 43//19 38//19 39//19
f 46//20 45//20 41//20 42//20
f 47//21 46//21 42//21 43//21
f 58//22 57//22 55//22 56//22
f 49//23 58//23 56//23 48//23
f 60//24 59//24 57//24 58//24
f 50//25 60//25 58//25 49//25
f 62//26 61//26 59//26 60//26
f 51//27 62//27 60//27 50//27
f 64//28 63//28 61//28 62//28
f 52//29 64//29 62//29 51//29
f 66//30 65//30 63//30 64//30
f 53//31 66//31 64//31 52//31
f 71//32 70//32 68//32 69//32
f 71//33 56//33 55//33 70//33
f 56//34 71//34 69//34 54//34
f 57//35 72//35 70//35 55//35
f 59//36 73//36 72//36 57//36
f 61//37 74//37 73//37 59//37
f 63//38 75//38 74//38 61//38
f 65//39 77//39 75//39 63//39
f 81//40 80//40 78//40 79//40
f 81//41 69//41 68//41 80//41
f 69//42 81//42 79//42 67//42
f 70//43 83//43 80//43 68//43
f 85//44 84//44 82//44 83//44
f 72//45 85//45 83//45 70//45
f 87//46 86//46 84//46 85//46
f 73//47 87//47 85//47 72//47
f 89//48 88//48 86//48 87//48
f 74//49 89//49 87//49 73//49
f 91//50 90//50 88//50 89//50
f 75//51 91//51 89//51 74//51
f 93//52 92//52 90//52 91//52
f 93//53 77//53 76//53 92//53
f 77//54 93//54 91//54 75//54
f 95//55 79//55 78//55 94//55
f 79//56 95//56 20//56 19//56
f 80//57 97//57 94//57 78//57
f 99//58 98//58 96//58 97//58
f 99//59 83//59 82//59 98//59
f 83//60 99//60 97//60 80//60
f 84//61 100//61 98//61 82//61
f 86//62 101//62 100//62 84//62
f 88//63 102//63 101//63 86//63
f 90//64 103//64 102//64 88//64
f 92//65 105//65 103//65 90//65
f 108//66 107//66 22//66 23//66
f 108//67 95//67 94//67 107//67
f 95//68 108//68 23//68 20//68
f 110//69 109//69 106//69 107//69
f 110//70 97//70 96//70 109//70
f 97//71 110//71 107//71 94//71
f 98//72 111//72 109//72 96//72
f 100//73 113//73 111//73 98//73
f 115//74 114//74 112//74 113//74
f 101//75 115//75 113//75 100//75
f 117//76 116//76 114//76 115//76
f 102//77 117//77 115//77 101//77
f 119//78 118//78 116//78 117//78
f 103//79 119//79 117//79 102//79
f 121//80 120//80 118//80 119//80
f 121//81 105//81 104//81 120//81
f 105//82 121//82 119//82 103//82
f 123//83 122//83 26//83 27//83
f 123//84 107//84 106//84 122//84
f 107//85 123//85 27//85 22//85
f 109//86 125//86 122//86 106//86
f 127//87 126//87 124//87 125//87
f 111//88 127//88 125//88 109//88
f 129//89 128//89 126//89 127//89
f 129//90 113//90 112//90 128//90
f 113//91 129//91 127//91 111//91
f 114//92 130//92 128//92 112//92
f 116//93 132//93 130//93 114//93
f 134//94 133//94 131//94 132//94
f 118//95 134//95 132//95 116//95
f 136//96 135//96 133//96 134//96
f 120//97 136//97 134//97 118//97
f 122//98 138//98 31//98 26//98
f 140//99 139//99 137//99 138//99
f 140//100 125//100 124//100 139//100
f 125//101 140//101 138//101 122//101
f 126//102 141//102 139//102 124//102
f 128//103 142//103 141//103 126//103
f 130//104 144//104 142//104 128//104
f 146//105 145//105 143//105 144//105
f 146//106 132//106 131//106 145//106
f 132//107 146//107 144//107 130//107
f 133//108 148//108 145//108 131//108
f 150//109 149//109 147//109 148//109
f 135//110 150//110 148//110 133//110
f 8//111 153//111 151//111 7//111
f 155//112 154//112 152//112 153//112
f 9//113 155//113 153//113 8//113
f 157//114 156//114 154//114 155//114
f 10//115 157//115 155//115 9//115
f 159//116 158//116 156//116 157//116
f 159//117 12//117 11//117 158//117
f 12//118 159//118 157//118 10//118
f 13//119 160//119 158//119 11//119
f 15//120 162//120 160//120 13//120
f 164//121 163//121 161//121 162//121
f 17//122 164//122 162//122 15//122
f 166//123 165//123 65//123 66//123
f 151//124 166//124 66//124 53//124
f 168//125 167//125 165//125 166//125
f 168//126 153//126 152//126 167//126
f 153//127 168//127 166//127 151//127
f 154//128 170//128 167//128 152//128
f 172//129 171//129 169//129 170//129
f 156//130 172//130 170//130 154//130
f 174//131 173//131 171//131 172//131
f 158//132 174//132 172//132 156//132
f 176//133 175//133 173//133 174//133
f 160//134 176//134 174//134 158//134
f 178//135 177//135 175//135 176//135
f 178//136 162//136 161//136 177//136
f 162//137 178//137 176//137 160//137
f 163//138 179//138 177//138 161//138
f 181//139 180//139 76//139 77//139
f 165//140 181//140 77//140 65//140
f 183//141 182//141 180//141 181//141
f 167//142 183//142 181//142 165//142
f 185//143 184//143 182//143 183//143
f 185//144 170//144 169//144 184//144
f 170//145 185//145 183//145 167//145
f 171//146 186//146 184//146 169//146
f 173//147 188//147 186//147 171//147
f 190//148 189//148 187//148 188//148
f 175//149 190//149 188//149 173//149
f 192//150 191//150 189//150 190//150
f 177//151 192//151 190//151 175//151
f 194//152 193//152 191//152 192//152
f 179//153 194//153 192//153 177//153
f 180//154 195//154 92//154 76//154
f 182//155 197//155 195//155 180//155
f 199//156 198//156 196//156 197//156
f 184//157 199//157 197//157 182//157
f 201//158 200//158 198//158 199//158
f 186//159 201//159 199//159 184//159
f 203//160 202//160 200//160 201//160
f 203//161 188//161 187//161 202//161
f 188//162 203//162 201//162 186//162
f 189//163 204//163 202//163 187//163
f 191//164 205//164 204//164 189//164
f 193//165 206//165 205//165 191//165
f 208//166 207//166 104//166 105//166
f 195//167 208//167 105//167 92//167
f 210//168 209//168 207//168 208//168
f 210//169 197//169 196//169 209//169
f 197//170 210//170 208//170 195//170
f 198//171 211//171 209//171 196//171
f 200//172 213//172 211//172 198//172
f 215//173 214//173 212//173 213//173
f 202//174 215//174 213//174 200//174
f 217//175 216//175 214//175 215//175
f 204//176 217//176 215//176 202//176
f 219//177 218//177 216//177 217//177
f 205//178 219//178 217//178 204//178
f 221//179 220//179 218//179 219//179
f 206//180 221//180 219//180 205//180
f 207//181 223//181 120//181 104//181
f 225//182 224//182 222//182 223//182
f 209//183 225//183 223//183 207//183
f 227//184 226//184 224//184 225//184
f 211//185 227//185 225//185 209//185
f 229//186 228//186 226//186 227//186
f 229//187 213//187 212//187 228//187
f 213//188 229//188 227//188 211//188
f 214//189 230//189 228//189 212//189
f 216//190 232//190 230//190 214//190
f 234//191 233//191 231//191 232//191
f 218//192 234//192 232//192 216//192
f 236//193 235//193 233//193 234//193
f 220//194 236//194 234//194 218//194
f 238//195 237//195 135//195 136//195
f 238//196 223//196 222//196 237//196
f 223//197 238//197 136//197 120//197
f 224//198 240//198 237//198 222//198
f 242//199 241//199 239//199 240//199
f 226//200 242//200 240//200 224//200
f 244//201 243//201 241//201 242//201
f 228//202 244//202 242//202 226//202
f 246//203 245//203 243//203 244//203
f 230//204 246//204 244//204 228//204
f 248//205 247//205 245//205 246//205
f 248//206 232//206 231//206 247//206
f 232//207 248//207 246//207 230//207
f 233//208 250//208 247//208 231//208
f 252//209 251//209 249//209 250//209
f 235//210 252//210 250//210 233//210
f 254//211 253//211 149//211 150//211
f 237//212 254//212 150//212 135//212
f 257//213 256//213 253//213 254//213
f 257//214 240//214 239//214 256//214
f 240//215 257//215 254//215 237//215
f 259//216 258//216 255//216 256//216
f 241//217 259//217 256//217 239//217
f 261//218 260//218 258//218 259//218
f 243//219 261//219 259//219 241//219
f 263//220 262//220 260//220 261//220
f 245//221 263//221 261//221 243//221
f 265//222 264//222 262//222 263//222
f 247//223 265//223 263//223 245//223
f 267//224 266//224 264//224 265//224
f 267//225 250//225 249//225 266//225
f 250//226 267//226 265//226 247//226
f 251//227 268//227 266//227 249//227
f 281//228 270//228 269//228 280//228
f 282//229 271//229 270//229 281//229
f 283//230 282//230 275//230 276//230
f 283//231 272//231 271//231 282//231
f 284//232 283//232 276//232 277//232
f 284//233 273//233 272//233 283//233
f 285//234 284//234 277//234 278//234
f 285//235 274//235 273//235 284//235
f 289//236 276//236 275//236 288//236
f 290//237 277//237 276//237 289//237
f 291//238 278//238 277//238 290//238
f 293//239 280//239 279//239 292//239
f 294//240 293//240 286//240 287//240
f 294//241 281//241 280//241 293//241
f 295//242 294//242 287//242 288//242
f 295//243 282//243 281//243 294//243
f 282//244 295//244 288//244 275//244
f 300//245 287//245 286//245 299//245
f 301//246 288//246 287//246 300//246
f 302//247 289//247 288//247 301//247
f 303//248 302//248 296//248 297//248
f 303//249 290//249 289//249 302//249
f 304//250 303//250 297//250 298//250
f 304//251 291//251 290//251 303//251
f 307//252 293//252 292//252 306//252
f 293//253 307//253 299//253 286//253
f 309//254 297//254 296//254 308//254
f 310//255 298//255 297//255 309//255
f 313//256 300//256 299//256 312//256
f 314//257 301//257 300//257 313//257
f 315//258 302//258 301//258 314//258
f 302//259 315//259 308//259 296//259
f 317//260 306//260 305//260 316//260
f 318//261 317//261 311//261 312//261
f 318//262 307//262 306//262 317//262
f 307//263 318//263 312//263 299//263
f 320//264 309//264 308//264 319//264
f 321//265 310//265 309//265 320//265
f 323//266 312//266 311//266 322//266
f 324//267 313//267 312//267 323//267
f 325//268 314//268 313//268 324//268
f 326//269 315//269 314//269 325//269
f 315//270 326//270 319//270 308//270
f 328//271 317//271 316//271 327//271
f 317//272 328//272 322//272 311//272
f 329//273 330//273 324//273 323//273
f 330//274 331//274 325//274 324//274
f 333//275 320//275 319//275 332//275
f 334//276 321//276 320//276 333//276
f 336//277 323//277 322//277 335//277
f 338//278 326//278 325//278 337//278
f 326//279 338//279 332//279 319//279
f 340//280 328//280 327//280 339//280
f 328//281 340//281 335//281 322//281
f 340//282 341//282 336//282 335//282
f 341//283 329//283 323//283 336//283
f 342//284 330//284 329//284 341//284
f 343//285 331//285 330//285 342//285
f 331//286 343//286 337//286 325//286
f 357//287 285//287 278//287 350//287
f 357//288 344//288 274//288 285//288
f 358//289 357//289 350//289 351//289
f 358//290 345//290 344//290 357//290
f 359//291 358//291 351//291 352//291
f 359//292 346//292 345//292 358//292
f 360//293 359//293 352//293 353//293
f 360//294 347//294 346//294 359//294
f 361//295 360//295 353//295 354//295
f 361//296 348//296 347//296 360//296
f 362//297 361//297 354//297 355//297
f 362//298 349//298 348//298 361//298
f 363//299 362//299 355//299 356//299
f 365//300 350//300 278//300 291//300
f 366//301 351//301 350//301 365//301
f 367//302 352//302 351//302 366//302
f 368//303 353//303 352//303 367//303
f 369//304 354//304 353//304 368//304
f 370//305 355//305 354//305 369//305
f 371//306 356//306 355//306 370//306
f 373//307 363//307 356//307 371//307
f 374//308 373//308 371//308 372//308
f 374//309 364//309 363//309 373//309
f 383//310 304//310 298//310 375//310
f 383//311 365//311 291//311 304//311
f 384//312 383//312 375//312 376//312
f 384//313 366//313 365//313 383//313
f 385//314 384//314 376//314 377//314
f 385//315 367//315 366//315 384//315
f 386//316 385//316 377//316 378//316
f 386//317 368//317 367//317 385//317
f 387//318 386//318 378//318 379//318
f 387//319 369//319 368//319 386//319
f 388//320 387//320 379//320 380//320
f 388//321 370//321 369//321 387//321
f 389//322 388//322 380//322 381//322
f 389//323 371//323 370//323 388//323
f 390//324 389//324 381//324 382//324
f 390//325 372//325 371//325 389//325
f 391//326 375//326 298//326 310//326
f 392//327 376//327 375//327 391//327
f 393//328 377//328 376//328 392//328
f 394//329 378//329 377//329 393//329
f 395//330 379//330 378//330 394//330
f 396//331 380//331 379//331 395//331
f 397//332 381//332 380//332 396//332
f 398//333 382//333 381//333 397//333
f 400//334 391//334 310//334 321//334
f 401//335 392//335 391//335 400//335
f 402//336 393//336 392//336 401//336
f 403//337 394//337 393//337 402//337
f 404//338 395//338 394//338 403//338
f 405//339 396//339 395//339 404//339
f 406//340 397//340 396//340 405//340
f 407//341 398//341 397//341 406//341
f 409//342 400//342 321//342 334//342
f 410//343 401//343 400//343 409//343
f 411//344 402//344 401//344 410//344
f 412//345 403//345 402//345 411//345
f 413//346 404//346 403//346 412//346
f 414//347 405//347 404//347 413//347
f 415//348 406//348 405//348 414//348
f 416//349 407//349 406//349 415//349
f 407//350 416//350 408//350 399//350
f 420//351 30//351 29//351 419//351
f 423//352 422//352 418//352 419//352
f 423//353 32//353 31//353 422//353
f 32//354 423//354 419//354 29//354
f 427//355 419//355 418//355 426//355
f 428//356 427//356 424//356 425//356
f 428//357 420//357 419//357 427//357
f 420//358 428//358 425//358 417//358
f 430//359 422//359 421//359 429//359
f 422//360 430//360 426//360 418//360
f 433//361 425//361 424//361 432//361
f 436//362 435//362 431//362 432//362
f 436//363 427//363 426//363 435//363
f 427//364 436//364 432//364 424//364
f 441//365 440//365 434//365 435//365
f 441//366 430//366 429//366 440//366
f 430//367 441//367 435//367 426//367
f 445//368 432//368 431//368 444//368
f 446//369 433//369 432//369 445//369
f 451//370 450//370 442//370 443//370
f 452//371 451//371 443//371 444//371
f 452//372 435//372 434//372 451//372
f 435//373 452//373 444//373 431//373
f 453//374 374//374 372//374 447//374
f 453//375 437//375 364//375 374//375
f 454//376 453//376 447//376 448//376
f 454//377 438//377 437//377 453//377
f 455//378 454//378 448//378 449//378
f 456//379 455//379 449//379 450//379
f 457//380 456//380 450//380 451//380
f 457//381 440//381 439//381 456//381
f 440//382 457//382 451//382 434//382
f 464//383 463//383 458//383 459//383
f 465//384 464//384 459//384 460//384
f 465//385 443//385 442//385 464//385
f 466//386 444//386 443//386 465//386
f 467//387 445//387 444//387 466//387
f 468//388 446//388 445//388 467//388
f 469//389 390//389 382//389 461//389
f 469//390 447//390 372//390 390//390
f 470//391 469//391 461//391 462//391
f 470//392 448//392 447//392 469//392
f 471//393 470//393 462//393 463//393
f 471//394 449//394 448//394 470//394
f 472//395 471//395 463//395 464//395
f 472//396 450//396 449//396 471//396
f 450//397 472//397 464//397 442//397
f 478//398 477//398 473//398 474//398
f 479//399 478//399 474//399 475//399
f 479//400 459//400 458//400 478//400
f 480//401 460//401 459//401 479//401
f 482//402 461//402 382//402 398//402
f 483//403 482//403 476//403 477//403
f 483//404 462//404 461//404 482//404
f 484//405 483//405 477//405 478//405
f 484//406 463//406 462//406 483//406
f 463//407 484//407 478//407 458//407
f 485//408 465//408 460//408 480//408
f 486//409 485//409 480//409 481//409
f 486//410 466//410 465//410 485//410
f 487//411 467//411 466//411 486//411
f 488//412 468//412 467//412 487//412
f 490//413 474//413 473//413 489//413
f 491//414 475//414 474//414 490//414
f 493//415 477//415 476//415 492//415
f 477//416 493//416 489//416 473//416
f 494//417 479//417 475//417 491//417
f 495//418 480//418 479//418 494//418
f 496//419 481//419 480//419 495//419
f 497//420 407//420 399//420 492//420
f 497//421 482//421 398//421 407//421
f 482//422 497//422 492//422 476//422
f 498//423 486//423 481//423 496//423
f 499//424 487//424 486//424 498//424
f 500//425 488//425 487//425 499//425
f 502//426 490//426 489//426 501//426
f 503//427 491//427 490//427 502//427
f 504//428 492//428 399//428 408//428
f 505//429 493//429 492//429 504//429
f 493//430 505//430 501//430 489//430
f 506//431 494//431 491//431 503//431
f 507//432 495//432 494//432 506//432
f 508//433 496//433 495//433 507//433
f 509//434 510//434 508//434 507//434
f 510//435 498//435 496//435 508//435
f 511//436 499//436 498//436 510//436
f 512//437 500//437 499//437 511//437
f 514//438 517//438 516//438 513//438
f 515//439 518//439 517//439 514//439
f 517//440 520//440 519//440 516//440
f 518//441 521//441 520//441 517//441
f 520//442 523//442 522//442 519//442
f 521//443 524//443 523//443 520//443
f 533//444 532//444 525//444 526//444
f 534//445 533//445 526//445 527//445
f 535//446 534//446 527//446 528//446
f 536//447 535//447 528//447 529//447
f 536//448 34//448 33//448 535//448
f 537//449 536//449 529//449 530//449
f 538//450 537//450 530//450 531//450
f 541//451 540//451 532//451 533//451
f 541//452 36//452 35//452 540//452
f 542//453 541//453 533//453 534//453
f 542//454 37//454 36//454 541//454
f 543//455 542//455 534//455 535//455
f 543//456 38//456 37//456 542//456
f 38//457 543//457 535//457 33//457
f 544//458 39//458 34//458 536//458
f 545//459 544//459 536//459 537//459
f 546//460 545//460 537//460 538//460
f 548//461 547//461 539//461 540//461
f 40//462 548//462 540//462 35//462
f 41//463 549//463 548//463 40//463
f 44//464 551//464 550//464 43//464
f 551//465 44//465 39//465 544//465
f 552//466 551//466 544//466 545//466
f 553//467 552//467 545//467 546//467
f 555//468 554//468 547//468 548//468
f 556//469 555//469 548//469 549//469
f 45//470 556//470 549//470 41//470
f 46//471 557//471 556//471 45//471
f 47//472 558//472 557//472 46//472
f 558//473 47//473 43//473 550//473
f 559//474 558//474 550//474 551//474
f 560//475 559//475 551//475 552//475
f 561//476 560//476 552//476 553//476
f 563//477 562//477 555//477 556//477
f 564//478 563//478 556//478 557//478
f 565//479 564//479 557//479 558//479
f 566//480 565//480 558//480 559//480
f 567//481 566//481 559//481 560//481
f 568//482 567//482 560//482 561//482
f 570//483 526//483 525//483 569//483
f 571//484 570//484 269//484 270//484
f 571//485 527//485 526//485 570//485
f 572//486 571//486 270//486 271//486
f 572//487 528//487 527//487 571//487
f 573//488 572//488 271//488 272//488
f 573//489 529//489 528//489 572//489
f 574//490 573//490 272//490 273//490
f 574//491 530//491 529//491 573//491
f 575//492 574//492 273//492 274//492
f 575//493 531//493 530//493 574//493
f 532//494 577//494 569//494 525//494
f 579//495 578//495 576//495 577//495
f 579//496 540//496 539//496 578//496
f 540//497 579//497 577//497 532//497
f 547//498 580//498 578//498 539//498
f 554//499 581//499 580//499 547//499
f 555//500 582//500 581//500 554//500
f 562//501 584//501 582//501 555//501
f 563//502 585//502 584//502 562//502
f 564//503 586//503 585//503 563//503
f 565//504 587//504 586//504 564//504
f 566//505 588//505 587//505 565//505
f 567//506 589//506 588//506 566//506
f 568//507 590//507 589//507 567//507
f 590//508 568//508 561//508 583//508
f 592//509 591//509 587//509 588//509
f 593//510 592//510 588//510 589//510
f 594//511 593//511 589//511 590//511
f 597//512 596//512 279//512 280//512
f 597//513 570//513 569//513 596//513
f 570//514 597//514 280//514 269//514
f 599//515 598//515 595//515 596//515
f 599//516 577//516 576//516 598//516
f 577//517 599//517 596//517 569//517
f 578//518 600//518 598//518 576//518
f 580//519 601//519 600//519 578//519
f 581//520 602//520 601//520 580//520
f 582//521 603//521 602//521 581//521
f 584//522 604//522 603//522 582//522
f 585//523 605//523 604//523 584//523
f 586//524 606//524 605//524 585//524
f 587//525 607//525 606//525 586//525
f 609//526 608//526 606//526 607//526
f 591//527 609//527 607//527 587//527
f 592//528 610//528 609//528 591//528
f 593//529 611//529 610//529 592//529
f 594//530 612//530 611//530 593//530
f 614//531 596//531 595//531 613//531
f 596//532 614//532 292//532 279//532
f 598//533 615//533 613//533 595//533
f 600//534 616//534 615//534 598//534
f 601//535 617//535 616//535 600//535
f 602//536 618//536 617//536 601//536
f 603//537 619//537 618//537 602//537
f 604//538 620//538 619//538 603//538
f 605//539 621//539 620//539 604//539
f 606//540 622//540 621//540 605//540
f 608//541 623//541 622//541 606//541
f 609//542 624//542 623//542 608//542
f 610//543 625//543 624//543 609//543
f 611//544 626//544 625//544 610//544
f 612//545 627//545 626//545 611//545
f 629//546 628//546 305//546 306//546
f 629//547 614//547 613//547 628//547
f 614//548 629//548 306//548 292//548
f 615//549 630//549 628//549 613//549
f 631//550 514//550 513//550 630//550
f 616//551 631//551 630//551 615//551
f 632//552 515//552 514//552 631//552
f 617//553 632//553 631//553 616//553
f 618//554 633//554 632//554 617//554
f 619//555 634//555 633//555 618//555
f 620//556 635//556 634//556 619//556
f 621//557 636//557 635//557 620//557
f 622//558 637//558 636//558 621//558
f 639//559 638//559 636//559 637//559
f 623//560 639//560 637//560 622//560
f 624//561 640//561 639//561 623//561
f 625//562 641//562 640//562 624//562
f 626//563 642//563 641//563 625//563
f 627//564 643//564 642//564 626//564
f 628//565 645//565 316//565 305//565
f 646//566 630//566 513//566 516//566
f 630//567 646//567 645//567 628//567
f 632//568 647//568 518//568 515//568
f 633//569 648//569 647//569 632//569
f 634//570 649//570 648//570 633//570
f 635//571 650//571 649//571 634//571
f 636//572 651//572 650//572 635//572
f 638//573 652//573 651//573 636//573
f 639//574 653//574 652//574 638//574
f 640//575 654//575 653//575 639//575
f 641//576 655//576 654//576 640//576
f 642//577 656//577 655//577 641//577
f 643//578 657//578 656//578 642//578
f 659//579 658//579 656//579 657//579
f 644//580 659//580 657//580 643//580
f 645//581 660//581 327//581 316//581
f 661//582 646//582 516//582 519//582
f 646//583 661//583 660//583 645//583
f 647//584 662//584 521//584 518//584
f 648//585 663//585 662//585 647//585
f 649//586 664//586 663//586 648//586
f 650//587 665//587 664//587 649//587
f 651//588 666//588 665//588 650//588
f 652//589 667//589 666//589 651//589
f 653//590 668//590 667//590 652//590
f 654//591 669//591 668//591 653//591
f 655//592 670//592 669//592 654//592
f 656//593 671//593 670//593 655//593
f 673//594 672//594 670//594 671//594
f 658//595 673//595 671//595 656//595
f 659//596 674//596 673//596 658//596
f 660//597 675//597 339//597 327//597
f 676//598 661//598 519//598 522//598
f 661//599 676//599 675//599 660//599
f 662//600 677//600 524//600 521//600
f 663//601 678//601 677//601 662//601
f 664//602 679//602 678//602 663//602
f 665//603 680//603 679//603 664//603
f 666//604 681//604 680//604 665//604
f 667//605 682//605 681//605 666//605
f 668//606 683//606 682//606 667//606
f 669//607 684//607 683//607 668//607
f 670//608 685//608 684//608 669//608
f 672//609 686//609 685//609 670//609
f 673//610 687//610 686//610 672//610
f 674//611 688//611 687//611 673//611
f 693//612 538//612 531//612 689//612
f 694//613 693//613 689//613 690//613
f 695//614 694//614 690//614 691//614
f 696//615 695//615 691//615 692//615
f 698//616 546//616 538//616 693//616
f 699//617 698//617 693//617 694//617
f 700//618 699//618 694//618 695//618
f 701//619 700//619 695//619 696//619
f 702//620 701//620 696//620 697//620
f 703//621 553//621 546//621 698//621
f 704//622 703//622 698//622 699//622
f 705//623 704//623 699//623 700//623
f 706//624 705//624 700//624 701//624
f 707//625 706//625 701//625 702//625
f 708//626 561//626 553//626 703//626
f 709//627 708//627 703//627 704//627
f 710//628 709//628 704//628 705//628
f 711//629 710//629 705//629 706//629
f 712//630 575//630 274//630 344//630
f 712//631 689//631 531//631 575//631
f 713//632 712//632 344//632 345//632
f 713//633 690//633 689//633 712//633
f 714//634 713//634 345//634 346//634
f 714//635 691//635 690//635 713//635
f 715//636 714//636 346//636 347//636
f 715//637 692//637 691//637 714//637
f 716//638 715//638 347//638 348//638
f 717//639 716//639 348//639 349//639
f 720//640 696//640 692//640 715//640
f 721//641 720//641 715//641 716//641
f 721//642 697//642 696//642 720//642
f 722//643 721//643 716//643 717//643
f 723//644 722//644 717//644 718//644
f 724//645 723//645 718//645 719//645
f 725//646 702//646 697//646 721//646
f 726//647 725//647 721//647 722//647
f 727//648 726//648 722//648 723//648
f 728//649 727//649 723//649 724//649
f 707//650 730//650 729//650 706//650
f 730//651 707//651 702//651 725//651
f 731//652 730//652 725//652 726//652
f 732//653 731//653 726//653 727//653
f 733//654 732//654 727//654 728//654
f 708//655 734//655 583//655 561//655
f 709//656 735//656 734//656 708//656
f 710//657 736//657 735//657 709//657
f 711//658 737//658 736//658 710//658
f 737//659 711//659 706//659 729//659
f 738//660 737//660 729//660 730//660
f 739//661 738//661 730//661 731//661
f 740//662 739//662 731//662 732//662
f 741//663 740//663 732//663 733//663
f 742//664 590//664 583//664 734//664
f 743//665 742//665 734//665 735//665
f 744//666 743//666 735//666 736//666
f 745//667 744//667 736//667 737//667
f 746//668 745//668 737//668 738//668
f 747//669 746//669 738//669 739//669
f 748//670 747//670 739//670 740//670
f 749//671 748//671 740//671 741//671
f 750//672 594//672 590//672 742//672
f 751//673 750//673 742//673 743//673
f 752//674 717//674 349//674 362//674
f 753//675 752//675 362//675 363//675
f 753//676 718//676 717//676 752//676
f 754//677 753//677 363//677 364//677
f 754//678 719//678 718//678 753//678
f 755//679 724//679 719//679 754//679
f 744//680 757//680 756//680 743//680
f 745//681 758//681 757//681 744//681
f 746//682 759//682 758//682 745//682
f 747//683 760//683 759//683 746//683
f 748//684 761//684 760//684 747//684
f 749//685 762//685 761//685 748//685
f 750//686 763//686 612//686 594//686
f 751//687 764//687 763//687 750//687
f 764//688 751//688 743//688 756//688
f 765//689 764//689 756//689 757//689
f 766//690 765//690 757//690 758//690
f 767//691 766//691 758//691 759//691
f 768//692 767//692 759//692 760//692
f 769//693 768//693 760//693 761//693
f 770//694 769//694 761//694 762//694
f 772//695 771//695 767//695 768//695
f 773//696 772//696 768//696 769//696
f 774//697 773//697 769//697 770//697
f 763//698 775//698 627//698 612//698
f 764//699 776//699 775//699 763//699
f 765//700 777//700 776//700 764//700
f 766//701 778//701 777//701 765//701
f 767//702 779//702 778//702 766//702
f 781//703 780//703 776//703 777//703
f 782//704 781//704 777//704 778//704
f 783//705 782//705 778//705 779//705
f 771//706 783//706 779//706 767//706
f 772//707 784//707 783//707 771//707
f 773//708 785//708 784//708 772//708
f 775//709 786//709 643//709 627//709
f 776//710 787//710 786//710 775//710
f 788//711 644//711 643//711 786//711
f 789//712 788//712 786//712 787//712
f 780//713 789//713 787//713 776//713
f 781//714 790//714 789//714 780//714
f 782//715 791//715 790//715 781//715
f 783//716 792//716 791//716 782//716
f 788//717 793//717 659//717 644//717
f 789//718 794//718 793//718 788//718
f 790//719 795//719 794//719 789//719
f 791//720 796//720 795//720 790//720
f 793//721 797//721 674//721 659//721
f 794//722 798//722 797//722 793//722
f 795//723 799//723 798//723 794//723
f 797//724 800//724 688//724 674//724
f 798//725 801//725 800//725 797//725
f 799//726 802//726 801//726 798//726
f 804//727 803//727 421//727 422//727
f 804//728 138//728 137//728 803//728
f 138//729 804//729 422//729 31//729
f 139//730 805//730 803//730 137//730
f 141//731 807//731 805//731 139//731
f 809//732 808//732 806//732 807//732
f 142//733 809//733 807//733 141//733
f 812//734 811//734 808//734 809//734
f 812//735 144//735 143//735 811//735
f 144//736 812//736 809//736 142//736
f 814//737 813//737 810//737 811//737
f 145//738 814//738 811//738 143//738
f 817//739 816//739 813//739 814//739
f 817//740 148//740 147//740 816//740
f 148//741 817//741 814//741 145//741
f 819//742 818//742 815//742 816//742
f 149//743 819//743 816//743 147//743
f 803//744 821//744 429//744 421//744
f 824//745 823//745 820//745 821//745
f 805//746 824//746 821//746 803//746
f 825//747 728//747 724//747 822//747
f 827//748 826//748 823//748 824//748
f 827//749 807//749 806//749 826//749
f 807//750 827//750 824//750 805//750
f 828//751 733//751 728//751 825//751
f 808//752 831//752 826//752 806//752
f 832//753 741//753 733//753 828//753
f 833//754 832//754 828//754 829//754
f 834//755 833//755 829//755 830//755
f 835//756 834//756 830//756 831//756
f 835//757 811//757 810//757 834//757
f 811//758 835//758 831//758 808//758
f 836//759 749//759 741//759 832//759
f 837//760 836//760 832//760 833//760
f 838//761 837//761 833//761 834//761
f 813//762 838//762 834//762 810//762
f 840//763 839//763 836//763 837//763
f 841//764 840//764 837//764 838//764
f 841//765 816//765 815//765 840//765
f 816//766 841//766 838//766 813//766
f 843//767 842//767 839//767 840//767
f 818//768 843//768 840//768 815//768
f 844//769 754//769 364//769 437//769
f 845//770 844//770 437//770 438//770
f 848//771 847//771 439//771 440//771
f 848//772 821//772 820//772 847//772
f 821//773 848//773 440//773 429//773
f 849//774 755//774 754//774 844//774
f 849//775 822//775 724//775 755//775
f 850//776 849//776 844//776 845//776
f 851//777 850//777 845//777 846//777
f 852//778 851//778 846//778 847//778
f 823//779 852//779 847//779 820//779
f 853//780 825//780 822//780 849//780
f 854//781 853//781 849//781 850//781
f 855//782 854//782 850//782 851//782
f 856//783 855//783 851//783 852//783
f 826//784 856//784 852//784 823//784
f 857//785 828//785 825//785 853//785
f 858//786 857//786 853//786 854//786
f 858//787 829//787 828//787 857//787
f 859//788 858//788 854//788 855//788
f 859//789 830//789 829//789 858//789
f 860//790 859//790 855//790 856//790
f 860//791 831//791 830//791 859//791
f 831//792 860//792 856//792 826//792
f 836//793 861//793 762//793 749//793
f 862//794 770//794 762//794 861//794
f 839//795 862//795 861//795 836//795
f 863//796 774//796 770//796 862//796
f 842//797 863//797 862//797 839//797
f 864//798 845//798 438//798 454//798
f 865//799 864//799 454//799 455//799
f 865//800 846//800 845//800 864//800
f 866//801 865//801 455//801 456//801
f 866//802 847//802 846//802 865//802
f 847//803 866//803 456//803 439//803
f 876//804 875//804 773//804 774//804
f 878//805 877//805 875//805 876//805
f 868//806 878//806 876//806 867//806
f 880//807 879//807 877//807 878//807
f 869//808 880//808 878//808 868//808
f 882//809 881//809 879//809 880//809
f 870//810 882//810 880//810 869//810
f 884//811 883//811 881//811 882//811
f 871//812 884//812 882//812 870//812
f 886//813 885//813 883//813 884//813
f 872//814 886//814 884//814 871//814
f 873//815 887//815 886//815 872//815
f 874//816 888//816 887//816 873//816
f 890//817 889//817 783//817 784//817
f 891//818 890//818 784//818 785//818
f 875//819 891//819 785//819 773//819
f 893//820 892//820 890//820 891//820
f 877//821 893//821 891//821 875//821
f 895//822 894//822 892//822 893//822
f 879//823 895//823 893//823 877//823
f 881//824 896//824 895//824 879//824
f 883//825 897//825 896//825 881//825
f 885//826 898//826 897//826 883//826
f 886//827 899//827 898//827 885//827
f 901//828 900//828 898//828 899//828
f 887//829 901//829 899//829 886//829
f 903//830 902//830 900//830 901//830
f 888//831 903//831 901//831 887//831
f 905//832 904//832 791//832 792//832
f 889//833 905//833 792//833 783//833
f 890//834 906//834 905//834 889//834
f 908//835 907//835 905//835 906//835
f 892//836 908//836 906//836 890//836
f 894//837 909//837 908//837 892//837
f 895//838 910//838 909//838 894//838
f 912//839 911//839 909//839 910//839
f 896//840 912//840 910//840 895//840
f 914//841 913//841 911//841 912//841
f 897//842 914//842 912//842 896//842
f 916//843 915//843 913//843 914//843
f 898//844 916//844 914//844 897//844
f 918//845 917//845 915//845 916//845
f 900//846 918//846 916//846 898//846
f 902//847 919//847 918//847 900//847
f 921//848 920//848 795//848 796//848
f 904//849 921//849 796//849 791//849
f 905//850 922//850 921//850 904//850
f 907//851 923//851 922//851 905//851
f 908//852 924//852 923//852 907//852
f 926//853 925//853 923//853 924//853
f 909//854 926//854 924//854 908//854
f 911//855 927//855 926//855 909//855
f 913//856 928//856 927//856 911//856
f 915//857 929//857 928//857 913//857
f 917//858 930//858 929//858 915//858
f 918//859 931//859 930//859 917//859
f 933//860 932//860 930//860 931//860
f 919//861 933//861 931//861 918//861
f 920//862 934//862 799//862 795//862
f 921//863 935//863 934//863 920//863
f 922//864 936//864 935//864 921//864
f 938//865 937//865 935//865 936//865
f 923//866 938//866 936//866 922//866
f 925//867 939//867 938//867 923//867
f 926//868 940//868 939//868 925//868
f 927//869 941//869 940//869 926//869
f 928//870 942//870 941//870 927//870
f 929//871 943//871 942//871 928//871
f 930//872 944//872 943//872 929//872
f 932//873 945//873 944//873 930//873
f 933//874 946//874 945//874 932//874
f 948//875 947//875 801//875 802//875
f 934//876 948//876 802//876 799//876
f 935//877 949//877 948//877 934//877
f 937//878 950//878 949//878 935//878
f 938//879 951//879 950//879 937//879
f 939//880 952//880 951//880 938//880
f 940//881 953//881 952//881 939//881
f 955//882 954//882 952//882 953//882
f 941//883 955//883 953//883 940//883
f 942//884 956//884 955//884 941//884
f 943//885 957//885 956//885 942//885
f 944//886 958//886 957//886 943//886
f 945//887 959//887 958//887 944//887
f 961//888 960//888 818//888 819//888
f 253//889 961//889 819//889 149//889
f 964//890 963//890 960//890 961//890
f 964//891 256//891 255//891 963//891
f 256//892 964//892 961//892 253//892
f 966//893 965//893 962//893 963//893
f 258//894 966//894 963//894 255//894
f 968//895 967//895 965//895 966//895
f 260//896 968//896 966//896 258//896
f 970//897 969//897 967//897 968//897
f 262//898 970//898 968//898 260//898
f 972//899 971//899 969//899 970//899
f 264//900 972//900 970//900 262//900
f 974//901 973//901 971//901 972//901
f 266//902 974//902 972//902 264//902
f 976//903 975//903 973//903 974//903
f 268//904 976//904 974//904 266//904
f 978//905 977//905 842//905 843//905
f 960//906 978//906 843//906 818//906
f 979//907 868//907 867//907 977//907
f 980//908 979//908 977//908 978//908
f 980//909 963//909 962//909 979//909
f 963//910 980//910 978//910 960//910
f 981//911 869//911 868//911 979//911
f 965//912 981//912 979//912 962//912
f 982//913 870//913 869//913 981//913
f 967//914 982//914 981//914 965//914
f 983//915 871//915 870//915 982//915
f 969//916 983//916 982//916 967//916
f 984//917 872//917 871//917 983//917
f 971//918 984//918 983//918 969//918
f 985//919 873//919 872//919 984//919
f 973//920 985//920 984//920 971//920
f 986//921 874//921 873//921 985//921
f 975//922 986//922 985//922 973//922
f 987//923 876//923 774//923 863//923
f 987//924 977//924 867//924 876//924
f 977//925 987//925 863//925 842//925
f 993//926 989//926 988//926 992//926
f 1001//927 995//927 994//927 1000//927
f 1002//928 1001//928 998//928 999//928
f 1002//929 996//929 995//929 1001//929
f 1003//930 997//930 996//930 1002//930
f 1005//931 999//931 998//931 1004//931
f 1008//932 1000//932 989//932 993//932
f 1009//933 1001//933 1000//933 1008//933
f 1001//934 1009//934 1004//934 998//934
f 1010//935 1002//935 999//935 1005//935
f 1011//936 1010//936 1005//936 1006//936
f 1011//937 1003//937 1002//937 1010//937
f 1012//938 1011//938 1006//938 1007//938
f 1016//939 1015//939 1013//939 1014//939
f 1018//940 1017//940 1015//940 1016//940
f 1025//941 1024//941 1020//941 1021//941
f 1026//942 1025//942 1021//942 1022//942
f 1026//943 1014//943 1013//943 1025//943
f 1029//944 1028//944 1023//944 1024//944
f 1030//945 1029//945 1024//945 1025//945
f 1015//946 1030//946 1025//946 1013//946
f 1032//947 1031//947 1027//947 1028//947
f 1033//948 1032//948 1028//948 1029//948
f 1034//949 1033//949 1029//949 1030//949
f 1017//950 1034//950 1030//950 1015//950
f 1018//951 1035//951 1034//951 1017//951
f 1037//952 1036//952 1031//952 1032//952
f 1038//953 1037//953 1032//953 1033//953
f 1039//954 1038//954 1033//954 1034//954
f 1040//955 1039//955 1034//955 1035//955
f 1042//956 1041//956 1036//956 1037//956
f 1043//957 1042//957 1037//957 1038//957
f 1044//958 1043//958 1038//958 1039//958
f 1045//959 1044//959 1039//959 1040//959
f 1048//960 1047//960 1042//960 1043//960
f 1049//961 1048//961 1043//961 1044//961
f 1050//962 1049//962 1044//962 1045//962
f 1057//963 1056//963 1051//963 1052//963
f 1057//964 1021//964 1020//964 1056//964
f 1058//965 1057//965 1052//965 1053//965
f 1058//966 1022//966 1021//966 1057//966
f 1022//967 1058//967 1053//967 1019//967
f 1061//968 1060//968 1054//968 1055//968
f 1062//969 1061//969 1055//969 1056//969
f 1062//970 1024//970 1023//970 1061//970
f 1024//971 1062//971 1056//971 1020//971
f 1064//972 1063//972 1059//972 1060//972
f 1065//973 1064//973 1060//973 1061//973
f 1065//974 1028//974 1027//974 1064//974
f 1028//975 1065//975 1061//975 1023//975
f 1067//976 1066//976 1063//976 1064//976
f 1031//977 1067//977 1064//977 1027//977
f 1069//978 1068//978 1066//978 1067//978
f 1036//979 1069//979 1067//979 1031//979
f 1071//980 1070//980 1068//980 1069//980
f 1041//981 1071//981 1069//981 1036//981
f 1042//982 1072//982 1071//982 1041//982
f 1074//983 1073//983 1070//983 1071//983
f 1075//984 1074//984 1071//984 1072//984
f 1075//985 1047//985 1046//985 1074//985
f 1047//986 1075//986 1072//986 1042//986
f 1079//987 1052//987 1051//987 1078//987
f 1080//988 1079//988 988//988 989//988
f 1080//989 1053//989 1052//989 1079//989
f 1083//990 1082//990 1076//990 1077//990
f 1083//991 1055//991 1054//991 1082//991
f 1084//992 1083//992 1077//992 1078//992
f 1084//993 1056//993 1055//993 1083//993
f 1056//994 1084//994 1078//994 1051//994
f 1087//995 1086//995 1081//995 1082//995
f 1087//996 1060//996 1059//996 1086//996
f 1060//997 1087//997 1082//997 1054//997
f 1089//998 1088//998 1085//998 1086//998
f 1063//999 1089//999 1086//999 1059//999
f 1091//1000 1090//1000 1088//1000 1089//1000
f 1066//1001 1091//1001 1089//1001 1063//1001
f 1093//1002 1092//1002 1090//1002 1091//1002
f 1068//1003 1093//1003 1091//1003 1066//1003
f 1095//1004 1094//1004 1092//1004 1093//1004
f 1070//1005 1095//1005 1093//1005 1068//1005
f 1097//1006 1096//1006 1094//1006 1095//1006
f 1073//1007 1097//1007 1095//1007 1070//1007
f 1100//1008 1077//1008 1076//1008 1099//1008
f 1101//1009 1100//1009 990//1009 991//1009
f 1101//1010 1078//1010 1077//1010 1100//1010
f 1102//1011 1101//1011 991//1011 992//1011
f 1102//1012 1079//1012 1078//1012 1101//1012
f 1079//1013 1102//1013 992//1013 988//1013
f 1106//1014 1105//1014 1098//1014 1099//1014
f 1106//1015 1082//1015 1081//1015 1105//1015
f 1082//1016 1106//1016 1099//1016 1076//1016
f 1108//1017 1107//1017 1103//1017 1104//1017
f 1109//1018 1108//1018 1104//1018 1105//1018
f 1109//1019 1086//1019 1085//1019 1108//1019
f 1086//1020 1109//1020 1105//1020 1081//1020
f 1111//1021 1110//1021 1107//1021 1108//1021
f 1088//1022 1111//1022 1108//1022 1085//1022
f 1113//1023 1112//1023 1110//1023 1111//1023
f 1090//1024 1113//1024 1111//1024 1088//1024
f 1115//1025 1114//1025 1112//1025 1113//1025
f 1092//1026 1115//1026 1113//1026 1090//1026
f 1117//1027 1116//1027 1114//1027 1115//1027
f 1094//1028 1117//1028 1115//1028 1092//1028
f 1119//1029 1118//1029 1116//1029 1117//1029
f 1096//1030 1119//1030 1117//1030 1094//1030
f 1123//1031 1122//1031 1120//1031 1121//1031
f 1124//1032 1016//1032 1014//1032 1122//1032
f 1125//1033 1124//1033 1122//1033 1123//1033
f 1126//1034 1018//1034 1016//1034 1124//1034
f 1130//1035 1022//1035 1019//1035 1127//1035
f 1131//1036 1130//1036 1127//1036 1128//1036
f 1131//1037 1121//1037 1120//1037 1130//1037
f 1132//1038 1131//1038 1128//1038 1129//1038
f 1133//1039 1026//1039 1022//1039 1130//1039
f 1133//1040 1122//1040 1014//1040 1026//1040
f 1122//1041 1133//1041 1130//1041 1120//1041
f 1134//1042 1123//1042 1121//1042 1131//1042
f 1135//1043 1134//1043 1131//1043 1132//1043
f 1125//1044 1137//1044 1136//1044 1124//1044
f 1137//1045 1125//1045 1123//1045 1134//1045
f 1138//1046 1137//1046 1134//1046 1135//1046
f 1126//1047 1139//1047 1035//1047 1018//1047
f 1139//1048 1126//1048 1124//1048 1136//1048
f 1140//1049 1139//1049 1136//1049 1137//1049
f 1141//1050 1140//1050 1137//1050 1138//1050
f 1142//1051 1040//1051 1035//1051 1139//1051
f 1143//1052 1142//1052 1139//1052 1140//1052
f 1144//1053 1045//1053 1040//1053 1142//1053
f 1145//1054 1144//1054 1142//1054 1143//1054
f 1146//1055 1050//1055 1045//1055 1144//1055
f 1147//1056 1146//1056 1144//1056 1145//1056
f 1148//1057 1127//1057 1019//1057 1053//1057
f 1149//1058 1148//1058 994//1058 995//1058
f 1149//1059 1128//1059 1127//1059 1148//1059
f 1150//1060 1149//1060 995//1060 996//1060
f 1150//1061 1129//1061 1128//1061 1149//1061
f 1151//1062 1150//1062 996//1062 997//1062
f 1152//1063 1132//1063 1129//1063 1150//1063
f 1153//1064 1152//1064 1150//1064 1151//1064
f 1154//1065 1135//1065 1132//1065 1152//1065
f 1155//1066 1154//1066 1152//1066 1153//1066
f 1156//1067 1138//1067 1135//1067 1154//1067
f 1157//1068 1156//1068 1154//1068 1155//1068
f 1141//1069 1159//1069 1158//1069 1140//1069
f 1159//1070 1141//1070 1138//1070 1156//1070
f 1160//1071 1143//1071 1140//1071 1158//1071
f 1161//1072 1160//1072 1158//1072 1159//1072
f 1162//1073 1145//1073 1143//1073 1160//1073
f 1163//1074 1162//1074 1160//1074 1161//1074
f 1164//1075 1147//1075 1145//1075 1162//1075
f 1165//1076 1164//1076 1162//1076 1163//1076
f 1166//1077 1080//1077 989//1077 1000//1077
f 1166//1078 1148//1078 1053//1078 1080//1078
f 1148//1079 1166//1079 1000//1079 994//1079
f 1167//1080 1151//1080 997//1080 1003//1080
f 1169//1081 1153//1081 1151//1081 1167//1081
f 1170//1082 1169//1082 1167//1082 1168//1082
f 1171//1083 1155//1083 1153//1083 1169//1083
f 1157//1084 1173//1084 1172//1084 1156//1084
f 1173//1085 1157//1085 1155//1085 1171//1085
f 1174//1086 1159//1086 1156//1086 1172//1086
f 1175//1087 1174//1087 1172//1087 1173//1087
f 1176//1088 1161//1088 1159//1088 1174//1088
f 1177//1089 1176//1089 1174//1089 1175//1089
f 1178//1090 1163//1090 1161//1090 1176//1090
f 1179//1091 1178//1091 1176//1091 1177//1091
f 1180//1092 1165//1092 1163//1092 1178//1092
f 1181//1093 1180//1093 1178//1093 1179//1093
f 1182//1094 1167//1094 1003//1094 1011//1094
f 1183//1095 1182//1095 1011//1095 1012//1095
f 1183//1096 1168//1096 1167//1096 1182//1096
f 1170//1097 1185//1097 1184//1097 1169//1097
f 1185//1098 1170//1098 1168//1098 1183//1098
f 1186//1099 1171//1099 1169//1099 1184//1099
f 1187//1100 1186//1100 1184//1100 1185//1100
f 1188//1101 1173//1101 1171//1101 1186//1101
f 1189//1102 1188//1102 1186//1102 1187//1102
f 1190//1103 1175//1103 1173//1103 1188//1103
f 1191//1104 1177//1104 1175//1104 1190//1104
f 1192//1105 1179//1105 1177//1105 1191//1105
f 1193//1106 1181//1106 1179//1106 1192//1106
f 1200//1107 1199//1107 1195//1107 1196//1107
f 1201//1108 1200//1108 1196//1108 1197//1108
f 1203//1109 1202//1109 1198//1109 1199//1109
f 1204//1110 1203//1110 1199//1110 1200//1110
f 1205//1111 1204//1111 1200//1111 1201//1111
f 1207//1112 1206//1112 1202//1112 1203//1112
f 1208//1113 1207//1113 1203//1113 1204//1113
f 1209//1114 1208//1114 1204//1114 1205//1114
f 1211//1115 1210//1115 1046//1115 1047//1115
f 1212//1116 1211//1116 1047//1116 1048//1116
f 1213//1117 1212//1117 1048//1117 1049//1117
f 1214//1118 1213//1118 1049//1118 1050//1118
f 1216//1119 1215//1119 1210//1119 1211//1119
f 1217//1120 1216//1120 1211//1120 1212//1120
f 1218//1121 1217//1121 1212//1121 1213//1121
f 1219//1122 1218//1122 1213//1122 1214//1122
f 1221//1123 1220//1123 1215//1123 1216//1123
f 1222//1124 1221//1124 1216//1124 1217//1124
f 1223//1125 1222//1125 1217//1125 1218//1125
f 1224//1126 1223//1126 1218//1126 1219//1126
f 1227//1127 1226//1127 1220//1127 1221//1127
f 1228//1128 1227//1128 1221//1128 1222//1128
f 1229//1129 1228//1129 1222//1129 1223//1129
f 1230//1130 1229//1130 1223//1130 1224//1130
f 1232//1131 1231//1131 1225//1131 1226//1131
f 1233//1132 1232//1132 1226//1132 1227//1132
f 1234//1133 1233//1133 1227//1133 1228//1133
f 1235//1134 1234//1134 1228//1134 1229//1134
f 1235//1135 1196//1135 1195//1135 1234//1135
f 1236//1136 1235//1136 1229//1136 1230//1136
f 1236//1137 1197//1137 1196//1137 1235//1137
f 1238//1138 1237//1138 1231//1138 1232//1138
f 1239//1139 1238//1139 1232//1139 1233//1139
f 1240//1140 1239//1140 1233//1140 1234//1140
f 1240//1141 1199//1141 1198//1141 1239//1141
f 1199//1142 1240//1142 1234//1142 1195//1142
f 1243//1143 1242//1143 1237//1143 1238//1143
f 1244//1144 1243//1144 1238//1144 1239//1144
f 1202//1145 1244//1145 1239//1145 1198//1145
f 1246//1146 1245//1146 1241//1146 1242//1146
f 1247//1147 1246//1147 1242//1147 1243//1147
f 1248//1148 1247//1148 1243//1148 1244//1148
f 1206//1149 1248//1149 1244//1149 1202//1149
f 1250//1150 1249//1150 1073//1150 1074//1150
f 1210//1151 1250//1151 1074//1151 1046//1151
f 1253//1152 1252//1152 1249//1152 1250//1152
f 1215//1153 1253//1153 1250//1153 1210//1153
f 1255//1154 1254//1154 1251//1154 1252//1154
f 1256//1155 1255//1155 1252//1155 1253//1155
f 1220//1156 1256//1156 1253//1156 1215//1156
f 1258//1157 1257//1157 1254//1157 1255//1157
f 1259//1158 1258//1158 1255//1158 1256//1158
f 1259//1159 1226//1159 1225//1159 1258//1159
f 1226//1160 1259//1160 1256//1160 1220//1160
f 1262//1161 1261//1161 1257//1161 1258//1161
f 1231//1162 1262//1162 1258//1162 1225//1162
f 1264//1163 1263//1163 1260//1163 1261//1163
f 1265//1164 1264//1164 1261//1164 1262//1164
f 1237//1165 1265//1165 1262//1165 1231//1165
f 1267//1166 1266//1166 1263//1166 1264//1166
f 1268//1167 1267//1167 1264//1167 1265//1167
f 1268//1168 1242//1168 1241//1168 1267//1168
f 1242//1169 1268//1169 1265//1169 1237//1169
f 1270//1170 1269//1170 1266//1170 1267//1170
f 1245//1171 1270//1171 1267//1171 1241//1171
f 1273//1172 1272//1172 1096//1172 1097//1172
f 1249//1173 1273//1173 1097//1173 1073//1173
f 1275//1174 1274//1174 1271//1174 1272//1174
f 1276//1175 1275//1175 1272//1175 1273//1175
f 1276//1176 1252//1176 1251//1176 1275//1176
f 1252//1177 1276//1177 1273//1177 1249//1177
f 1278//1178 1277//1178 1274//1178 1275//1178
f 1254//1179 1278//1179 1275//1179 1251//1179
f 1280//1180 1279//1180 1277//1180 1278//1180
f 1257//1181 1280//1181 1278//1181 1254//1181
f 1281//1182 2//1182 1//1182 1279//1182
f 1282//1183 1281//1183 1279//1183 1280//1183
f 1282//1184 1261//1184 1260//1184 1281//1184
f 1261//1185 1282//1185 1280//1185 1257//1185
f 1283//1186 3//1186 2//1186 1281//1186
f 1263//1187 1283//1187 1281//1187 1260//1187
f 1284//1188 4//1188 3//1188 1283//1188
f 1266//1189 1284//1189 1283//1189 1263//1189
f 1285//1190 6//1190 4//1190 1284//1190
f 1269//1191 1285//1191 1284//1191 1266//1191
f 1287//1192 1286//1192 1118//1192 1119//1192
f 1287//1193 1272//1193 1271//1193 1286//1193
f 1272//1194 1287//1194 1119//1194 1096//1194
f 1288//1195 8//1195 7//1195 1286//1195
f 1274//1196 1288//1196 1286//1196 1271//1196
f 1289//1197 9//1197 8//1197 1288//1197
f 1277//1198 1289//1198 1288//1198 1274//1198
f 1290//1199 10//1199 9//1199 1289//1199
f 1290//1200 1279//1200 1//1200 10//1200
f 1279//1201 1290//1201 1289//1201 1277//1201
f 1293//1202 1201//1202 1197//1202 1291//1202
f 1294//1203 1293//1203 1291//1203 1292//1203
f 1296//1204 1205//1204 1201//1204 1293//1204
f 1297//1205 1296//1205 1293//1205 1294//1205
f 1298//1206 1297//1206 1294//1206 1295//1206
f 1300//1207 1209//1207 1205//1207 1296//1207
f 1301//1208 1300//1208 1296//1208 1297//1208
f 1302//1209 1301//1209 1297//1209 1298//1209
f 1303//1210 1302//1210 1298//1210 1299//1210
f 1304//1211 1214//1211 1050//1211 1146//1211
f 1305//1212 1304//1212 1146//1212 1147//1212
f 1306//1213 1219//1213 1214//1213 1304//1213
f 1307//1214 1306//1214 1304//1214 1305//1214
f 1309//1215 1224//1215 1219//1215 1306//1215
f 1310//1216 1309//1216 1306//1216 1307//1216
f 1311//1217 1310//1217 1307//1217 1308//1217
f 1312//1218 1230//1218 1224//1218 1309//1218
f 1313//1219 1312//1219 1309//1219 1310//1219
f 1314//1220 1313//1220 1310//1220 1311//1220
f 1316//1221 1236//1221 1230//1221 1312//1221
f 1316//1222 1291//1222 1197//1222 1236//1222
f 1317//1223 1316//1223 1312//1223 1313//1223
f 1317//1224 1292//1224 1291//1224 1316//1224
f 1318//1225 1317//1225 1313//1225 1314//1225
f 1319//1226 1318//1226 1314//1226 1315//1226
f 1321//1227 1294//1227 1292//1227 1317//1227
f 1322//1228 1321//1228 1317//1228 1318//1228
f 1322//1229 1295//1229 1294//1229 1321//1229
f 1323//1230 1322//1230 1318//1230 1319//1230
f 1324//1231 1323//1231 1319//1231 1320//1231
f 1326//1232 1298//1232 1295//1232 1322//1232
f 1327//1233 1326//1233 1322//1233 1323//1233
f 1327//1234 1299//1234 1298//1234 1326//1234
f 1328//1235 1327//1235 1323//1235 1324//1235
f 1329//1236 1328//1236 1324//1236 1325//1236
f 1330//1237 1303//1237 1299//1237 1327//1237
f 1331//1238 1330//1238 1327//1238 1328//1238
f 1332//1239 1331//1239 1328//1239 1329//1239
f 1334//1240 1305//1240 1147//1240 1164//1240
f 1335//1241 1334//1241 1164//1241 1165//1241
f 1337//1242 1307//1242 1305//1242 1334//1242
f 1338//1243 1337//1243 1334//1243 1335//1243
f 1338//1244 1308//1244 1307//1244 1337//1244
f 1339//1245 1338//1245 1335//1245 1336//1245
f 1340//1246 1311//1246 1308//1246 1338//1246
f 1341//1247 1340//1247 1338//1247 1339//1247
f 1343//1248 1314//1248 1311//1248 1340//1248
f 1344//1249 1343//1249 1340//1249 1341//1249
f 1344//1250 1315//1250 1314//1250 1343//1250
f 1345//1251 1344//1251 1341//1251 1342//1251
f 1347//1252 1319//1252 1315//1252 1344//1252
f 1348//1253 1347//1253 1344//1253 1345//1253
f 1348//1254 1320//1254 1319//1254 1347//1254
f 1349//1255 1348//1255 1345//1255 1346//1255
f 1351//1256 1324//1256 1320//1256 1348//1256
f 1352//1257 1351//1257 1348//1257 1349//1257
f 1352//1258 1325//1258 1324//1258 1351//1258
f 1353//1259 1352//1259 1349//1259 1350//1259
f 1354//1260 1329//1260 1325//1260 1352//1260
f 1355//1261 1354//1261 1352//1261 1353//1261
f 1357//1262 1332//1262 1329//1262 1354//1262
f 1358//1263 1357//1263 1354//1263 1355//1263
f 1358//1264 1333//1264 1332//1264 1357//1264
f 1359//1265 1358//1265 1355//1265 1356//1265
f 1360//1266 1335//1266 1165//1266 1180//1266
f 1361//1267 1360//1267 1180//1267 1181//1267
f 1361//1268 1336//1268 1335//1268 1360//1268
f 1363//1269 1339//1269 1336//1269 1361//1269
f 1364//1270 1363//1270 1361//1270 1362//1270
f 1365//1271 1341//1271 1339//1271 1363//1271
f 1366//1272 1365//1272 1363//1272 1364//1272
f 1366//1273 1342//1273 1341//1273 1365//1273
f 1368//1274 1345//1274 1342//1274 1366//1274
f 1369//1275 1368//1275 1366//1275 1367//1275
f 1369//1276 1346//1276 1345//1276 1368//1276
f 1371//1277 1349//1277 1346//1277 1369//1277
f 1372//1278 1371//1278 1369//1278 1370//1278
f 1372//1279 1350//1279 1349//1279 1371//1279
f 1374//1280 1353//1280 1350//1280 1372//1280
f 1375//1281 1374//1281 1372//1281 1373//1281
f 1376//1282 1355//1282 1353//1282 1374//1282
f 1377//1283 1376//1283 1374//1283 1375//1283
f 1377//1284 1356//1284 1355//1284 1376//1284
f 1378//1285 1359//1285 1356//1285 1377//1285
f 1379//1286 1361//1286 1181//1286 1193//1286
f 1380//1287 1379//1287 1193//1287 1194//1287
f 1380//1288 1362//1288 1361//1288 1379//1288
f 1381//1289 1364//1289 1362//1289 1380//1289
f 1383//1290 1366//1290 1364//1290 1381//1290
f 1384//1291 1383//1291 1381//1291 1382//1291
f 1384//1292 1367//1292 1366//1292 1383//1292
f 1386//1293 1369//1293 1367//1293 1384//1293
f 1387//1294 1386//1294 1384//1294 1385//1294
f 1387//1295 1370//1295 1369//1295 1386//1295
f 1389//1296 1372//1296 1370//1296 1387//1296
f 1390//1297 1389//1297 1387//1297 1388//1297
f 1390//1298 1373//1298 1372//1298 1389//1298
f 1391//1299 1375//1299 1373//1299 1390//1299
f 1392//1300 1377//1300 1375//1300 1391//1300
f 1394//1301 1378//1301 1377//1301 1393//1301
f 1396//1302 1391//1302 1390//1302 1395//1302
f 1397//1303 1392//1303 1391//1303 1396//1303
f 1397//1304 1393//1304 1377//1304 1392//1304
f 1399//1305 1394//1305 1393//1305 1397//1305
f 1400//1306 1399//1306 1397//1306 1398//1306
f 1404//1307 991//1307 990//1307 1403//1307
f 1405//1308 992//1308 991//1308 1404//1308
f 1406//1309 993//1309 992//1309 1405//1309
f 1410//1310 1402//1310 1401//1310 1409//1310
f 1411//1311 1403//1311 1402//1311 1410//1311
f 1412//1312 1404//1312 1403//1312 1411//1312
f 1413//1313 1405//1313 1404//1313 1412//1313
f 1414//1314 1406//1314 1405//1314 1413//1314
f 1423//1315 1409//1315 1408//1315 1422//1315
f 1424//1316 1423//1316 1415//1316 1416//1316
f 1424//1317 1410//1317 1409//1317 1423//1317
f 1425//1318 1424//1318 1416//1318 1417//1318
f 1425//1319 1411//1319 1410//1319 1424//1319
f 1426//1320 1425//1320 1417//1320 1418//1320
f 1426//1321 1412//1321 1411//1321 1425//1321
f 1427//1322 1426//1322 1418//1322 1419//1322
f 1427//1323 1413//1323 1412//1323 1426//1323
f 1428//1324 1427//1324 1419//1324 1420//1324
f 1428//1325 1414//1325 1413//1325 1427//1325
f 1414//1326 1428//1326 1420//1326 1407//1326
f 1435//1327 1416//1327 1415//1327 1434//1327
f 1436//1328 1417//1328 1416//1328 1435//1328
f 1437//1329 1436//1329 1429//1329 1430//1329
f 1437//1330 1418//1330 1417//1330 1436//1330
f 1438//1331 1437//1331 1430//1331 1431//1331
f 1438//1332 1419//1332 1418//1332 1437//1332
f 1439//1333 1438//1333 1431//1333 1432//1333
f 1439//1334 1420//1334 1419//1334 1438//1334
f 1441//1335 1422//1335 1421//1335 1440//1335
f 1442//1336 1441//1336 1433//1336 1434//1336
f 1442//1337 1423//1337 1422//1337 1441//1337
f 1423//1338 1442//1338 1434//1338 1415//1338
f 1450//1339 1449//1339 1443//1339 1444//1339
f 1450//1340 1430//1340 1429//1340 1449//1340
f 1451//1341 1450//1341 1444//1341 1445//1341
f 1451//1342 1431//1342 1430//1342 1450//1342
f 1452//1343 1451//1343 1445//1343 1446//1343
f 1452//1344 1432//1344 1431//1344 1451//1344
f 1455//1345 1434//1345 1433//1345 1454//1345
f 1456//1346 1455//1346 1447//1346 1448//1346
f 1456//1347 1435//1347 1434//1347 1455//1347
f 1457//1348 1456//1348 1448//1348 1449//1348
f 1457//1349 1436//1349 1435//1349 1456//1349
f 1436//1350 1457//1350 1449//1350 1429//1350
f 1458//1351 1440//1351 19//1351 20//1351
f 1459//1352 1458//1352 1453//1352 1454//1352
f 1459//1353 1441//1353 1440//1353 1458//1353
f 1441//1354 1459//1354 1454//1354 1433//1354
f 1466//1355 1465//1355 1460//1355 1461//1355
f 1466//1356 1444//1356 1443//1356 1465//1356
f 1467//1357 1466//1357 1461//1357 1462//1357
f 1467//1358 1445//1358 1444//1358 1466//1358
f 1468//1359 1467//1359 1462//1359 1463//1359
f 1468//1360 1446//1360 1445//1360 1467//1360
f 1471//1361 1448//1361 1447//1361 1470//1361
f 1472//1362 1471//1362 1464//1362 1465//1362
f 1472//1363 1449//1363 1448//1363 1471//1363
f 1449//1364 1472//1364 1465//1364 1443//1364
f 1473//1365 1452//1365 1446//1365 1468//1365
f 1475//1366 1454//1366 1453//1366 1474//1366
f 1476//1367 1475//1367 1469//1367 1470//1367
f 1476//1368 1455//1368 1454//1368 1475//1368
f 1455//1369 1476//1369 1470//1369 1447//1369
f 1477//1370 23//1370 21//1370 1474//1370
f 1477//1371 1458//1371 20//1371 23//1371
f 1458//1372 1477//1372 1474//1372 1453//1372
f 1480//1373 1461//1373 1460//1373 1479//1373
f 1481//1374 1462//1374 1461//1374 1480//1374
f 1482//1375 1463//1375 1462//1375 1481//1375
f 1485//1376 1484//1376 1478//1376 1479//1376
f 1485//1377 1465//1377 1464//1377 1484//1377
f 1465//1378 1485//1378 1479//1378 1460//1378
f 1486//1379 1468//1379 1463//1379 1482//1379
f 1488//1380 1470//1380 1469//1380 1487//1380
f 1489//1381 1488//1381 1483//1381 1484//1381
f 1489//1382 1471//1382 1470//1382 1488//1382
f 1471//1383 1489//1383 1484//1383 1464//1383
f 1490//1384 1474//1384 21//1384 25//1384
f 1491//1385 1475//1385 1474//1385 1490//1385
f 1475//1386 1491//1386 1487//1386 1469//1386
f 1493//1387 1479//1387 1478//1387 1492//1387
f 1494//1388 1480//1388 1479//1388 1493//1388
f 1495//1389 1481//1389 1480//1389 1494//1389
f 1496//1390 1482//1390 1481//1390 1495//1390
f 1498//1391 1484//1391 1483//1391 1497//1391
f 1484//1392 1498//1392 1492//1392 1478//1392
f 1501//1393 1488//1393 1487//1393 1500//1393
f 1488//1394 1501//1394 1497//1394 1483//1394
f 1502//1395 1490//1395 25//1395 30//1395
f 1503//1396 1502//1396 1499//1396 1500//1396
f 1503//1397 1491//1397 1490//1397 1502//1397
f 1491//1398 1503//1398 1500//1398 1487//1398
f 1505//1399 1005//1399 1004//1399 1504//1399
f 1506//1400 1006//1400 1005//1400 1505//1400
f 1507//1401 1007//1401 1006//1401 1506//1401
f 1508//1402 1008//1402 993//1402 1406//1402
f 1509//1403 1009//1403 1008//1403 1508//1403
f 1009//1404 1509//1404 1504//1404 1004//1404
f 1510//1405 1012//1405 1007//1405 1507//1405
f 1516//1406 1505//1406 1504//1406 1515//1406
f 1517//1407 1506//1407 1505//1407 1516//1407
f 1518//1408 1517//1408 1512//1408 1513//1408
f 1518//1409 1507//1409 1506//1409 1517//1409
f 1520//1410 1414//1410 1407//1410 1514//1410
f 1520//1411 1508//1411 1406//1411 1414//1411
f 1521//1412 1520//1412 1514//1412 1515//1412
f 1521//1413 1509//1413 1508//1413 1520//1413
f 1509//1414 1521//1414 1515//1414 1504//1414
f 1522//1415 1510//1415 1507//1415 1518//1415
f 1523//1416 1522//1416 1518//1416 1519//1416
f 1523//1417 1511//1417 1510//1417 1522//1417
f 1526//1418 1513//1418 1512//1418 1525//1418
f 1528//1419 1514//1419 1407//1419 1420//1419
f 1529//1420 1515//1420 1514//1420 1528//1420
f 1530//1421 1516//1421 1515//1421 1529//1421
f 1531//1422 1530//1422 1524//1422 1525//1422
f 1531//1423 1517//1423 1516//1423 1530//1423
f 1517//1424 1531//1424 1525//1424 1512//1424
f 1532//1425 1518//1425 1513//1425 1526//1425
f 1533//1426 1532//1426 1526//1426 1527//1426
f 1533//1427 1519//1427 1518//1427 1532//1427
f 1535//1428 1523//1428 1519//1428 1533//1428
f 1536//1429 1535//1429 1533//1429 1534//1429
f 1540//1430 1525//1430 1524//1430 1539//1430
f 1541//1431 1526//1431 1525//1431 1540//1431
f 1542//1432 1527//1432 1526//1432 1541//1432
f 1544//1433 1439//1433 1432//1433 1537//1433
f 1544//1434 1528//1434 1420//1434 1439//1434
f 1545//1435 1544//1435 1537//1435 1538//1435
f 1545//1436 1529//1436 1528//1436 1544//1436
f 1546//1437 1545//1437 1538//1437 1539//1437
f 1546//1438 1530//1438 1529//1438 1545//1438
f 1530//1439 1546//1439 1539//1439 1524//1439
f 1547//1440 1533//1440 1527//1440 1542//1440
f 1548//1441 1547//1441 1542//1441 1543//1441
f 1548//1442 1534//1442 1533//1442 1547//1442
f 1549//1443 1536//1443 1534//1443 1548//1443
f 1553//1444 1537//1444 1432//1444 1452//1444
f 1554//1445 1538//1445 1537//1445 1553//1445
f 1555//1446 1539//1446 1538//1446 1554//1446
f 1556//1447 1540//1447 1539//1447 1555//1447
f 1557//1448 1541//1448 1540//1448 1556//1448
f 1558//1449 1557//1449 1550//1449 1551//1449
f 1558//1450 1542//1450 1541//1450 1557//1450
f 1559//1451 1558//1451 1551//1451 1552//1451
f 1559//1452 1543//1452 1542//1452 1558//1452
f 1561//1453 1548//1453 1543//1453 1559//1453
f 1562//1454 1561//1454 1559//1454 1560//1454
f 1563//1455 1549//1455 1548//1455 1561//1455
f 1564//1456 1563//1456 1561//1456 1562//1456
f 1568//1457 1551//1457 1550//1457 1567//1457
f 1569//1458 1552//1458 1551//1458 1568//1458
f 1571//1459 1473//1459 1468//1459 1565//1459
f 1571//1460 1553//1460 1452//1460 1473//1460
f 1572//1461 1571//1461 1565//1461 1566//1461
f 1572//1462 1554//1462 1553//1462 1571//1462
f 1573//1463 1555//1463 1554//1463 1572//1463
f 1574//1464 1556//1464 1555//1464 1573//1464
f 1575//1465 1557//1465 1556//1465 1574//1465
f 1557//1466 1575//1466 1567//1466 1550//1466
f 1576//1467 1559//1467 1552//1467 1569//1467
f 1577//1468 1576//1468 1569//1468 1570//1468
f 1577//1469 1560//1469 1559//1469 1576//1469
f 1578//1470 1562//1470 1560//1470 1577//1470
f 1579//1471 1564//1471 1562//1471 1578//1471
f 1581//1472 1486//1472 1482//1472 1580//1472
f 1581//1473 1565//1473 1468//1473 1486//1473
f 1582//1474 1566//1474 1565//1474 1581//1474
f 1584//1475 1568//1475 1567//1475 1583//1475
f 1585//1476 1569//1476 1568//1476 1584//1476
f 1586//1477 1570//1477 1569//1477 1585//1477
f 1587//1478 1572//1478 1566//1478 1582//1478
f 1588//1479 1573//1479 1572//1479 1587//1479
f 1589//1480 1574//1480 1573//1480 1588//1480
f 1590//1481 1575//1481 1574//1481 1589//1481
f 1575//1482 1590//1482 1583//1482 1567//1482
f 1591//1483 1577//1483 1570//1483 1586//1483
f 1593//1484 1580//1484 1482//1484 1496//1484
f 1594//1485 1581//1485 1580//1485 1593//1485
f 1595//1486 1582//1486 1581//1486 1594//1486
f 1598//1487 1584//1487 1583//1487 1597//1487
f 1599//1488 1585//1488 1584//1488 1598//1488
f 1600//1489 1586//1489 1585//1489 1599//1489
f 1601//1490 1587//1490 1582//1490 1595//1490
f 1602//1491 1588//1491 1587//1491 1601//1491
f 1603//1492 1589//1492 1588//1492 1602//1492
f 1604//1493 1603//1493 1596//1493 1597//1493
f 1604//1494 1590//1494 1589//1494 1603//1494
f 1590//1495 1604//1495 1597//1495 1583//1495
f 1606//1496 1578//1496 1577//1496 1605//1496
f 1607//1497 1579//1497 1578//1497 1606//1497
f 1609//1498 1591//1498 1586//1498 1608//1498
f 1609//1499 1605//1499 1577//1499 1591//1499
f 1610//1500 1606//1500 1605//1500 1609//1500
f 1607//1501 1611//1501 1592//1501 1579//1501
f 1611//1502 1607//1502 1606//1502 1610//1502
f 1612//1503 1608//1503 1586//1503 1600//1503
f 1613//1504 1609//1504 1608//1504 1612//1504
f 1615//1505 1610//1505 1609//1505 1613//1505
f 1616//1506 1615//1506 1613//1506 1614//1506
f 1617//1507 1611//1507 1610//1507 1615//1507
f 1618//1508 1617//1508 1615//1508 1616//1508
f 1622//1509 1621//1509 1401//1509 1402//1509
f 1622//1510 1099//1510 1098//1510 1621//1510
f 1623//1511 1622//1511 1402//1511 1403//1511
f 1623//1512 1100//1512 1099//1512 1622//1512
f 1100//1513 1623//1513 1403//1513 990//1513
f 1625//1514 1624//1514 1619//1514 1620//1514
f 1625//1515 1104//1515 1103//1515 1624//1515
f 1626//1516 1625//1516 1620//1516 1621//1516
f 1626//1517 1105//1517 1104//1517 1625//1517
f 1105//1518 1626//1518 1621//1518 1098//1518
f 1107//1519 1627//1519 1624//1519 1103//1519
f 1628//1520 49//1520 48//1520 1627//1520
f 1110//1521 1628//1521 1627//1521 1107//1521
f 1629//1522 50//1522 49//1522 1628//1522
f 1112//1523 1629//1523 1628//1523 1110//1523
f 1630//1524 51//1524 50//1524 1629//1524
f 1114//1525 1630//1525 1629//1525 1112//1525
f 1631//1526 52//1526 51//1526 1630//1526
f 1116//1527 1631//1527 1630//1527 1114//1527
f 1632//1528 53//1528 52//1528 1631//1528
f 1118//1529 1632//1529 1631//1529 1116//1529
f 1634//1530 1620//1530 1619//1530 1633//1530
f 1635//1531 1634//1531 1408//1531 1409//1531
f 1635//1532 1621//1532 1620//1532 1634//1532
f 1621//1533 1635//1533 1409//1533 1401//1533
f 1624//1534 1636//1534 1633//1534 1619//1534
f 1637//1535 56//1535 54//1535 1636//1535
f 1637//1536 1627//1536 48//1536 56//1536
f 1627//1537 1637//1537 1636//1537 1624//1537
f 1639//1538 1638//1538 1421//1538 1422//1538
f 1639//1539 1634//1539 1633//1539 1638//1539
f 1634//1540 1639//1540 1422//1540 1408//1540
f 1640//1541 69//1541 67//1541 1638//1541
f 1640//1542 1636//1542 54//1542 69//1542
f 1636//1543 1640//1543 1638//1543 1633//1543
f 1641//1544 79//1544 19//1544 1440//1544
f 1641//1545 1638//1545 67//1545 79//1545
f 1638//1546 1641//1546 1440//1546 1421//1546
f 1642//1547 1183//1547 1012//1547 1510//1547
f 1643//1548 1642//1548 1510//1548 1511//1548
f 1644//1549 1185//1549 1183//1549 1642//1549
f 1645//1550 1187//1550 1185//1550 1644//1550
f 1189//1551 1647//1551 1646//1551 1188//1551
f 1647//1552 1189//1552 1187//1552 1645//1552
f 1648//1553 1190//1553 1188//1553 1646//1553
f 1649//1554 1648//1554 1646//1554 1647//1554
f 1650//1555 1191//1555 1190//1555 1648//1555
f 1651//1556 1650//1556 1648//1556 1649//1556
f 1652//1557 1192//1557 1191//1557 1650//1557
f 1653//1558 1652//1558 1650//1558 1651//1558
f 1654//1559 1193//1559 1192//1559 1652//1559
f 1655//1560 1654//1560 1652//1560 1653//1560
f 1655//1561 1194//1561 1193//1561 1654//1561
f 1643//1562 1658//1562 1657//1562 1642//1562
f 1658//1563 1643//1563 1511//1563 1523//1563
f 1659//1564 1644//1564 1642//1564 1657//1564
f 1660//1565 1659//1565 1657//1565 1658//1565
f 1661//1566 1645//1566 1644//1566 1659//1566
f 1662//1567 1661//1567 1659//1567 1660//1567
f 1663//1568 1647//1568 1645//1568 1661//1568
f 1664//1569 1649//1569 1647//1569 1663//1569
f 1665//1570 1651//1570 1649//1570 1664//1570
f 1666//1571 1653//1571 1651//1571 1665//1571
f 1668//1572 1655//1572 1653//1572 1666//1572
f 1669//1573 1668//1573 1666//1573 1667//1573
f 1669//1574 1656//1574 1655//1574 1668//1574
f 1670//1575 1658//1575 1523//1575 1535//1575
f 1671//1576 1670//1576 1535//1576 1536//1576
f 1672//1577 1660//1577 1658//1577 1670//1577
f 1673//1578 1672//1578 1670//1578 1671//1578
f 1662//1579 1675//1579 1674//1579 1661//1579
f 1675//1580 1662//1580 1660//1580 1672//1580
f 1676//1581 1663//1581 1661//1581 1674//1581
f 1677//1582 1676//1582 1674//1582 1675//1582
f 1678//1583 1664//1583 1663//1583 1676//1583
f 1679//1584 1665//1584 1664//1584 1678//1584
f 1681//1585 1666//1585 1665//1585 1679//1585
f 1682//1586 1681//1586 1679//1586 1680//1586
f 1682//1587 1667//1587 1666//1587 1681//1587
f 1683//1588 1669//1588 1667//1588 1682//1588
f 1685//1589 1671//1589 1536//1589 1549//1589
f 1673//1590 1687//1590 1686//1590 1672//1590
f 1687//1591 1673//1591 1671//1591 1685//1591
f 1688//1592 1675//1592 1672//1592 1686//1592
f 1677//1593 1690//1593 1689//1593 1676//1593
f 1690//1594 1677//1594 1675//1594 1688//1594
f 1691//1595 1678//1595 1676//1595 1689//1595
f 1692//1596 1691//1596 1689//1596 1690//1596
f 1693//1597 1679//1597 1678//1597 1691//1597
f 1694//1598 1693//1598 1691//1598 1692//1598
f 1694//1599 1680//1599 1679//1599 1693//1599
f 1695//1600 1682//1600 1680//1600 1694//1600
f 1697//1601 1683//1601 1682//1601 1695//1601
f 1698//1602 1697//1602 1695//1602 1696//1602
f 1698//1603 1684//1603 1683//1603 1697//1603
f 1700//1604 1685//1604 1549//1604 1563//1604
f 1701//1605 1700//1605 1563//1605 1564//1605
f 1687//1606 1703//1606 1702//1606 1686//1606
f 1703//1607 1687//1607 1685//1607 1700//1607
f 1704//1608 1688//1608 1686//1608 1702//1608
f 1705//1609 1704//1609 1702//1609 1703//1609
f 1706//1610 1690//1610 1688//1610 1704//1610
f 1707//1611 1692//1611 1690//1611 1706//1611
f 1708//1612 1694//1612 1692//1612 1707//1612
f 1710//1613 1695//1613 1694//1613 1708//1613
f 1711//1614 1710//1614 1708//1614 1709//1614
f 1711//1615 1696//1615 1695//1615 1710//1615
f 1713//1616 1698//1616 1696//1616 1711//1616
f 1714//1617 1713//1617 1711//1617 1712//1617
f 1714//1618 1699//1618 1698//1618 1713//1618
f 1701//1619 1716//1619 1715//1619 1700//1619
f 1716//1620 1701//1620 1564//1620 1579//1620
f 1717//1621 1703//1621 1700//1621 1715//1621
f 1718//1622 1717//1622 1715//1622 1716//1622
f 1705//1623 1720//1623 1719//1623 1704//1623
f 1720//1624 1705//1624 1703//1624 1717//1624
f 1721//1625 1706//1625 1704//1625 1719//1625
f 1722//1626 1707//1626 1706//1626 1721//1626
f 1724//1627 1708//1627 1707//1627 1722//1627
f 1725//1628 1724//1628 1722//1628 1723//1628
f 1725//1629 1709//1629 1708//1629 1724//1629
f 1726//1630 1711//1630 1709//1630 1725//1630
f 1727//1631 1712//1631 1711//1631 1726//1631
f 1728//1632 1714//1632 1712//1632 1727//1632
f 1729//1633 1716//1633 1579//1633 1592//1633
f 1718//1634 1732//1634 1731//1634 1717//1634
f 1732//1635 1718//1635 1716//1635 1729//1635
f 1733//1636 1734//1636 1731//1636 1730//1636
f 1720//1637 1734//1637 1733//1637 1719//1637
f 1734//1638 1720//1638 1717//1638 1731//1638
f 1735//1639 1721//1639 1719//1639 1733//1639
f 1736//1640 1722//1640 1721//1640 1735//1640
f 1737//1641 1723//1641 1722//1641 1736//1641
f 1738//1642 1725//1642 1723//1642 1737//1642
f 1740//1643 1726//1643 1725//1643 1738//1643
f 1741//1644 1740//1644 1738//1644 1739//1644
f 1741//1645 1727//1645 1726//1645 1740//1645
f 1742//1646 1728//1646 1727//1646 1741//1646
f 1731//1647 1745//1647 1744//1647 1730//1647
f 1732//1648 1746//1648 1745//1648 1731//1648
f 1746//1649 1732//1649 1729//1649 1743//1649
f 1747//1650 1733//1650 1730//1650 1744//1650
f 1748//1651 1735//1651 1733//1651 1747//1651
f 1749//1652 1736//1652 1735//1652 1748//1652
f 1750//1653 1737//1653 1736//1653 1749//1653
f 1751//1654 1738//1654 1737//1654 1750//1654
f 1752//1655 1739//1655 1738//1655 1751//1655
f 1753//1656 1741//1656 1739//1656 1752//1656
f 1755//1657 1754//1657 1714//1657 1728//1657
f 1757//1658 1729//1658 1592//1658 1611//1658
f 1759//1659 1742//1659 1741//1659 1758//1659
f 1759//1660 1755//1660 1728//1660 1742//1660
f 1760//1661 1756//1661 1755//1661 1759//1661
f 1757//1662 1761//1662 1743//1662 1729//1662
f 1761//1663 1757//1663 1611//1663 1617//1663
f 1762//1664 1758//1664 1741//1664 1753//1664
f 1763//1665 1759//1665 1758//1665 1762//1665
f 1764//1666 1760//1666 1759//1666 1763//1666
f 1765//1667 151//1667 53//1667 1632//1667
f 1765//1668 1286//1668 7//1668 151//1668
f 1286//1669 1765//1669 1632//1669 1118//1669
f 1766//1670 1380//1670 1194//1670 1655//1670
f 1767//1671 1766//1671 1655//1671 1656//1671
f 1768//1672 1381//1672 1380//1672 1766//1672
f 1769//1673 1768//1673 1766//1673 1767//1673
f 1769//1674 1382//1674 1381//1674 1768//1674
f 1771//1675 1384//1675 1382//1675 1769//1675
f 1772//1676 1771//1676 1769//1676 1770//1676
f 1772//1677 1385//1677 1384//1677 1771//1677
f 1774//1678 1387//1678 1385//1678 1772//1678
f 1775//1679 1774//1679 1772//1679 1773//1679
f 1775//1680 1388//1680 1387//1680 1774//1680
f 1776//1681 1390//1681 1388//1681 1775//1681
f 1777//1682 1767//1682 1656//1682 1669//1682
f 1779//1683 1769//1683 1767//1683 1777//1683
f 1780//1684 1779//1684 1777//1684 1778//1684
f 1780//1685 1770//1685 1769//1685 1779//1685
f 1782//1686 1772//1686 1770//1686 1780//1686
f 1783//1687 1782//1687 1780//1687 1781//1687
f 1783//1688 1773//1688 1772//1688 1782//1688
f 1784//1689 1775//1689 1773//1689 1783//1689
f 1785//1690 1777//1690 1669//1690 1683//1690
f 1786//1691 1785//1691 1683//1691 1684//1691
f 1786//1692 1778//1692 1777//1692 1785//1692
f 1788//1693 1780//1693 1778//1693 1786//1693
f 1789//1694 1788//1694 1786//1694 1787//1694
f 1789//1695 1781//1695 1780//1695 1788//1695
f 1790//1696 1783//1696 1781//1696 1789//1696
f 1791//1697 1786//1697 1684//1697 1698//1697
f 1792//1698 1791//1698 1698//1698 1699//1698
f 1792//1699 1787//1699 1786//1699 1791//1699
f 1793//1700 1789//1700 1787//1700 1792//1700
f 1794//1701 1792//1701 1699//1701 1714//1701
f 1796//1702 1776//1702 1775//1702 1795//1702
f 1796//1703 1395//1703 1390//1703 1776//1703
f 1798//1704 1396//1704 1395//1704 1796//1704
f 1799//1705 1798//1705 1796//1705 1797//1705
f 1800//1706 1397//1706 1396//1706 1798//1706
f 1801//1707 1800//1707 1798//1707 1799//1707
f 1801//1708 1398//1708 1397//1708 1800//1708
f 1803//1709 1400//1709 1398//1709 1801//1709
f 1804//1710 1803//1710 1801//1710 1802//1710
f 1806//1711 1784//1711 1783//1711 1805//1711
f 1806//1712 1795//1712 1775//1712 1784//1712
f 1808//1713 1796//1713 1795//1713 1806//1713
f 1809//1714 1808//1714 1806//1714 1807//1714
f 1809//1715 1797//1715 1796//1715 1808//1715
f 1811//1716 1799//1716 1797//1716 1809//1716
f 1812//1717 1811//1717 1809//1717 1810//1717
f 1813//1718 1801//1718 1799//1718 1811//1718
f 1814//1719 1813//1719 1811//1719 1812//1719
f 1814//1720 1802//1720 1801//1720 1813//1720
f 1816//1721 1804//1721 1802//1721 1814//1721
f 1817//1722 1816//1722 1814//1722 1815//1722
f 1819//1723 1790//1723 1789//1723 1818//1723
f 1819//1724 1805//1724 1783//1724 1790//1724
f 1821//1725 1806//1725 1805//1725 1819//1725
f 1822//1726 1821//1726 1819//1726 1820//1726
f 1822//1727 1807//1727 1806//1727 1821//1727
f 1824//1728 1809//1728 1807//1728 1822//1728
f 1825//1729 1824//1729 1822//1729 1823//1729
f 1825//1730 1810//1730 1809//1730 1824//1730
f 1826//1731 1812//1731 1810//1731 1825//1731
f 1828//1732 1814//1732 1812//1732 1826//1732
f 1829//1733 1828//1733 1826//1733 1827//1733
f 1829//1734 1815//1734 1814//1734 1828//1734
f 1830//1735 1817//1735 1815//1735 1829//1735
f 1833//1736 1793//1736 1792//1736 1832//1736
f 1833//1737 1818//1737 1789//1737 1793//1737
f 1835//1738 1819//1738 1818//1738 1833//1738
f 1836//1739 1835//1739 1833//1739 1834//1739
f 1836//1740 1820//1740 1819//1740 1835//1740
f 1838//1741 1822//1741 1820//1741 1836//1741
f 1839//1742 1838//1742 1836//1742 1837//1742
f 1839//1743 1823//1743 1822//1743 1838//1743
f 1841//1744 1825//1744 1823//1744 1839//1744
f 1842//1745 1841//1745 1839//1745 1840//1745
f 1843//1746 1826//1746 1825//1746 1841//1746
f 1844//1747 1843//1747 1841//1747 1842//1747
f 1844//1748 1827//1748 1826//1748 1843//1748
f 1846//1749 1829//1749 1827//1749 1844//1749
f 1847//1750 1846//1750 1844//1750 1845//1750
f 1848//1751 1830//1751 1829//1751 1846//1751
f 1849//1752 1848//1752 1846//1752 1847//1752
f 1849//1753 1831//1753 1830//1753 1848//1753
f 1850//1754 1794//1754 1714//1754 1754//1754
f 1850//1755 1832//1755 1792//1755 1794//1755
f 1852//1756 1833//1756 1832//1756 1850//1756
f 1853//1757 1852//1757 1850//1757 1851//1757
f 1853//1758 1834//1758 1833//1758 1852//1758
f 1855//1759 1836//1759 1834//1759 1853//1759
f 1856//1760 1855//1760 1853//1760 1854//1760
f 1856//1761 1837//1761 1836//1761 1855//1761
f 1858//1762 1839//1762 1837//1762 1856//1762
f 1859//1763 1858//1763 1856//1763 1857//1763
f 1859//1764 1840//1764 1839//1764 1858//1764
f 1860//1765 1842//1765 1840//1765 1859//1765
f 1862//1766 1844//1766 1842//1766 1860//1766
f 1863//1767 1862//1767 1860//1767 1861//1767
f 1863//1768 1845//1768 1844//1768 1862//1768
f 1864//1769 1847//1769 1845//1769 1863//1769
f 1866//1770 1849//1770 1847//1770 1864//1770
f 1867//1771 1866//1771 1864//1771 1865//1771
f 1868//1772 1850//1772 1754//1772 1755//1772
f 1869//1773 1868//1773 1755//1773 1756//1773
f 1869//1774 1851//1774 1850//1774 1868//1774
f 1870//1775 1853//1775 1851//1775 1869//1775
f 1871//1776 1854//1776 1853//1776 1870//1776
f 1872//1777 1856//1777 1854//1777 1871//1777
f 1873//1778 1857//1778 1856//1778 1872//1778
f 1874//1779 1859//1779 1857//1779 1873//1779
f 1876//1780 1860//1780 1859//1780 1874//1780
f 1877//1781 1876//1781 1874//1781 1875//1781
f 1877//1782 1861//1782 1860//1782 1876//1782
f 1878//1783 1863//1783 1861//1783 1877//1783
f 1880//1784 1864//1784 1863//1784 1878//1784
f 1881//1785 1880//1785 1878//1785 1879//1785
f 1881//1786 1865//1786 1864//1786 1880//1786
f 1882//1787 1867//1787 1865//1787 1881//1787
f 1883//1788 1869//1788 1756//1788 1760//1788
f 1885//1789 1870//1789 1869//1789 1883//1789
f 1886//1790 1885//1790 1883//1790 1884//1790
f 1886//1791 1871//1791 1870//1791 1885//1791
f 1888//1792 1872//1792 1871//1792 1886//1792
f 1889//1793 1888//1793 1886//1793 1887//1793
f 1889//1794 1873//1794 1872//1794 1888//1794
f 1891//1795 1874//1795 1873//1795 1889//1795
f 1892//1796 1891//1796 1889//1796 1890//1796
f 1892//1797 1875//1797 1874//1797 1891//1797
f 1893//1798 1877//1798 1875//1798 1892//1798
f 1895//1799 1878//1799 1877//1799 1893//1799
f 1896//1800 1895//1800 1893//1800 1894//1800
f 1896//1801 1879//1801 1878//1801 1895//1801
f 1897//1802 1881//1802 1879//1802 1896//1802
f 1898//1803 1882//1803 1881//1803 1897//1803
f 1900//1804 1883//1804 1760//1804 1764//1804
f 1901//1805 1884//1805 1883//1805 1900//1805
f 1902//1806 1886//1806 1884//1806 1901//1806
f 1903//1807 1887//1807 1886//1807 1902//1807
f 1904//1808 1889//1808 1887//1808 1903//1808
f 1905//1809 1890//1809 1889//1809 1904//1809
f 1906//1810 1892//1810 1890//1810 1905//1810
f 1908//1811 1893//1811 1892//1811 1906//1811
f 1909//1812 1908//1812 1906//1812 1907//1812
f 1909//1813 1894//1813 1893//1813 1908//1813
f 1910//1814 1896//1814 1894//1814 1909//1814
f 1911//1815 1897//1815 1896//1815 1910//1815
f 1913//1816 1898//1816 1897//1816 1911//1816
f 1914//1817 1913//1817 1911//1817 1912//1817
f 1914//1818 1899//1818 1898//1818 1913//1818
f 1916//1819 1493//1819 1492//1819 1915//1819
f 1917//1820 1494//1820 1493//1820 1916//1820
f 1918//1821 1495//1821 1494//1821 1917//1821
f 1919//1822 1496//1822 1495//1822 1918//1822
f 1921//1823 1498//1823 1497//1823 1920//1823
f 1498//1824 1921//1824 1915//1824 1492//1824
f 1921//1825 1922//1825 1916//1825 1915//1825
f 1924//1826 1500//1826 1499//1826 1923//1826
f 1925//1827 1501//1827 1500//1827 1924//1827
f 1501//1828 1925//1828 1920//1828 1497//1828
f 1926//1829 420//1829 417//1829 1923//1829
f 1926//1830 1502//1830 30//1830 420//1830
f 1502//1831 1926//1831 1923//1831 1499//1831
f 1928//1832 1917//1832 1916//1832 1927//1832
f 1929//1833 1918//1833 1917//1833 1928//1833
f 1930//1834 1919//1834 1918//1834 1929//1834
f 1932//1835 1921//1835 1920//1835 1931//1835
f 1933//1836 1922//1836 1921//1836 1932//1836
f 1922//1837 1933//1837 1927//1837 1916//1837
f 1933//1838 1934//1838 1928//1838 1927//1838
f 1934//1839 1935//1839 1929//1839 1928//1839
f 1935//1840 1936//1840 1930//1840 1929//1840
f 1937//1841 1923//1841 417//1841 425//1841
f 1938//1842 1924//1842 1923//1842 1937//1842
f 1939//1843 1925//1843 1924//1843 1938//1843
f 1925//1844 1939//1844 1931//1844 1920//1844
f 1941//1845 1932//1845 1931//1845 1940//1845
f 1942//1846 1933//1846 1932//1846 1941//1846
f 1943//1847 1934//1847 1933//1847 1942//1847
f 1944//1848 1935//1848 1934//1848 1943//1848
f 1945//1849 1936//1849 1935//1849 1944//1849
f 1946//1850 1937//1850 425//1850 433//1850
f 1947//1851 1938//1851 1937//1851 1946//1851
f 1948//1852 1939//1852 1938//1852 1947//1852
f 1939//1853 1948//1853 1940//1853 1931//1853
f 1950//1854 1941//1854 1940//1854 1949//1854
f 1951//1855 1942//1855 1941//1855 1950//1855
f 1952//1856 1943//1856 1942//1856 1951//1856
f 1953//1857 1944//1857 1943//1857 1952//1857
f 1954//1858 1945//1858 1944//1858 1953//1858
f 1955//1859 1946//1859 433//1859 446//1859
f 1956//1860 1947//1860 1946//1860 1955//1860
f 1957//1861 1948//1861 1947//1861 1956//1861
f 1948//1862 1957//1862 1949//1862 1940//1862
f 1957//1863 1958//1863 1950//1863 1949//1863
f 1960//1864 1951//1864 1950//1864 1959//1864
f 1961//1865 1952//1865 1951//1865 1960//1865
f 1962//1866 1953//1866 1952//1866 1961//1866
f 1963//1867 1954//1867 1953//1867 1962//1867
f 1964//1868 1955//1868 446//1868 468//1868
f 1965//1869 1956//1869 1955//1869 1964//1869
f 1966//1870 1957//1870 1956//1870 1965//1870
f 1967//1871 1958//1871 1957//1871 1966//1871
f 1958//1872 1967//1872 1959//1872 1950//1872
f 1967//1873 1968//1873 1960//1873 1959//1873
f 1970//1874 1961//1874 1960//1874 1969//1874
f 1971//1875 1962//1875 1961//1875 1970//1875
f 1972//1876 1963//1876 1962//1876 1971//1876
f 1973//1877 1964//1877 468//1877 488//1877
f 1974//1878 1965//1878 1964//1878 1973//1878
f 1975//1879 1966//1879 1965//1879 1974//1879
f 1976//1880 1967//1880 1966//1880 1975//1880
f 1977//1881 1968//1881 1967//1881 1976//1881
f 1968//1882 1977//1882 1969//1882 1960//1882
f 1979//1883 1970//1883 1969//1883 1978//1883
f 1980//1884 1971//1884 1970//1884 1979//1884
f 1981//1885 1972//1885 1971//1885 1980//1885
f 1982//1886 1973//1886 488//1886 500//1886
f 1983//1887 1974//1887 1973//1887 1982//1887
f 1984//1888 1975//1888 1974//1888 1983//1888
f 1985//1889 1976//1889 1975//1889 1984//1889
f 1986//1890 1977//1890 1976//1890 1985//1890
f 1977//1891 1986//1891 1978//1891 1969//1891
f 1988//1892 1979//1892 1978//1892 1987//1892
f 1989//1893 1980//1893 1979//1893 1988//1893
f 1990//1894 1981//1894 1980//1894 1989//1894
f 1991//1895 1982//1895 500//1895 512//1895
f 1992//1896 1983//1896 1982//1896 1991//1896
f 1993//1897 1984//1897 1983//1897 1992//1897
f 1994//1898 1985//1898 1984//1898 1993//1898
f 1995//1899 1986//1899 1985//1899 1994//1899
f 1986//1900 1995//1900 1987//1900 1978//1900
f 1996//1901 1593//1901 1496//1901 1919//1901
f 1999//1902 1594//1902 1593//1902 1996//1902
f 2000//1903 1595//1903 1594//1903 1999//1903
f 2003//1904 1597//1904 1596//1904 2002//1904
f 2004//1905 1598//1905 1597//1905 2003//1905
f 2005//1906 1599//1906 1598//1906 2004//1906
f 2006//1907 2005//1907 1997//1907 1998//1907
f 2006//1908 1600//1908 1599//1908 2005//1908
f 2007//1909 1601//1909 1595//1909 2000//1909
f 2008//1910 2007//1910 2000//1910 2001//1910
f 2008//1911 1602//1911 1601//1911 2007//1911
f 2009//1912 2008//1912 2001//1912 2002//1912
f 2009//1913 1603//1913 1602//1913 2008//1913
f 1603//1914 2009//1914 2002//1914 1596//1914
f 2010//1915 1996//1915 1919//1915 1930//1915
f 2013//1916 1998//1916 1997//1916 2012//1916
f 1936//1917 2014//1917 2010//1917 1930//1917
f 2014//1918 1999//1918 1996//1918 2010//1918
f 2015//1919 2000//1919 1999//1919 2014//1919
f 2016//1920 2001//1920 2000//1920 2015//1920
f 2017//1921 2002//1921 2001//1921 2016//1921
f 2018//1922 2003//1922 2002//1922 2017//1922
f 2019//1923 2004//1923 2003//1923 2018//1923
f 2020//1924 2019//1924 2011//1924 2012//1924
f 2020//1925 2005//1925 2004//1925 2019//1925
f 2005//1926 2020//1926 2012//1926 1997//1926
f 2021//1927 2006//1927 1998//1927 2013//1927
f 2024//1928 2012//1928 2011//1928 2023//1928
f 2025//1929 2013//1929 2012//1929 2024//1929
f 2026//1930 2014//1930 1936//1930 1945//1930
f 2027//1931 2015//1931 2014//1931 2026//1931
f 2028//1932 2016//1932 2015//1932 2027//1932
f 2029//1933 2017//1933 2016//1933 2028//1933
f 2030//1934 2018//1934 2017//1934 2029//1934
f 2031//1935 2030//1935 2022//1935 2023//1935
f 2031//1936 2019//1936 2018//1936 2030//1936
f 2019//1937 2031//1937 2023//1937 2011//1937
f 2032//1938 2021//1938 2013//1938 2025//1938
f 2036//1939 2023//1939 2022//1939 2035//1939
f 2037//1940 2024//1940 2023//1940 2036//1940
f 2038//1941 2025//1941 2024//1941 2037//1941
f 2039//1942 2026//1942 1945//1942 1954//1942
f 2040//1943 2027//1943 2026//1943 2039//1943
f 2041//1944 2028//1944 2027//1944 2040//1944
f 2042//1945 2029//1945 2028//1945 2041//1945
f 2043//1946 2042//1946 2034//1946 2035//1946
f 2043//1947 2030//1947 2029//1947 2042//1947
f 2030//1948 2043//1948 2035//1948 2022//1948
f 2044//1949 2045//1949 2038//1949 2037//1949
f 2045//1950 2032//1950 2025//1950 2038//1950
f 2053//1951 2035//1951 2034//1951 2052//1951
f 2054//1952 2036//1952 2035//1952 2053//1952
f 2055//1953 2037//1953 2036//1953 2054//1953
f 2056//1954 2039//1954 1954//1954 1963//1954
f 2057//1955 2040//1955 2039//1955 2056//1955
f 2058//1956 2041//1956 2040//1956 2057//1956
f 2059//1957 2058//1957 2051//1957 2052//1957
f 2059//1958 2042//1958 2041//1958 2058//1958
f 2042//1959 2059//1959 2052//1959 2034//1959
f 2060//1960 2061//1960 2054//1960 2053//1960
f 2061//1961 2062//1961 2055//1961 2054//1961
f 2062//1962 2044//1962 2037//1962 2055//1962
f 2063//1963 2045//1963 2044//1963 2062//1963
f 2064//1964 2065//1964 2063//1964 2062//1964
f 2065//1965 2046//1965 2045//1965 2063//1965
f 2067//1966 2068//1966 2065//1966 2064//1966
f 2068//1967 2047//1967 2046//1967 2065//1967
f 2070//1968 2071//1968 2067//1968 2066//1968
f 2049//1969 2071//1969 2070//1969 2048//1969
f 2071//1970 2072//1970 2068//1970 2067//1970
f 2050//1971 2072//1971 2071//1971 2049//1971
f 2072//1972 2050//1972 2047//1972 2068//1972
f 2075//1973 2052//1973 2051//1973 2074//1973
f 2076//1974 2053//1974 2052//1974 2075//1974
f 2077//1975 2056//1975 1963//1975 1972//1975
f 2078//1976 2057//1976 2056//1976 2077//1976
f 2079//1977 2078//1977 2073//1977 2074//1977
f 2079//1978 2058//1978 2057//1978 2078//1978
f 2058//1979 2079//1979 2074//1979 2051//1979
f 2080//1980 2081//1980 2076//1980 2075//1980
f 2081//1981 2060//1981 2053//1981 2076//1981
f 2082//1982 2061//1982 2060//1982 2081//1982
f 2083//1983 2062//1983 2061//1983 2082//1983
f 2084//1984 2085//1984 2082//1984 2081//1984
f 2085//1985 2086//1985 2083//1985 2082//1985
f 2086//1986 2064//1986 2062//1986 2083//1986
f 2087//1987 2088//1987 2085//1987 2084//1987
f 2088//1988 2089//1988 2086//1988 2085//1988
f 2067//1989 2089//1989 2088//1989 2066//1989
f 2089//1990 2067//1990 2064//1990 2086//1990
f 2091//1991 2092//1991 2088//1991 2087//1991
f 2070//1992 2092//1992 2091//1992 2069//1992
f 2092//1993 2070//1993 2066//1993 2088//1993
f 2095//1994 2074//1994 2073//1994 2094//1994
f 2096//1995 2075//1995 2074//1995 2095//1995
f 2097//1996 2077//1996 1972//1996 1981//1996
f 2098//1997 2097//1997 2093//1997 2094//1997
f 2098//1998 2078//1998 2077//1998 2097//1998
f 2078//1999 2098//1999 2094//1999 2073//1999
f 2099//2000 2100//2000 2095//2000 2094//2000
f 2100//2001 2101//2001 2096//2001 2095//2001
f 2101//2002 2080//2002 2075//2002 2096//2002
f 2102//2003 2081//2003 2080//2003 2101//2003
f 2103//2004 2104//2004 2102//2004 2101//2004
f 2104//2005 2084//2005 2081//2005 2102//2005
f 2105//2006 2106//2006 2104//2006 2103//2006
f 2106//2007 2087//2007 2084//2007 2104//2007
f 2107//2008 2108//2008 2106//2008 2105//2008
f 2091//2009 2108//2009 2107//2009 2090//2009
f 2108//2010 2091//2010 2087//2010 2106//2010
f 2110//2011 2094//2011 2093//2011 2109//2011
f 2111//2012 2097//2012 1981//2012 1990//2012
f 2097//2013 2111//2013 2109//2013 2093//2013
f 2112//2014 2099//2014 2094//2014 2110//2014
f 2113//2015 2100//2015 2099//2015 2112//2015
f 2114//2016 2101//2016 2100//2016 2113//2016
f 2115//2017 2116//2017 2114//2017 2113//2017
f 2116//2018 2103//2018 2101//2018 2114//2018
f 2117//2019 2118//2019 2116//2019 2115//2019
f 2118//2020 2105//2020 2103//2020 2116//2020
f 2119//2021 2120//2021 2118//2021 2117//2021
f 2120//2022 2107//2022 2105//2022 2118//2022
f 2121//2023 1612//2023 1600//2023 2006//2023
f 2123//2024 1613//2024 1612//2024 2121//2024
f 2124//2025 2123//2025 2121//2025 2122//2025
f 2124//2026 1614//2026 1613//2026 2123//2026
f 2125//2027 1616//2027 1614//2027 2124//2027
f 1618//2028 2127//2028 2126//2028 1617//2028
f 2127//2029 1618//2029 1616//2029 2125//2029
f 2128//2030 2121//2030 2006//2030 2021//2030
f 2129//2031 2122//2031 2121//2031 2128//2031
f 2130//2032 2124//2032 2122//2032 2129//2032
f 2131//2033 2125//2033 2124//2033 2130//2033
f 2127//2034 2133//2034 2132//2034 2126//2034
f 2133//2035 2127//2035 2125//2035 2131//2035
f 2134//2036 2128//2036 2021//2036 2032//2036
f 2135//2037 2129//2037 2128//2037 2134//2037
f 2136//2038 2137//2038 2135//2038 2134//2038
f 2137//2039 2130//2039 2129//2039 2135//2039
f 2138//2040 2139//2040 2137//2040 2136//2040
f 2139//2041 2131//2041 2130//2041 2137//2041
f 2140//2042 2141//2042 2139//2042 2138//2042
f 2133//2043 2141//2043 2140//2043 2132//2043
f 2141//2044 2133//2044 2131//2044 2139//2044
f 2142//2045 2134//2045 2032//2045 2045//2045
f 2046//2046 2143//2046 2142//2046 2045//2046
f 2143//2047 2136//2047 2134//2047 2142//2047
f 2047//2048 2144//2048 2143//2048 2046//2048
f 2144//2049 2138//2049 2136//2049 2143//2049
f 2050//2050 2145//2050 2144//2050 2047//2050
f 2140//2051 2145//2051 2050//2051 2033//2051
f 2145//2052 2140//2052 2138//2052 2144//2052
f 1745//2053 2149//2053 2148//2053 1744//2053
f 2149//2054 2150//2054 2147//2054 2146//2054
f 1746//2055 2150//2055 2149//2055 1745//2055
f 2150//2056 1746//2056 1743//2056 2147//2056
f 2151//2057 1747//2057 1744//2057 2148//2057
f 2152//2058 1748//2058 1747//2058 2151//2058
f 2154//2059 1749//2059 1748//2059 2152//2059
f 2155//2060 2154//2060 2152//2060 2153//2060
f 2155//2061 1750//2061 1749//2061 2154//2061
f 2157//2062 1751//2062 1750//2062 2155//2062
f 2158//2063 2157//2063 2155//2063 2156//2063
f 2158//2064 1752//2064 1751//2064 2157//2064
f 2159//2065 1753//2065 1752//2065 2158//2065
f 2147//2066 2161//2066 2160//2066 2146//2066
f 2149//2067 2163//2067 2162//2067 2148//2067
f 2163//2068 2149//2068 2146//2068 2160//2068
f 2164//2069 2151//2069 2148//2069 2162//2069
f 2165//2070 2152//2070 2151//2070 2164//2070
f 2166//2071 2153//2071 2152//2071 2165//2071
f 2167//2072 2155//2072 2153//2072 2166//2072
f 2168//2073 2156//2073 2155//2073 2167//2073
f 2169//2074 2158//2074 2156//2074 2168//2074
f 2161//2075 2172//2075 2171//2075 2160//2075
f 2173//2076 2174//2076 2171//2076 2170//2076
f 2163//2077 2174//2077 2173//2077 2162//2077
f 2174//2078 2163//2078 2160//2078 2171//2078
f 2175//2079 2164//2079 2162//2079 2173//2079
f 2176//2080 2165//2080 2164//2080 2175//2080
f 2177//2081 2166//2081 2165//2081 2176//2081
f 2178//2082 2167//2082 2166//2082 2177//2082
f 2179//2083 2168//2083 2167//2083 2178//2083
f 2180//2084 2169//2084 2168//2084 2179//2084
f 2181//2085 2182//2085 2049//2085 2048//2085
f 2171//2086 2182//2086 2181//2086 2170//2086
f 2182//2087 2183//2087 2050//2087 2049//2087
f 2172//2088 2183//2088 2182//2088 2171//2088
f 2183//2089 2172//2089 2033//2089 2050//2089
f 2184//2090 2173//2090 2170//2090 2181//2090
f 2185//2091 2175//2091 2173//2091 2184//2091
f 2186//2092 2176//2092 2175//2092 2185//2092
f 2187//2093 2177//2093 2176//2093 2186//2093
f 2188//2094 2178//2094 2177//2094 2187//2094
f 2189//2095 2179//2095 2178//2095 2188//2095
f 2190//2096 2180//2096 2179//2096 2189//2096
f 2191//2097 2192//2097 2070//2097 2069//2097
f 2192//2098 2181//2098 2048//2098 2070//2098
f 2193//2099 2194//2099 2192//2099 2191//2099
f 2194//2100 2184//2100 2181//2100 2192//2100
f 2195//2101 2185//2101 2184//2101 2194//2101
f 2197//2102 2186//2102 2185//2102 2195//2102
f 2198//2103 2197//2103 2195//2103 2196//2103
f 2198//2104 2187//2104 2186//2104 2197//2104
f 2200//2105 2188//2105 2187//2105 2198//2105
f 2201//2106 2200//2106 2198//2106 2199//2106
f 2201//2107 2189//2107 2188//2107 2200//2107
f 2202//2108 2203//2108 2091//2108 2090//2108
f 2203//2109 2191//2109 2069//2109 2091//2109
f 2204//2110 2193//2110 2191//2110 2203//2110
f 2205//2111 2194//2111 2193//2111 2204//2111
f 2206//2112 2195//2112 2194//2112 2205//2112
f 2207//2113 2196//2113 2195//2113 2206//2113
f 2208//2114 2198//2114 2196//2114 2207//2114
f 2209//2115 2199//2115 2198//2115 2208//2115
f 2210//2116 2201//2116 2199//2116 2209//2116
f 2211//2117 2202//2117 2090//2117 2107//2117
f 2212//2118 2203//2118 2202//2118 2211//2118
f 2213//2119 2204//2119 2203//2119 2212//2119
f 2214//2120 2205//2120 2204//2120 2213//2120
f 2215//2121 2206//2121 2205//2121 2214//2121
f 2216//2122 2207//2122 2206//2122 2215//2122
f 2217//2123 2208//2123 2207//2123 2216//2123
f 2218//2124 2209//2124 2208//2124 2217//2124
f 2219//2125 2210//2125 2209//2125 2218//2125
f 2220//2126 2211//2126 2107//2126 2120//2126
f 2221//2127 2212//2127 2211//2127 2220//2127
f 2222//2128 2223//2128 2221//2128 2220//2128
f 2223//2129 2213//2129 2212//2129 2221//2129
f 2224//2130 2214//2130 2213//2130 2223//2130
f 2225//2131 2215//2131 2214//2131 2224//2131
f 2226//2132 2216//2132 2215//2132 2225//2132
f 2227//2133 2217//2133 2216//2133 2226//2133
f 2228//2134 2218//2134 2217//2134 2227//2134
f 2229//2135 2219//2135 2218//2135 2228//2135
f 1761//2136 2230//2136 2147//2136 1743//2136
f 2230//2137 1761//2137 1617//2137 2126//2137
f 2232//2138 2159//2138 2158//2138 2231//2138
f 2232//2139 1762//2139 1753//2139 2159//2139
f 2234//2140 1763//2140 1762//2140 2232//2140
f 2235//2141 2234//2141 2232//2141 2233//2141
f 2235//2142 1764//2142 1763//2142 2234//2142
f 2230//2143 2237//2143 2161//2143 2147//2143
f 2237//2144 2230//2144 2126//2144 2132//2144
f 2238//2145 2231//2145 2158//2145 2169//2145
f 2239//2146 2232//2146 2231//2146 2238//2146
f 2240//2147 2233//2147 2232//2147 2239//2147
f 2241//2148 2235//2148 2233//2148 2240//2148
f 2242//2149 2236//2149 2235//2149 2241//2149
f 2172//2150 2243//2150 2140//2150 2033//2150
f 2237//2151 2243//2151 2172//2151 2161//2151
f 2243//2152 2237//2152 2132//2152 2140//2152
f 2244//2153 2238//2153 2169//2153 2180//2153
f 2245//2154 2239//2154 2238//2154 2244//2154
f 2246//2155 2240//2155 2239//2155 2245//2155
f 2248//2156 2241//2156 2240//2156 2246//2156
f 2249//2157 2248//2157 2246//2157 2247//2157
f 2249//2158 2242//2158 2241//2158 2248//2158
f 2251//2159 2190//2159 2189//2159 2250//2159
f 2251//2160 2244//2160 2180//2160 2190//2160
f 2253//2161 2245//2161 2244//2161 2251//2161
f 2254//2162 2253//2162 2251//2162 2252//2162
f 2254//2163 2246//2163 2245//2163 2253//2163
f 2255//2164 2247//2164 2246//2164 2254//2164
f 2256//2165 2249//2165 2247//2165 2255//2165
f 2258//2166 2250//2166 2189//2166 2201//2166
f 2259//2167 2251//2167 2250//2167 2258//2167
f 2260//2168 2252//2168 2251//2168 2259//2168
f 2261//2169 2254//2169 2252//2169 2260//2169
f 2262//2170 2255//2170 2254//2170 2261//2170
f 2263//2171 2256//2171 2255//2171 2262//2171
f 2264//2172 2257//2172 2256//2172 2263//2172
f 2265//2173 2258//2173 2201//2173 2210//2173
f 2266//2174 2259//2174 2258//2174 2265//2174
f 2267//2175 2260//2175 2259//2175 2266//2175
f 2268//2176 2261//2176 2260//2176 2267//2176
f 2269//2177 2262//2177 2261//2177 2268//2177
f 2270//2178 2263//2178 2262//2178 2269//2178
f 2271//2179 2264//2179 2263//2179 2270//2179
f 2272//2180 2265//2180 2210//2180 2219//2180
f 2273//2181 2266//2181 2265//2181 2272//2181
f 2274//2182 2267//2182 2266//2182 2273//2182
f 2275//2183 2268//2183 2267//2183 2274//2183
f 2276//2184 2269//2184 2268//2184 2275//2184
f 2277//2185 2270//2185 2269//2185 2276//2185
f 2278//2186 2271//2186 2270//2186 2277//2186
f 2279//2187 2272//2187 2219//2187 2229//2187
f 2280//2188 2273//2188 2272//2188 2279//2188
f 2281//2189 2274//2189 2273//2189 2280//2189
f 2282//2190 2275//2190 2274//2190 2281//2190
f 2283//2191 2276//2191 2275//2191 2282//2191
f 2284//2192 2277//2192 2276//2192 2283//2192
f 2285//2193 2278//2193 2277//2193 2284//2193
f 2286//2194 1900//2194 1764//2194 2235//2194
f 2287//2195 2286//2195 2235//2195 2236//2195
f 2287//2196 1901//2196 1900//2196 2286//2196
f 2289//2197 1902//2197 1901//2197 2287//2197
f 2290//2198 2289//2198 2287//2198 2288//2198
f 2290//2199 1903//2199 1902//2199 2289//2199
f 2292//2200 1904//2200 1903//2200 2290//2200
f 2293//2201 2292//2201 2290//2201 2291//2201
f 2293//2202 1905//2202 1904//2202 2292//2202
f 2294//2203 1906//2203 1905//2203 2293//2203
f 2295//2204 1907//2204 1906//2204 2294//2204
f 2296//2205 1909//2205 1907//2205 2295//2205
f 2297//2206 1910//2206 1909//2206 2296//2206
f 2299//2207 1911//2207 1910//2207 2297//2207
f 2300//2208 2299//2208 2297//2208 2298//2208
f 2300//2209 1912//2209 1911//2209 2299//2209
f 2301//2210 1914//2210 1912//2210 2300//2210
f 2302//2211 2287//2211 2236//2211 2242//2211
f 2303//2212 2288//2212 2287//2212 2302//2212
f 2304//2213 2290//2213 2288//2213 2303//2213
f 2305//2214 2291//2214 2290//2214 2304//2214
f 2306//2215 2293//2215 2291//2215 2305//2215
f 2308//2216 2294//2216 2293//2216 2306//2216
f 2309//2217 2308//2217 2306//2217 2307//2217
f 2309//2218 2295//2218 2294//2218 2308//2218
f 2310//2219 2296//2219 2295//2219 2309//2219
f 2312//2220 2297//2220 2296//2220 2310//2220
f 2313//2221 2312//2221 2310//2221 2311//2221
f 2313//2222 2298//2222 2297//2222 2312//2222
f 2314//2223 2300//2223 2298//2223 2313//2223
f 2315//2224 2301//2224 2300//2224 2314//2224
f 2316//2225 2302//2225 2242//2225 2249//2225
f 2317//2226 2303//2226 2302//2226 2316//2226
f 2318//2227 2304//2227 2303//2227 2317//2227
f 2319//2228 2305//2228 2304//2228 2318//2228
f 2320//2229 2306//2229 2305//2229 2319//2229
f 2321//2230 2307//2230 2306//2230 2320//2230
f 2322//2231 2309//2231 2307//2231 2321//2231
f 2323//2232 2310//2232 2309//2232 2322//2232
f 2324//2233 2311//2233 2310//2233 2323//2233
f 2325//2234 2313//2234 2311//2234 2324//2234
f 2326//2235 2314//2235 2313//2235 2325//2235
f 2327//2236 2315//2236 2314//2236 2326//2236
f 2328//2237 2316//2237 2249//2237 2256//2237
f 2329//2238 2328//2238 2256//2238 2257//2238
f 2329//2239 2317//2239 2316//2239 2328//2239
f 2331//2240 2318//2240 2317//2240 2329//2240
f 2332//2241 2331//2241 2329//2241 2330//2241
f 2332//2242 2319//2242 2318//2242 2331//2242
f 2333//2243 2320//2243 2319//2243 2332//2243
f 2334//2244 2321//2244 2320//2244 2333//2244
f 2335//2245 2322//2245 2321//2245 2334//2245
f 2336//2246 2323//2246 2322//2246 2335//2246
f 2337//2247 2324//2247 2323//2247 2336//2247
f 2338//2248 2325//2248 2324//2248 2337//2248
f 2339//2249 2326//2249 2325//2249 2338//2249
f 2340//2250 2327//2250 2326//2250 2339//2250
f 2341//2251 2329//2251 2257//2251 2264//2251
f 2342//2252 2330//2252 2329//2252 2341//2252
f 2343//2253 2332//2253 2330//2253 2342//2253
f 2344//2254 2333//2254 2332//2254 2343//2254
f 2345//2255 2334//2255 2333//2255 2344//2255
f 2346//2256 2335//2256 2334//2256 2345//2256
f 2347//2257 2336//2257 2335//2257 2346//2257
f 2348//2258 2337//2258 2336//2258 2347//2258
f 2349//2259 2338//2259 2337//2259 2348//2259
f 2350//2260 2339//2260 2338//2260 2349//2260
f 2351//2261 2340//2261 2339//2261 2350//2261
f 2353//2262 2341//2262 2264//2262 2271//2262
f 2354//2263 2342//2263 2341//2263 2353//2263
f 2355//2264 2343//2264 2342//2264 2354//2264
f 2357//2265 2344//2265 2343//2265 2355//2265
f 2358//2266 2357//2266 2355//2266 2356//2266
f 2358//2267 2345//2267 2344//2267 2357//2267
f 2359//2268 2346//2268 2345//2268 2358//2268
f 2360//2269 2347//2269 2346//2269 2359//2269
f 2361//2270 2348//2270 2347//2270 2360//2270
f 2362//2271 2349//2271 2348//2271 2361//2271
f 2363//2272 2350//2272 2349//2272 2362//2272
f 2364//2273 2351//2273 2350//2273 2363//2273
f 2365//2274 2352//2274 2351//2274 2364//2274
f 2366//2275 2353//2275 2271//2275 2278//2275
f 2367//2276 2354//2276 2353//2276 2366//2276
f 2368//2277 2355//2277 2354//2277 2367//2277
f 2369//2278 2356//2278 2355//2278 2368//2278
f 2370//2279 2358//2279 2356//2279 2369//2279
f 2371//2280 2359//2280 2358//2280 2370//2280
f 2373//2281 2360//2281 2359//2281 2371//2281
f 2374//2282 2373//2282 2371//2282 2372//2282
f 2374//2283 2361//2283 2360//2283 2373//2283
f 2375//2284 2362//2284 2361//2284 2374//2284
f 2376//2285 2363//2285 2362//2285 2375//2285
f 2378//2286 2364//2286 2363//2286 2376//2286
f 2379//2287 2378//2287 2376//2287 2377//2287
f 2379//2288 2365//2288 2364//2288 2378//2288
f 2380//2289 2366//2289 2278//2289 2285//2289
f 2381//2290 2367//2290 2366//2290 2380//2290
f 2382//2291 2368//2291 2367//2291 2381//2291
f 2383//2292 2369//2292 2368//2292 2382//2292
f 2384//2293 2370//2293 2369//2293 2383//2293
f 2385//2294 2371//2294 2370//2294 2384//2294
f 2386//2295 2372//2295 2371//2295 2385//2295
f 2387//2296 2374//2296 2372//2296 2386//2296
f 2388//2297 2375//2297 2374//2297 2387//2297
f 2389//2298 2376//2298 2375//2298 2388//2298
f 2390//2299 2377//2299 2376//2299 2389//2299
f 2391//2300 2379//2300 2377//2300 2390//2300
f 2395//2301 2393//2301 2392//2301 2394//2301
f 2400//2302 2399//2302 2396//2302 2397//2302
f 2401//2303 2400//2303 2397//2303 2398//2303
f 2401//2304 2395//2304 2394//2304 2400//2304
f 2403//2305 2406//2305 2405//2305 2402//2305
f 2404//2306 2407//2306 2406//2306 2403//2306
f 2411//2307 2410//2307 2408//2307 2409//2307
f 2413//2308 2412//2308 2410//2308 2411//2308
f 2406//2309 2413//2309 2411//2309 2405//2309
f 2407//2310 2414//2310 2413//2310 2406//2310
f 2416//2311 2415//2311 2392//2311 2393//2311
f 2416//2312 2409//2312 2408//2312 2415//2312
f 2410//2313 2417//2313 2415//2313 2408//2313
f 2412//2314 2418//2314 2417//2314 2410//2314
f 2413//2315 2419//2315 2418//2315 2412//2315
f 2415//2316 2420//2316 2394//2316 2392//2316
f 2421//2317 2416//2317 2393//2317 2395//2317
f 2417//2318 2422//2318 2420//2318 2415//2318
f 2418//2319 2424//2319 2422//2319 2417//2319
f 2424//2320 2425//2320 2423//2320 2422//2320
f 2419//2321 2425//2321 2424//2321 2418//2321
f 2427//2322 2426//2322 2399//2322 2400//2322
f 2420//2323 2427//2323 2400//2323 2394//2323
f 2428//2324 2421//2324 2395//2324 2401//2324
f 2422//2325 2429//2325 2427//2325 2420//2325
f 2423//2326 2430//2326 2429//2326 2422//2326
f 2425//2327 2431//2327 2430//2327 2423//2327
f 2436//2328 2435//2328 2432//2328 2433//2328
f 2436//2329 2397//2329 2396//2329 2435//2329
f 2437//2330 2436//2330 2433//2330 2434//2330
f 2437//2331 2398//2331 2397//2331 2436//2331
f 2399//2332 2438//2332 2435//2332 2396//2332
f 2439//2333 2401//2333 2398//2333 2437//2333
f 2441//2334 2433//2334 2432//2334 2440//2334
f 2442//2335 2434//2335 2433//2335 2441//2335
f 2435//2336 2443//2336 2440//2336 2432//2336
f 2444//2337 2437//2337 2434//2337 2442//2337
f 2438//2338 2445//2338 2443//2338 2435//2338
f 2446//2339 2439//2339 2437//2339 2444//2339
f 2450//2340 2449//2340 2447//2340 2448//2340
f 2450//2341 2441//2341 2440//2341 2449//2341
f 2451//2342 2442//2342 2441//2342 2450//2342
f 2443//2343 2452//2343 2449//2343 2440//2343
f 2453//2344 2444//2344 2442//2344 2451//2344
f 2445//2345 2454//2345 2452//2345 2443//2345
f 2456//2346 2446//2346 2444//2346 2453//2346
f 2458//2347 2448//2347 2447//2347 2457//2347
f 2449//2348 2460//2348 2457//2348 2447//2348
f 2461//2349 2450//2349 2448//2349 2458//2349
f 2462//2350 2461//2350 2458//2350 2459//2350
f 2462//2351 2451//2351 2450//2351 2461//2351
f 2452//2352 2463//2352 2460//2352 2449//2352
f 2464//2353 2453//2353 2451//2353 2462//2353
f 2454//2354 2465//2354 2463//2354 2452//2354
f 2455//2355 2466//2355 2465//2355 2454//2355
f 2468//2356 2458//2356 2457//2356 2467//2356
f 2469//2357 2459//2357 2458//2357 2468//2357
f 2460//2358 2470//2358 2467//2358 2457//2358
f 2471//2359 2462//2359 2459//2359 2469//2359
f 2463//2360 2472//2360 2470//2360 2460//2360
f 2465//2361 2473//2361 2472//2361 2463//2361
f 2466//2362 2474//2362 2473//2362 2465//2362
f 2482//2363 2481//2363 2478//2363 2479//2363
f 2482//2364 2468//2364 2467//2364 2481//2364
f 2483//2365 2482//2365 2479//2365 2480//2365
f 2483//2366 2469//2366 2468//2366 2482//2366
f 2470//2367 2484//2367 2481//2367 2467//2367
f 2472//2368 2485//2368 2484//2368 2470//2368
f 2473//2369 2487//2369 2485//2369 2472//2369
f 2487//2370 2488//2370 2486//2370 2485//2370
f 2474//2371 2488//2371 2487//2371 2473//2371
f 2490//2372 2489//2372 5//2372 6//2372
f 2492//2373 2491//2373 2489//2373 2490//2373
f 2476//2374 2492//2374 2490//2374 2475//2374
f 2494//2375 2493//2375 2491//2375 2492//2375
f 2477//2376 2494//2376 2492//2376 2476//2376
f 2496//2377 2479//2377 2478//2377 2495//2377
f 2497//2378 2496//2378 2493//2378 2494//2378
f 2497//2379 2480//2379 2479//2379 2496//2379
f 2480//2380 2497//2380 2494//2380 2477//2380
f 2481//2381 2498//2381 2495//2381 2478//2381
f 2484//2382 2499//2382 2498//2382 2481//2382
f 2485//2383 2500//2383 2499//2383 2484//2383
f 2486//2384 2501//2384 2500//2384 2485//2384
f 2488//2385 2502//2385 2501//2385 2486//2385
f 2489//2386 2503//2386 17//2386 5//2386
f 2491//2387 2505//2387 2503//2387 2489//2387
f 2507//2388 2506//2388 2504//2388 2505//2388
f 2493//2389 2507//2389 2505//2389 2491//2389
f 2509//2390 2508//2390 2506//2390 2507//2390
f 2509//2391 2496//2391 2495//2391 2508//2391
f 2496//2392 2509//2392 2507//2392 2493//2392
f 2498//2393 2510//2393 2508//2393 2495//2393
f 2499//2394 2511//2394 2510//2394 2498//2394
f 2500//2395 2512//2395 2511//2395 2499//2395
f 2501//2396 2513//2396 2512//2396 2500//2396
f 2502//2397 2514//2397 2513//2397 2501//2397
f 2426//2398 2515//2398 2438//2398 2399//2398
f 2427//2399 2516//2399 2515//2399 2426//2399
f 2429//2400 2517//2400 2516//2400 2427//2400
f 2430//2401 2518//2401 2517//2401 2429//2401
f 2431//2402 2519//2402 2518//2402 2430//2402
f 2515//2403 2520//2403 2445//2403 2438//2403
f 2516//2404 2521//2404 2520//2404 2515//2404
f 2517//2405 2523//2405 2521//2405 2516//2405
f 2523//2406 2524//2406 2522//2406 2521//2406
f 2518//2407 2524//2407 2523//2407 2517//2407
f 2520//2408 2525//2408 2454//2408 2445//2408
f 2525//2409 2526//2409 2455//2409 2454//2409
f 2521//2410 2526//2410 2525//2410 2520//2410
f 2522//2411 2527//2411 2526//2411 2521//2411
f 2524//2412 2528//2412 2527//2412 2522//2412
f 2526//2413 2529//2413 2466//2413 2455//2413
f 2527//2414 2530//2414 2529//2414 2526//2414
f 2529//2415 2531//2415 2474//2415 2466//2415
f 2530//2416 2532//2416 2531//2416 2529//2416
f 2531//2417 2533//2417 2488//2417 2474//2417
f 2532//2418 2534//2418 2533//2418 2531//2418
f 2533//2419 2535//2419 2502//2419 2488//2419
f 2534//2420 2536//2420 2535//2420 2533//2420
f 2535//2421 2538//2421 2514//2421 2502//2421
f 2536//2422 2539//2422 2538//2422 2535//2422
f 2537//2423 2540//2423 2539//2423 2536//2423
f 2542//2424 2541//2424 163//2424 164//2424
f 2503//2425 2542//2425 164//2425 17//2425
f 2544//2426 2543//2426 2541//2426 2542//2426
f 2544//2427 2505//2427 2504//2427 2543//2427
f 2505//2428 2544//2428 2542//2428 2503//2428
f 2506//2429 2545//2429 2543//2429 2504//2429
f 2508//2430 2546//2430 2545//2430 2506//2430
f 2510//2431 2547//2431 2546//2431 2508//2431
f 2511//2432 2548//2432 2547//2432 2510//2432
f 2512//2433 2549//2433 2548//2433 2511//2433
f 2513//2434 2550//2434 2549//2434 2512//2434
f 2514//2435 2551//2435 2550//2435 2513//2435
f 2541//2436 2553//2436 179//2436 163//2436
f 2555//2437 2554//2437 2552//2437 2553//2437
f 2543//2438 2555//2438 2553//2438 2541//2438
f 2545//2439 2556//2439 2555//2439 2543//2439
f 2546//2440 2557//2440 2556//2440 2545//2440
f 2547//2441 2558//2441 2557//2441 2546//2441
f 2548//2442 2559//2442 2558//2442 2547//2442
f 2549//2443 2560//2443 2559//2443 2548//2443
f 2550//2444 2561//2444 2560//2444 2549//2444
f 2563//2445 2562//2445 2560//2445 2561//2445
f 2551//2446 2563//2446 2561//2446 2550//2446
f 2565//2447 2564//2447 193//2447 194//2447
f 2565//2448 2553//2448 2552//2448 2564//2448
f 2553//2449 2565//2449 194//2449 179//2449
f 2554//2450 2566//2450 2564//2450 2552//2450
f 2555//2451 2567//2451 2566//2451 2554//2451
f 2569//2452 2568//2452 2566//2452 2567//2452
f 2556//2453 2569//2453 2567//2453 2555//2453
f 2571//2454 2570//2454 2568//2454 2569//2454
f 2557//2455 2571//2455 2569//2455 2556//2455
f 2573//2456 2572//2456 2570//2456 2571//2456
f 2558//2457 2573//2457 2571//2457 2557//2457
f 2575//2458 2574//2458 2572//2458 2573//2458
f 2559//2459 2575//2459 2573//2459 2558//2459
f 2560//2460 2576//2460 2575//2460 2559//2460
f 2562//2461 2577//2461 2576//2461 2560//2461
f 2563//2462 2578//2462 2577//2462 2562//2462
f 2564//2463 2580//2463 206//2463 193//2463
f 2582//2464 2581//2464 2579//2464 2580//2464
f 2566//2465 2582//2465 2580//2465 2564//2465
f 2568//2466 2583//2466 2582//2466 2566//2466
f 2570//2467 2584//2467 2583//2467 2568//2467
f 2572//2468 2585//2468 2584//2468 2570//2468
f 2574//2469 2586//2469 2585//2469 2572//2469
f 2575//2470 2587//2470 2586//2470 2574//2470
f 2589//2471 2588//2471 2586//2471 2587//2471
f 2576//2472 2589//2472 2587//2472 2575//2472
f 2591//2473 2590//2473 2588//2473 2589//2473
f 2577//2474 2591//2474 2589//2474 2576//2474
f 2593//2475 2592//2475 220//2475 221//2475
f 2593//2476 2580//2476 2579//2476 2592//2476
f 2580//2477 2593//2477 221//2477 206//2477
f 2581//2478 2594//2478 2592//2478 2579//2478
f 2582//2479 2595//2479 2594//2479 2581//2479
f 2597//2480 2596//2480 2594//2480 2595//2480
f 2583//2481 2597//2481 2595//2481 2582//2481
f 2599//2482 2598//2482 2596//2482 2597//2482
f 2584//2483 2599//2483 2597//2483 2583//2483
f 2601//2484 2600//2484 2598//2484 2599//2484
f 2585//2485 2601//2485 2599//2485 2584//2485
f 2603//2486 2602//2486 2600//2486 2601//2486
f 2586//2487 2603//2487 2601//2487 2585//2487
f 2605//2488 2604//2488 2602//2488 2603//2488
f 2588//2489 2605//2489 2603//2489 2586//2489
f 2590//2490 2606//2490 2605//2490 2588//2490
f 2591//2491 2607//2491 2606//2491 2590//2491
f 2609//2492 2608//2492 235//2492 236//2492
f 2592//2493 2609//2493 236//2493 220//2493
f 2611//2494 2610//2494 2608//2494 2609//2494
f 2594//2495 2611//2495 2609//2495 2592//2495
f 2613//2496 2612//2496 2610//2496 2611//2496
f 2596//2497 2613//2497 2611//2497 2594//2497
f 2615//2498 2614//2498 2612//2498 2613//2498
f 2598//2499 2615//2499 2613//2499 2596//2499
f 2617//2500 2616//2500 2614//2500 2615//2500
f 2600//2501 2617//2501 2615//2501 2598//2501
f 2619//2502 2618//2502 2616//2502 2617//2502
f 2602//2503 2619//2503 2617//2503 2600//2503
f 2604//2504 2620//2504 2619//2504 2602//2504
f 2605//2505 2621//2505 2620//2505 2604//2505
f 2623//2506 2622//2506 2620//2506 2621//2506
f 2606//2507 2623//2507 2621//2507 2605//2507
f 2625//2508 2624//2508 251//2508 252//2508
f 2608//2509 2625//2509 252//2509 235//2509
f 2627//2510 2626//2510 2624//2510 2625//2510
f 2610//2511 2627//2511 2625//2511 2608//2511
f 2629//2512 2628//2512 2626//2512 2627//2512
f 2612//2513 2629//2513 2627//2513 2610//2513
f 2614//2514 2630//2514 2629//2514 2612//2514
f 2616//2515 2631//2515 2630//2515 2614//2515
f 2618//2516 2632//2516 2631//2516 2616//2516
f 2619//2517 2633//2517 2632//2517 2618//2517
f 2635//2518 2634//2518 2632//2518 2633//2518
f 2620//2519 2635//2519 2633//2519 2619//2519
f 2637//2520 2636//2520 2634//2520 2635//2520
f 2622//2521 2637//2521 2635//2521 2620//2521
f 2624//2522 2638//2522 268//2522 251//2522
f 2626//2523 2639//2523 2638//2523 2624//2523
f 2628//2524 2640//2524 2639//2524 2626//2524
f 2629//2525 2641//2525 2640//2525 2628//2525
f 2643//2526 2642//2526 2640//2526 2641//2526
f 2630//2527 2643//2527 2641//2527 2629//2527
f 2645//2528 2644//2528 2642//2528 2643//2528
f 2631//2529 2645//2529 2643//2529 2630//2529
f 2647//2530 2646//2530 2644//2530 2645//2530
f 2632//2531 2647//2531 2645//2531 2631//2531
f 2649//2532 2648//2532 2646//2532 2647//2532
f 2634//2533 2649//2533 2647//2533 2632//2533
f 2636//2534 2650//2534 2649//2534 2634//2534
f 2637//2535 2651//2535 2650//2535 2636//2535
f 2538//2536 2652//2536 2551//2536 2514//2536
f 2539//2537 2653//2537 2652//2537 2538//2537
f 2540//2538 2654//2538 2653//2538 2539//2538
f 2652//2539 2655//2539 2563//2539 2551//2539
f 2653//2540 2656//2540 2655//2540 2652//2540
f 2658//2541 2657//2541 2655//2541 2656//2541
f 2654//2542 2658//2542 2656//2542 2653//2542
f 2661//2543 2660//2543 2577//2543 2578//2543
f 2655//2544 2661//2544 2578//2544 2563//2544
f 2657//2545 2662//2545 2661//2545 2655//2545
f 2658//2546 2663//2546 2662//2546 2657//2546
f 2659//2547 2664//2547 2663//2547 2658//2547
f 2660//2548 2666//2548 2591//2548 2577//2548
f 2661//2549 2667//2549 2666//2549 2660//2549
f 2669//2550 2668//2550 2666//2550 2667//2550
f 2662//2551 2669//2551 2667//2551 2661//2551
f 2663//2552 2670//2552 2669//2552 2662//2552
f 2672//2553 2671//2553 2669//2553 2670//2553
f 2664//2554 2672//2554 2670//2554 2663//2554
f 2665//2555 2673//2555 2672//2555 2664//2555
f 2676//2556 2675//2556 2606//2556 2607//2556
f 2666//2557 2676//2557 2607//2557 2591//2557
f 2668//2558 2677//2558 2676//2558 2666//2558
f 2669//2559 2678//2559 2677//2559 2668//2559
f 2680//2560 2679//2560 2677//2560 2678//2560
f 2671//2561 2680//2561 2678//2561 2669//2561
f 2672//2562 2681//2562 2680//2562 2671//2562
f 2683//2563 2682//2563 2680//2563 2681//2563
f 2673//2564 2683//2564 2681//2564 2672//2564
f 2685//2565 2684//2565 2682//2565 2683//2565
f 2674//2566 2685//2566 2683//2566 2673//2566
f 2688//2567 2687//2567 2622//2567 2623//2567
f 2675//2568 2688//2568 2623//2568 2606//2568
f 2676//2569 2689//2569 2688//2569 2675//2569
f 2691//2570 2690//2570 2688//2570 2689//2570
f 2677//2571 2691//2571 2689//2571 2676//2571
f 2693//2572 2692//2572 2690//2572 2691//2572
f 2679//2573 2693//2573 2691//2573 2677//2573
f 2680//2574 2694//2574 2693//2574 2679//2574
f 2696//2575 2695//2575 2693//2575 2694//2575
f 2682//2576 2696//2576 2694//2576 2680//2576
f 2698//2577 2697//2577 2695//2577 2696//2577
f 2684//2578 2698//2578 2696//2578 2682//2578
f 2685//2579 2699//2579 2698//2579 2684//2579
f 2701//2580 2700//2580 2698//2580 2699//2580
f 2686//2581 2701//2581 2699//2581 2685//2581
f 2687//2582 2703//2582 2637//2582 2622//2582
f 2688//2583 2704//2583 2703//2583 2687//2583
f 2706//2584 2705//2584 2703//2584 2704//2584
f 2690//2585 2706//2585 2704//2585 2688//2585
f 2708//2586 2707//2586 2705//2586 2706//2586
f 2692//2587 2708//2587 2706//2587 2690//2587
f 2693//2588 2709//2588 2708//2588 2692//2588
f 2711//2589 2710//2589 2708//2589 2709//2589
f 2695//2590 2711//2590 2709//2590 2693//2590
f 2697//2591 2712//2591 2711//2591 2695//2591
f 2698//2592 2713//2592 2712//2592 2697//2592
f 2715//2593 2714//2593 2712//2593 2713//2593
f 2700//2594 2715//2594 2713//2594 2698//2594
f 2701//2595 2716//2595 2715//2595 2700//2595
f 2718//2596 2717//2596 2715//2596 2716//2596
f 2702//2597 2718//2597 2716//2597 2701//2597
f 2720//2598 2719//2598 2650//2598 2651//2598
f 2703//2599 2720//2599 2651//2599 2637//2599
f 2722//2600 2721//2600 2719//2600 2720//2600
f 2705//2601 2722//2601 2720//2601 2703//2601
f 2707//2602 2723//2602 2722//2602 2705//2602
f 2708//2603 2724//2603 2723//2603 2707//2603
f 2726//2604 2725//2604 2723//2604 2724//2604
f 2710//2605 2726//2605 2724//2605 2708//2605
f 2711//2606 2727//2606 2726//2606 2710//2606
f 2729//2607 2728//2607 2726//2607 2727//2607
f 2712//2608 2729//2608 2727//2608 2711//2608
f 2731//2609 2730//2609 2728//2609 2729//2609
f 2714//2610 2731//2610 2729//2610 2712//2610
f 2715//2611 2732//2611 2731//2611 2714//2611
f 2734//2612 2733//2612 2731//2612 2732//2612
f 2717//2613 2734//2613 2732//2613 2715//2613
f 2718//2614 2735//2614 2734//2614 2717//2614
f 2737//2615 2740//2615 888//2615 874//2615
f 2738//2616 2741//2616 2740//2616 2737//2616
f 2739//2617 2742//2617 2741//2617 2738//2617
f 2746//2618 2745//2618 902//2618 903//2618
f 2740//2619 2746//2619 903//2619 888//2619
f 2748//2620 2747//2620 2745//2620 2746//2620
f 2741//2621 2748//2621 2746//2621 2740//2621
f 2750//2622 2749//2622 2747//2622 2748//2622
f 2742//2623 2750//2623 2748//2623 2741//2623
f 2743//2624 2751//2624 2750//2624 2742//2624
f 2744//2625 2752//2625 2751//2625 2743//2625
f 2745//2626 2755//2626 919//2626 902//2626
f 2747//2627 2756//2627 2755//2627 2745//2627
f 2749//2628 2757//2628 2756//2628 2747//2628
f 2750//2629 2758//2629 2757//2629 2749//2629
f 2760//2630 2759//2630 2757//2630 2758//2630
f 2751//2631 2760//2631 2758//2631 2750//2631
f 2752//2632 2761//2632 2760//2632 2751//2632
f 2753//2633 2762//2633 2761//2633 2752//2633
f 2754//2634 2763//2634 2762//2634 2753//2634
f 2755//2635 2765//2635 933//2635 919//2635
f 2756//2636 2766//2636 2765//2636 2755//2636
f 2757//2637 2767//2637 2766//2637 2756//2637
f 2759//2638 2768//2638 2767//2638 2757//2638
f 2760//2639 2769//2639 2768//2639 2759//2639
f 2771//2640 2770//2640 2768//2640 2769//2640
f 2761//2641 2771//2641 2769//2641 2760//2641
f 2762//2642 2772//2642 2771//2642 2761//2642
f 2763//2643 2773//2643 2772//2643 2762//2643
f 2764//2644 2774//2644 2773//2644 2763//2644
f 2776//2645 2775//2645 945//2645 946//2645
f 2765//2646 2776//2646 946//2646 933//2646
f 2766//2647 2777//2647 2776//2647 2765//2647
f 2767//2648 2778//2648 2777//2648 2766//2648
f 2768//2649 2779//2649 2778//2649 2767//2649
f 2770//2650 2780//2650 2779//2650 2768//2650
f 2771//2651 2781//2651 2780//2651 2770//2651
f 2772//2652 2782//2652 2781//2652 2771//2652
f 2773//2653 2783//2653 2782//2653 2772//2653
f 2774//2654 2784//2654 2783//2654 2773//2654
f 2775//2655 2785//2655 959//2655 945//2655
f 2776//2656 2786//2656 2785//2656 2775//2656
f 2788//2657 2787//2657 2785//2657 2786//2657
f 2777//2658 2788//2658 2786//2658 2776//2658
f 2778//2659 2789//2659 2788//2659 2777//2659
f 2779//2660 2790//2660 2789//2660 2778//2660
f 2780//2661 2791//2661 2790//2661 2779//2661
f 2781//2662 2792//2662 2791//2662 2780//2662
f 2794//2663 2793//2663 2791//2663 2792//2663
f 2782//2664 2794//2664 2792//2664 2781//2664
f 2783//2665 2795//2665 2794//2665 2782//2665
f 2784//2666 2796//2666 2795//2666 2783//2666
f 2798//2667 2797//2667 975//2667 976//2667
f 2638//2668 2798//2668 976//2668 268//2668
f 2800//2669 2799//2669 2797//2669 2798//2669
f 2639//2670 2800//2670 2798//2670 2638//2670
f 2802//2671 2801//2671 2799//2671 2800//2671
f 2640//2672 2802//2672 2800//2672 2639//2672
f 2804//2673 2803//2673 2801//2673 2802//2673
f 2642//2674 2804//2674 2802//2674 2640//2674
f 2806//2675 2805//2675 2803//2675 2804//2675
f 2644//2676 2806//2676 2804//2676 2642//2676
f 2808//2677 2807//2677 2805//2677 2806//2677
f 2646//2678 2808//2678 2806//2678 2644//2678
f 2648//2679 2809//2679 2808//2679 2646//2679
f 2649//2680 2810//2680 2809//2680 2648//2680
f 2812//2681 2811//2681 2809//2681 2810//2681
f 2650//2682 2812//2682 2810//2682 2649//2682
f 2813//2683 2737//2683 874//2683 986//2683
f 2797//2684 2813//2684 986//2684 975//2684
f 2814//2685 2738//2685 2737//2685 2813//2685
f 2799//2686 2814//2686 2813//2686 2797//2686
f 2815//2687 2739//2687 2738//2687 2814//2687
f 2801//2688 2815//2688 2814//2688 2799//2688
f 2803//2689 2816//2689 2815//2689 2801//2689
f 2805//2690 2817//2690 2816//2690 2803//2690
f 2807//2691 2818//2691 2817//2691 2805//2691
f 2808//2692 2819//2692 2818//2692 2807//2692
f 2821//2693 2820//2693 2818//2693 2819//2693
f 2809//2694 2821//2694 2819//2694 2808//2694
f 2823//2695 2822//2695 2820//2695 2821//2695
f 2811//2696 2823//2696 2821//2696 2809//2696
f 2815//2697 2824//2697 2742//2697 2739//2697
f 2825//2698 2743//2698 2742//2698 2824//2698
f 2816//2699 2825//2699 2824//2699 2815//2699
f 2826//2700 2744//2700 2743//2700 2825//2700
f 2817//2701 2826//2701 2825//2701 2816//2701
f 2818//2702 2827//2702 2826//2702 2817//2702
f 2820//2703 2828//2703 2827//2703 2818//2703
f 2822//2704 2829//2704 2828//2704 2820//2704
f 2823//2705 2830//2705 2829//2705 2822//2705
f 2826//2706 2831//2706 2752//2706 2744//2706
f 2832//2707 2753//2707 2752//2707 2831//2707
f 2827//2708 2832//2708 2831//2708 2826//2708
f 2833//2709 2754//2709 2753//2709 2832//2709
f 2828//2710 2833//2710 2832//2710 2827//2710
f 2829//2711 2834//2711 2833//2711 2828//2711
f 2833//2712 2835//2712 2763//2712 2754//2712
f 2836//2713 2764//2713 2763//2713 2835//2713
f 2834//2714 2836//2714 2835//2714 2833//2714
f 2836//2715 2837//2715 2774//2715 2764//2715
f 2837//2716 2838//2716 2784//2716 2774//2716
f 2839//2717 2840//2717 2796//2717 2784//2717
f 2842//2718 2841//2718 2811//2718 2812//2718
f 2719//2719 2842//2719 2812//2719 2650//2719
f 2721//2720 2843//2720 2842//2720 2719//2720
f 2722//2721 2844//2721 2843//2721 2721//2721
f 2846//2722 2845//2722 2843//2722 2844//2722
f 2723//2723 2846//2723 2844//2723 2722//2723
f 2725//2724 2847//2724 2846//2724 2723//2724
f 2726//2725 2848//2725 2847//2725 2725//2725
f 2850//2726 2849//2726 2847//2726 2848//2726
f 2728//2727 2850//2727 2848//2727 2726//2727
f 2730//2728 2851//2728 2850//2728 2728//2728
f 2731//2729 2852//2729 2851//2729 2730//2729
f 2733//2730 2853//2730 2852//2730 2731//2730
f 2734//2731 2854//2731 2853//2731 2733//2731
f 2735//2732 2855//2732 2854//2732 2734//2732
f 2857//2733 2856//2733 2854//2733 2855//2733
f 2736//2734 2857//2734 2855//2734 2735//2734
f 2841//2735 2858//2735 2823//2735 2811//2735
f 2842//2736 2859//2736 2858//2736 2841//2736
f 2861//2737 2860//2737 2858//2737 2859//2737
f 2843//2738 2861//2738 2859//2738 2842//2738
f 2845//2739 2862//2739 2861//2739 2843//2739
f 2846//2740 2863//2740 2862//2740 2845//2740
f 2865//2741 2864//2741 2862//2741 2863//2741
f 2847//2742 2865//2742 2863//2742 2846//2742
f 2849//2743 2866//2743 2865//2743 2847//2743
f 2850//2744 2867//2744 2866//2744 2849//2744
f 2869//2745 2868//2745 2866//2745 2867//2745
f 2851//2746 2869//2746 2867//2746 2850//2746
f 2852//2747 2870//2747 2869//2747 2851//2747
f 2872//2748 2871//2748 2869//2748 2870//2748
f 2853//2749 2872//2749 2870//2749 2852//2749
f 2854//2750 2873//2750 2872//2750 2853//2750
f 2875//2751 2874//2751 2872//2751 2873//2751
f 2856//2752 2875//2752 2873//2752 2854//2752
f 2857//2753 2876//2753 2875//2753 2856//2753
f 2878//2754 2877//2754 2829//2754 2830//2754
f 2858//2755 2878//2755 2830//2755 2823//2755
f 2860//2756 2879//2756 2878//2756 2858//2756
f 2861//2757 2880//2757 2879//2757 2860//2757
f 2882//2758 2881//2758 2879//2758 2880//2758
f 2862//2759 2882//2759 2880//2759 2861//2759
f 2864//2760 2883//2760 2882//2760 2862//2760
f 2865//2761 2884//2761 2883//2761 2864//2761
f 2886//2762 2885//2762 2883//2762 2884//2762
f 2866//2763 2886//2763 2884//2763 2865//2763
f 2868//2764 2887//2764 2886//2764 2866//2764
f 2869//2765 2888//2765 2887//2765 2868//2765
f 2871//2766 2889//2766 2888//2766 2869//2766
f 2872//2767 2890//2767 2889//2767 2871//2767
f 2874//2768 2891//2768 2890//2768 2872//2768
f 2875//2769 2892//2769 2891//2769 2874//2769
f 2876//2770 2893//2770 2892//2770 2875//2770
f 2877//2771 2894//2771 2834//2771 2829//2771
f 2878//2772 2895//2772 2894//2772 2877//2772
f 2897//2773 2896//2773 2894//2773 2895//2773
f 2879//2774 2897//2774 2895//2774 2878//2774
f 2881//2775 2898//2775 2897//2775 2879//2775
f 2882//2776 2899//2776 2898//2776 2881//2776
f 2901//2777 2900//2777 2898//2777 2899//2777
f 2883//2778 2901//2778 2899//2778 2882//2778
f 2885//2779 2902//2779 2901//2779 2883//2779
f 2886//2780 2903//2780 2902//2780 2885//2780
f 2887//2781 2904//2781 2903//2781 2886//2781
f 2888//2782 2905//2782 2904//2782 2887//2782
f 2907//2783 2906//2783 2904//2783 2905//2783
f 2889//2784 2907//2784 2905//2784 2888//2784
f 2890//2785 2908//2785 2907//2785 2889//2785
f 2910//2786 2909//2786 2907//2786 2908//2786
f 2891//2787 2910//2787 2908//2787 2890//2787
f 2892//2788 2911//2788 2910//2788 2891//2788
f 2894//2789 2912//2789 2836//2789 2834//2789
f 2896//2790 2913//2790 2912//2790 2894//2790
f 2897//2791 2914//2791 2913//2791 2896//2791
f 2898//2792 2915//2792 2914//2792 2897//2792
f 2900//2793 2916//2793 2915//2793 2898//2793
f 2901//2794 2917//2794 2916//2794 2900//2794
f 2902//2795 2918//2795 2917//2795 2901//2795
f 2903//2796 2919//2796 2918//2796 2902//2796
f 2921//2797 2920//2797 2918//2797 2919//2797
f 2904//2798 2921//2798 2919//2798 2903//2798
f 2906//2799 2922//2799 2921//2799 2904//2799
f 2907//2800 2923//2800 2922//2800 2906//2800
f 2909//2801 2924//2801 2923//2801 2907//2801
f 2910//2802 2925//2802 2924//2802 2909//2802
f 2912//2803 2926//2803 2837//2803 2836//2803
f 2913//2804 2927//2804 2926//2804 2912//2804
f 2914//2805 2928//2805 2927//2805 2913//2805
f 2930//2806 2929//2806 2927//2806 2928//2806
f 2915//2807 2930//2807 2928//2807 2914//2807
f 2916//2808 2931//2808 2930//2808 2915//2808
f 2917//2809 2932//2809 2931//2809 2916//2809
f 2934//2810 2933//2810 2931//2810 2932//2810
f 2918//2811 2934//2811 2932//2811 2917//2811
f 2920//2812 2935//2812 2934//2812 2918//2812
f 2921//2813 2936//2813 2935//2813 2920//2813
f 2922//2814 2937//2814 2936//2814 2921//2814
f 2923//2815 2938//2815 2937//2815 2922//2815
f 2924//2816 2939//2816 2938//2816 2923//2816
f 2925//2817 2940//2817 2939//2817 2924//2817
f 2941//2818 2839//2818 2784//2818 2838//2818
f 2926//2819 2941//2819 2838//2819 2837//2819
f 2927//2820 2942//2820 2941//2820 2926//2820
f 2929//2821 2943//2821 2942//2821 2927//2821
f 2930//2822 2944//2822 2943//2822 2929//2822
f 2931//2823 2945//2823 2944//2823 2930//2823
f 2933//2824 2946//2824 2945//2824 2931//2824
f 2934//2825 2947//2825 2946//2825 2933//2825
f 2935//2826 2948//2826 2947//2826 2934//2826
f 2936//2827 2949//2827 2948//2827 2935//2827
f 2937//2828 2950//2828 2949//2828 2936//2828
f 2938//2829 2951//2829 2950//2829 2937//2829
f 2953//2830 2952//2830 2950//2830 2951//2830
f 2939//2831 2953//2831 2951//2831 2938//2831
f 2940//2832 2954//2832 2953//2832 2939//2832
f 2941//2833 2955//2833 2840//2833 2839//2833
f 2942//2834 2956//2834 2955//2834 2941//2834
f 2943//2835 2957//2835 2956//2835 2942//2835
f 2944//2836 2958//2836 2957//2836 2943//2836
f 2945//2837 2959//2837 2958//2837 2944//2837
f 2946//2838 2960//2838 2959//2838 2945//2838
f 2947//2839 2961//2839 2960//2839 2946//2839
f 2948//2840 2962//2840 2961//2840 2947//2840
f 2949//2841 2963//2841 2962//2841 2948//2841
f 2950//2842 2964//2842 2963//2842 2949//2842
f 2952//2843 2965//2843 2964//2843 2950//2843
f 2953//2844 2966//2844 2965//2844 2952//2844
f 2954//2845 2967//2845 2966//2845 2953//2845
f 2970//2846 2969//2846 2892//2846 2893//2846
f 2968//2847 2970//2847 2893//2847 2876//2847
f 2972//2848 2971//2848 2910//2848 2911//2848
f 2969//2849 2972//2849 2911//2849 2892//2849
f 2970//2850 2973//2850 2972//2850 2969//2850
f 2971//2851 2975//2851 2925//2851 2910//2851
f 2972//2852 2976//2852 2975//2852 2971//2852
f 2973//2853 2977//2853 2976//2853 2972//2853
f 2974//2854 2978//2854 2977//2854 2973//2854
f 2975//2855 2979//2855 2940//2855 2925//2855
f 2976//2856 2980//2856 2979//2856 2975//2856
f 2977//2857 2981//2857 2980//2857 2976//2857
f 2983//2858 2982//2858 2980//2858 2981//2858
f 2978//2859 2983//2859 2981//2859 2977//2859
f 2979//2860 2984//2860 2954//2860 2940//2860
f 2980//2861 2985//2861 2984//2861 2979//2861
f 2982//2862 2986//2862 2985//2862 2980//2862
f 2983//2863 2987//2863 2986//2863 2982//2863
f 2989//2864 2988//2864 2966//2864 2967//2864
f 2984//2865 2989//2865 2967//2865 2954//2865
f 2985//2866 2990//2866 2989//2866 2984//2866
f 2986//2867 2991//2867 2990//2867 2985//2867
f 2987//2868 2992//2868 2991//2868 2986//2868
f 2997//2869 2996//2869 2993//2869 2994//2869
f 2998//2870 2997//2870 2994//2870 2995//2870
f 3005//2871 3004//2871 2999//2871 3000//2871
f 3006//2872 3005//2872 3000//2872 3001//2872
f 3007//2873 3006//2873 3001//2873 3002//2873
f 3007//2874 2994//2874 2993//2874 3006//2874
f 3008//2875 3007//2875 3002//2875 3003//2875
f 3008//2876 2995//2876 2994//2876 3007//2876
f 3010//2877 3009//2877 3004//2877 3005//2877
f 3011//2878 3010//2878 3005//2878 3006//2878
f 2996//2879 3011//2879 3006//2879 2993//2879
f 2997//2880 3012//2880 3011//2880 2996//2880
f 2998//2881 3013//2881 3012//2881 2997//2881
f 3013//2882 2998//2882 2995//2882 3008//2882
f 3016//2883 3008//2883 3003//2883 3014//2883
f 3017//2884 3016//2884 3014//2884 3015//2884
f 3018//2885 3013//2885 3008//2885 3016//2885
f 3019//2886 3018//2886 3016//2886 3017//2886
f 3027//2887 3023//2887 3022//2887 3026//2887
f 3032//2888 3031//2888 3028//2888 3029//2888
f 3032//2889 3025//2889 3024//2889 3031//2889
f 3033//2890 3032//2890 3029//2890 3030//2890
f 3033//2891 3026//2891 3025//2891 3032//2891
f 3037//2892 3000//2892 2999//2892 3036//2892
f 3038//2893 3001//2893 3000//2893 3037//2893
f 3039//2894 3002//2894 3001//2894 3038//2894
f 3040//2895 3003//2895 3002//2895 3039//2895
f 3042//2896 3041//2896 3034//2896 3035//2896
f 3043//2897 3042//2897 3035//2897 3036//2897
f 3004//2898 3043//2898 3036//2898 2999//2898
f 3045//2899 3044//2899 3042//2899 3043//2899
f 3009//2900 3045//2900 3043//2900 3004//2900
f 3010//2901 3046//2901 3045//2901 3009//2901
f 3011//2902 3047//2902 3046//2902 3010//2902
f 3012//2903 3048//2903 3047//2903 3011//2903
f 3013//2904 3049//2904 3048//2904 3012//2904
f 3054//2905 3053//2905 3050//2905 3051//2905
f 3054//2906 3035//2906 3034//2906 3053//2906
f 3055//2907 3036//2907 3035//2907 3054//2907
f 3056//2908 3037//2908 3036//2908 3055//2908
f 3057//2909 3038//2909 3037//2909 3056//2909
f 3058//2910 3039//2910 3038//2910 3057//2910
f 3059//2911 3040//2911 3039//2911 3058//2911
f 3061//2912 3060//2912 3052//2912 3053//2912
f 3041//2913 3061//2913 3053//2913 3034//2913
f 3042//2914 3062//2914 3061//2914 3041//2914
f 3063//2915 3064//2915 3057//2915 3056//2915
f 3064//2916 3065//2916 3058//2916 3057//2916
f 3065//2917 3066//2917 3059//2917 3058//2917
f 3068//2918 3067//2918 3061//2918 3062//2918
f 3044//2919 3068//2919 3062//2919 3042//2919
f 3045//2920 3069//2920 3068//2920 3044//2920
f 3046//2921 3070//2921 3069//2921 3045//2921
f 3047//2922 3071//2922 3070//2922 3046//2922
f 3048//2923 3072//2923 3071//2923 3047//2923
f 3049//2924 3073//2924 3072//2924 3048//2924
f 3076//2925 3051//2925 3050//2925 3075//2925
f 3077//2926 2403//2926 2402//2926 3074//2926
f 3078//2927 3077//2927 3074//2927 3075//2927
f 3078//2928 3053//2928 3052//2928 3077//2928
f 3053//2929 3078//2929 3075//2929 3050//2929
f 3079//2930 3080//2930 3076//2930 3075//2930
f 3080//2931 3054//2931 3051//2931 3076//2931
f 3081//2932 3055//2932 3054//2932 3080//2932
f 3082//2933 3056//2933 3055//2933 3081//2933
f 3086//2934 2404//2934 2403//2934 3077//2934
f 3060//2935 3086//2935 3077//2935 3052//2935
f 3061//2936 3087//2936 3086//2936 3060//2936
f 3088//2937 3089//2937 3082//2937 3081//2937
f 3090//2938 3063//2938 3056//2938 3082//2938
f 3091//2939 3090//2939 3082//2939 3083//2939
f 3091//2940 3064//2940 3063//2940 3090//2940
f 3092//2941 3091//2941 3083//2941 3084//2941
f 3092//2942 3065//2942 3064//2942 3091//2942
f 3093//2943 3066//2943 3065//2943 3092//2943
f 3066//2944 3093//2944 3085//2944 3059//2944
f 3067//2945 3094//2945 3087//2945 3061//2945
f 3068//2946 3095//2946 3094//2946 3067//2946
f 3069//2947 3096//2947 3095//2947 3068//2947
f 3070//2948 3097//2948 3096//2948 3069//2948
f 3071//2949 3098//2949 3097//2949 3070//2949
f 3072//2950 3099//2950 3098//2950 3071//2950
f 3073//2951 3100//2951 3099//2951 3072//2951
f 3101//2952 3074//2952 2402//2952 2405//2952
f 3102//2953 3075//2953 3074//2953 3101//2953
f 3103//2954 3079//2954 3075//2954 3102//2954
f 3104//2955 3080//2955 3079//2955 3103//2955
f 3105//2956 3081//2956 3080//2956 3104//2956
f 3107//2957 3083//2957 3082//2957 3106//2957
f 3108//2958 3084//2958 3083//2958 3107//2958
f 3086//2959 3110//2959 2407//2959 2404//2959
f 3087//2960 3111//2960 3110//2960 3086//2960
f 3113//2961 3088//2961 3081//2961 3105//2961
f 3114//2962 3113//2962 3105//2962 3106//2962
f 3114//2963 3089//2963 3088//2963 3113//2963
f 3089//2964 3114//2964 3106//2964 3082//2964
f 3115//2965 3092//2965 3084//2965 3108//2965
f 3116//2966 3115//2966 3108//2966 3109//2966
f 3116//2967 3093//2967 3092//2967 3115//2967
f 3094//2968 3117//2968 3111//2968 3087//2968
f 3117//2969 3118//2969 3112//2969 3111//2969
f 3095//2970 3118//2970 3117//2970 3094//2970
f 3096//2971 3119//2971 3118//2971 3095//2971
f 3097//2972 3120//2972 3119//2972 3096//2972
f 3098//2973 3121//2973 3120//2973 3097//2973
f 3099//2974 3122//2974 3121//2974 3098//2974
f 3100//2975 3123//2975 3122//2975 3099//2975
f 3125//2976 2411//2976 2409//2976 3124//2976
f 3125//2977 3101//2977 2405//2977 2411//2977
f 3126//2978 3102//2978 3101//2978 3125//2978
f 3131//2979 3103//2979 3102//2979 3126//2979
f 3132//2980 3104//2980 3103//2980 3131//2980
f 3133//2981 3105//2981 3104//2981 3132//2981
f 3134//2982 3106//2982 3105//2982 3133//2982
f 3135//2983 3134//2983 3127//2983 3128//2983
f 3135//2984 3107//2984 3106//2984 3134//2984
f 3136//2985 3135//2985 3128//2985 3129//2985
f 3136//2986 3108//2986 3107//2986 3135//2986
f 3137//2987 3109//2987 3108//2987 3136//2987
f 2414//2988 3138//2988 3130//2988 2413//2988
f 3110//2989 3138//2989 2414//2989 2407//2989
f 3111//2990 3139//2990 3138//2990 3110//2990
f 3112//2991 3140//2991 3139//2991 3111//2991
f 3118//2992 3146//2992 3140//2992 3112//2992
f 3146//2993 3147//2993 3141//2993 3140//2993
f 3119//2994 3147//2994 3146//2994 3118//2994
f 3147//2995 3148//2995 3142//2995 3141//2995
f 3120//2996 3148//2996 3147//2996 3119//2996
f 3121//2997 3149//2997 3148//2997 3120//2997
f 3149//2998 3150//2998 3144//2998 3143//2998
f 3122//2999 3150//2999 3149//2999 3121//2999
f 3150//3000 3151//3000 3145//3000 3144//3000
f 3123//3001 3151//3001 3150//3001 3122//3001
f 3152//3002 3124//3002 2409//3002 2416//3002
f 3153//3003 3125//3003 3124//3003 3152//3003
f 3154//3004 3126//3004 3125//3004 3153//3004
f 3158//3005 3128//3005 3127//3005 3157//3005
f 3159//3006 3129//3006 3128//3006 3158//3006
f 3130//3007 3161//3007 2419//3007 2413//3007
f 3162//3008 3131//3008 3126//3008 3154//3008
f 3163//3009 3162//3009 3154//3009 3155//3009
f 3163//3010 3132//3010 3131//3010 3162//3010
f 3164//3011 3163//3011 3155//3011 3156//3011
f 3164//3012 3133//3012 3132//3012 3163//3012
f 3165//3013 3164//3013 3156//3013 3157//3013
f 3165//3014 3134//3014 3133//3014 3164//3014
f 3134//3015 3165//3015 3157//3015 3127//3015
f 3166//3016 3136//3016 3129//3016 3159//3016
f 3167//3017 3166//3017 3159//3017 3160//3017
f 3167//3018 3137//3018 3136//3018 3166//3018
f 3138//3019 3168//3019 3161//3019 3130//3019
f 3139//3020 3169//3020 3168//3020 3138//3020
f 3140//3021 3170//3021 3169//3021 3139//3021
f 3141//3022 3171//3022 3170//3022 3140//3022
f 3142//3023 3172//3023 3171//3023 3141//3023
f 3144//3024 3174//3024 3173//3024 3143//3024
f 3145//3025 3175//3025 3174//3025 3144//3025
f 3148//3026 3176//3026 3172//3026 3142//3026
f 3176//3027 3177//3027 3173//3027 3172//3027
f 3149//3028 3177//3028 3176//3028 3148//3028
f 3177//3029 3149//3029 3143//3029 3173//3029
f 3178//3030 3152//3030 2416//3030 2421//3030
f 3180//3031 3153//3031 3152//3031 3178//3031
f 3181//3032 3154//3032 3153//3032 3180//3032
f 3182//3033 3155//3033 3154//3033 3181//3033
f 3183//3034 3156//3034 3155//3034 3182//3034
f 3184//3035 3157//3035 3156//3035 3183//3035
f 3185//3036 3158//3036 3157//3036 3184//3036
f 3186//3037 3159//3037 3158//3037 3185//3037
f 3187//3038 3160//3038 3159//3038 3186//3038
f 3161//3039 3188//3039 2425//3039 2419//3039
f 3168//3040 3193//3040 3188//3040 3161//3040
f 3193//3041 3194//3041 3189//3041 3188//3041
f 3169//3042 3194//3042 3193//3042 3168//3042
f 3194//3043 3195//3043 3190//3043 3189//3043
f 3170//3044 3195//3044 3194//3044 3169//3044
f 3171//3045 3196//3045 3195//3045 3170//3045
f 3172//3046 3197//3046 3196//3046 3171//3046
f 3173//3047 3198//3047 3197//3047 3172//3047
f 3174//3048 3199//3048 3198//3048 3173//3048
f 3199//3049 3200//3049 3192//3049 3191//3049
f 3175//3050 3200//3050 3199//3050 3174//3050
f 3201//3051 2428//3051 2401//3051 3020//3051
f 3201//3052 3178//3052 2421//3052 2428//3052
f 3209//3053 3180//3053 3178//3053 3201//3053
f 3210//3054 3209//3054 3201//3054 3202//3054
f 3210//3055 3181//3055 3180//3055 3209//3055
f 3211//3056 3210//3056 3202//3056 3203//3056
f 3211//3057 3182//3057 3181//3057 3210//3057
f 3212//3058 3211//3058 3203//3058 3204//3058
f 3212//3059 3183//3059 3182//3059 3211//3059
f 3213//3060 3212//3060 3204//3060 3205//3060
f 3213//3061 3184//3061 3183//3061 3212//3061
f 3214//3062 3213//3062 3205//3062 3206//3062
f 3214//3063 3185//3063 3184//3063 3213//3063
f 3215//3064 3214//3064 3206//3064 3207//3064
f 3215//3065 3186//3065 3185//3065 3214//3065
f 3216//3066 3215//3066 3207//3066 3208//3066
f 3216//3067 3187//3067 3186//3067 3215//3067
f 3187//3068 3216//3068 3208//3068 3179//3068
f 3188//3069 3217//3069 2431//3069 2425//3069
f 3189//3070 3218//3070 3217//3070 3188//3070
f 3190//3071 3219//3071 3218//3071 3189//3071
f 3192//3072 3224//3072 3223//3072 3191//3072
f 3195//3073 3225//3073 3219//3073 3190//3073
f 3225//3074 3226//3074 3220//3074 3219//3074
f 3196//3075 3226//3075 3225//3075 3195//3075
f 3226//3076 3227//3076 3221//3076 3220//3076
f 3197//3077 3227//3077 3226//3077 3196//3077
f 3227//3078 3228//3078 3222//3078 3221//3078
f 3198//3079 3228//3079 3227//3079 3197//3079
f 3228//3080 3229//3080 3223//3080 3222//3080
f 3199//3081 3229//3081 3228//3081 3198//3081
f 3229//3082 3199//3082 3191//3082 3223//3082
f 3230//3083 3014//3083 3003//3083 3040//3083
f 3231//3084 3015//3084 3014//3084 3230//3084
f 3233//3085 3017//3085 3015//3085 3231//3085
f 3234//3086 3233//3086 3231//3086 3232//3086
f 3018//3087 3235//3087 3049//3087 3013//3087
f 3019//3088 3236//3088 3235//3088 3018//3088
f 3236//3089 3019//3089 3017//3089 3233//3089
f 3237//3090 3236//3090 3233//3090 3234//3090
f 3241//3091 3230//3091 3040//3091 3059//3091
f 3242//3092 3231//3092 3230//3092 3241//3092
f 3243//3093 3242//3093 3238//3093 3239//3093
f 3243//3094 3232//3094 3231//3094 3242//3094
f 3244//3095 3243//3095 3239//3095 3240//3095
f 3245//3096 3234//3096 3232//3096 3243//3096
f 3246//3097 3245//3097 3243//3097 3244//3097
f 3235//3098 3247//3098 3073//3098 3049//3098
f 3236//3099 3248//3099 3247//3099 3235//3099
f 3237//3100 3249//3100 3248//3100 3236//3100
f 3249//3101 3237//3101 3234//3101 3245//3101
f 3251//3102 3239//3102 3238//3102 3250//3102
f 3252//3103 3240//3103 3239//3103 3251//3103
f 3253//3104 3241//3104 3059//3104 3085//3104
f 3254//3105 3242//3105 3241//3105 3253//3105
f 3242//3106 3254//3106 3250//3106 3238//3106
f 3255//3107 3244//3107 3240//3107 3252//3107
f 3093//3108 3256//3108 3253//3108 3085//3108
f 3246//3109 3259//3109 3258//3109 3245//3109
f 3259//3110 3246//3110 3244//3110 3255//3110
f 3247//3111 3260//3111 3100//3111 3073//3111
f 3248//3112 3261//3112 3260//3112 3247//3112
f 3261//3113 3262//3113 3258//3113 3257//3113
f 3249//3114 3262//3114 3261//3114 3248//3114
f 3262//3115 3249//3115 3245//3115 3258//3115
f 3264//3116 3251//3116 3250//3116 3263//3116
f 3265//3117 3252//3117 3251//3117 3264//3117
f 3267//3118 3254//3118 3253//3118 3266//3118
f 3254//3119 3267//3119 3263//3119 3250//3119
f 3268//3120 3255//3120 3252//3120 3265//3120
f 3269//3121 3116//3121 3109//3121 3266//3121
f 3269//3122 3256//3122 3093//3122 3116//3122
f 3256//3123 3269//3123 3266//3123 3253//3123
f 3258//3124 3271//3124 3270//3124 3257//3124
f 3259//3125 3272//3125 3271//3125 3258//3125
f 3272//3126 3259//3126 3255//3126 3268//3126
f 3260//3127 3273//3127 3123//3127 3100//3127
f 3261//3128 3274//3128 3273//3128 3260//3128
f 3274//3129 3261//3129 3257//3129 3270//3129
f 3280//3130 3279//3130 3275//3130 3276//3130
f 3280//3131 3264//3131 3263//3131 3279//3131
f 3281//3132 3280//3132 3276//3132 3277//3132
f 3281//3133 3265//3133 3264//3133 3280//3133
f 3282//3134 3266//3134 3109//3134 3137//3134
f 3283//3135 3282//3135 3278//3135 3279//3135
f 3283//3136 3267//3136 3266//3136 3282//3136
f 3267//3137 3283//3137 3279//3137 3263//3137
f 3285//3138 3268//3138 3265//3138 3281//3138
f 3271//3139 3288//3139 3287//3139 3270//3139
f 3288//3140 3289//3140 3285//3140 3284//3140
f 3272//3141 3289//3141 3288//3141 3271//3141
f 3289//3142 3272//3142 3268//3142 3285//3142
f 3151//3143 3290//3143 3286//3143 3145//3143
f 3273//3144 3290//3144 3151//3144 3123//3144
f 3290//3145 3291//3145 3287//3145 3286//3145
f 3274//3146 3291//3146 3290//3146 3273//3146
f 3291//3147 3274//3147 3270//3147 3287//3147
f 3294//3148 3276//3148 3275//3148 3293//3148
f 3295//3149 3294//3149 3022//3149 3023//3149
f 3295//3150 3277//3150 3276//3150 3294//3150
f 3297//3151 3296//3151 3292//3151 3293//3151
f 3297//3152 3279//3152 3278//3152 3296//3152
f 3279//3153 3297//3153 3293//3153 3275//3153
f 3298//3154 3281//3154 3277//3154 3295//3154
f 3299//3155 3167//3155 3160//3155 3296//3155
f 3299//3156 3282//3156 3137//3156 3167//3156
f 3282//3157 3299//3157 3296//3157 3278//3157
f 3285//3158 3302//3158 3301//3158 3284//3158
f 3302//3159 3285//3159 3281//3159 3298//3159
f 3286//3160 3303//3160 3175//3160 3145//3160
f 3287//3161 3304//3161 3303//3161 3286//3161
f 3304//3162 3305//3162 3301//3162 3300//3162
f 3288//3163 3305//3163 3304//3163 3287//3163
f 3305//3164 3288//3164 3284//3164 3301//3164
f 3307//3165 3306//3165 3024//3165 3025//3165
f 3307//3166 3293//3166 3292//3166 3306//3166
f 3309//3167 3307//3167 3025//3167 3026//3167
f 3309//3168 3294//3168 3293//3168 3307//3168
f 3294//3169 3309//3169 3026//3169 3022//3169
f 3308//3170 3310//3170 3027//3170 3026//3170
f 3310//3171 3295//3171 3023//3171 3027//3171
f 3311//3172 3187//3172 3179//3172 3306//3172
f 3311//3173 3296//3173 3160//3173 3187//3173
f 3296//3174 3311//3174 3306//3174 3292//3174
f 3313//3175 3314//3175 3310//3175 3308//3175
f 3314//3176 3298//3176 3295//3176 3310//3176
f 3316//3177 3317//3177 3313//3177 3312//3177
f 3301//3178 3317//3178 3316//3178 3300//3178
f 3317//3179 3318//3179 3314//3179 3313//3179
f 3302//3180 3318//3180 3317//3180 3301//3180
f 3318//3181 3302//3181 3298//3181 3314//3181
f 3200//3182 3319//3182 3315//3182 3192//3182
f 3303//3183 3319//3183 3200//3183 3175//3183
f 3319//3184 3320//3184 3316//3184 3315//3184
f 3304//3185 3320//3185 3319//3185 3303//3185
f 3320//3186 3304//3186 3300//3186 3316//3186
f 3321//3187 3208//3187 3021//3187 3031//3187
f 3321//3188 3306//3188 3179//3188 3208//3188
f 3306//3189 3321//3189 3031//3189 3024//3189
f 3322//3190 3308//3190 3026//3190 3033//3190
f 3313//3191 3325//3191 3324//3191 3312//3191
f 3325//3192 3313//3192 3308//3192 3322//3192
f 3315//3193 3326//3193 3224//3193 3192//3193
f 3326//3194 3327//3194 3324//3194 3323//3194
f 3316//3195 3327//3195 3326//3195 3315//3195
f 3327//3196 3316//3196 3312//3196 3324//3196
f 3329//3197 3020//3197 2401//3197 2439//3197
f 3337//3198 3329//3198 2439//3198 2446//3198
f 3340//3199 3339//3199 3334//3199 3335//3199
f 3340//3200 3331//3200 3330//3200 3339//3200
f 3341//3201 3340//3201 3335//3201 3336//3201
f 3341//3202 3332//3202 3331//3202 3340//3202
f 3332//3203 3341//3203 3336//3203 3328//3203
f 3346//3204 3345//3204 3342//3204 3343//3204
f 3350//3205 3349//3205 3344//3205 3345//3205
f 3350//3206 3335//3206 3334//3206 3349//3206
f 3351//3207 3350//3207 3345//3207 3346//3207
f 3351//3208 3336//3208 3335//3208 3350//3208
f 3336//3209 3351//3209 3346//3209 3333//3209
f 3352//3210 2456//3210 2453//3210 3347//3210
f 3352//3211 3337//3211 2446//3211 2456//3211
f 3357//3212 3356//3212 3348//3212 3349//3212
f 3357//3213 3339//3213 3338//3213 3356//3213
f 3339//3214 3357//3214 3349//3214 3334//3214
f 3359//3215 3358//3215 1206//3215 1207//3215
f 3360//3216 3359//3216 1207//3216 1208//3216
f 3361//3217 3360//3217 1208//3217 1209//3217
f 3363//3218 3362//3218 3358//3218 3359//3218
f 3364//3219 3363//3219 3359//3219 3360//3219
f 3365//3220 3364//3220 3360//3220 3361//3220
f 3367//3221 3366//3221 3363//3221 3364//3221
f 3368//3222 3367//3222 3364//3222 3365//3222
f 3371//3223 3370//3223 3366//3223 3367//3223
f 3372//3224 3371//3224 3367//3224 3368//3224
f 3374//3225 3373//3225 3369//3225 3370//3225
f 3375//3226 3374//3226 3370//3226 3371//3226
f 3376//3227 3375//3227 3371//3227 3372//3227
f 3376//3228 3343//3228 3342//3228 3375//3228
f 3380//3229 3379//3229 3373//3229 3374//3229
f 3381//3230 3380//3230 3374//3230 3375//3230
f 3381//3231 3345//3231 3344//3231 3380//3231
f 3345//3232 3381//3232 3375//3232 3342//3232
f 3382//3233 2464//3233 2462//3233 3377//3233
f 3382//3234 3347//3234 2453//3234 2464//3234
f 3386//3235 3385//3235 3378//3235 3379//3235
f 3387//3236 3386//3236 3379//3236 3380//3236
f 3387//3237 3349//3237 3348//3237 3386//3237
f 3349//3238 3387//3238 3380//3238 3344//3238
f 3388//3239 3352//3239 3347//3239 3382//3239
f 3389//3240 3388//3240 3382//3240 3383//3240
f 3389//3241 3353//3241 3352//3241 3388//3241
f 3390//3242 3389//3242 3383//3242 3384//3242
f 3390//3243 3354//3243 3353//3243 3389//3243
f 3391//3244 3355//3244 3354//3244 3390//3244
f 3392//3245 3391//3245 3385//3245 3386//3245
f 3392//3246 3356//3246 3355//3246 3391//3246
f 3356//3247 3392//3247 3386//3247 3348//3247
f 3394//3248 3393//3248 1245//3248 1246//3248
f 3395//3249 3394//3249 1246//3249 1247//3249
f 3396//3250 3395//3250 1247//3250 1248//3250
f 3358//3251 3396//3251 1248//3251 1206//3251
f 3398//3252 3397//3252 3393//3252 3394//3252
f 3399//3253 3398//3253 3394//3253 3395//3253
f 3400//3254 3399//3254 3395//3254 3396//3254
f 3362//3255 3400//3255 3396//3255 3358//3255
f 3363//3256 3401//3256 3400//3256 3362//3256
f 3403//3257 3402//3257 3398//3257 3399//3257
f 3404//3258 3403//3258 3399//3258 3400//3258
f 3405//3259 3404//3259 3400//3259 3401//3259
f 3366//3260 3405//3260 3401//3260 3363//3260
f 3407//3261 3406//3261 3402//3261 3403//3261
f 3408//3262 3407//3262 3403//3262 3404//3262
f 3409//3263 3408//3263 3404//3263 3405//3263
f 3409//3264 3370//3264 3369//3264 3408//3264
f 3370//3265 3409//3265 3405//3265 3366//3265
f 3412//3266 3411//3266 3406//3266 3407//3266
f 3413//3267 3412//3267 3407//3267 3408//3267
f 3373//3268 3413//3268 3408//3268 3369//3268
f 3414//3269 2471//3269 2469//3269 3410//3269
f 3414//3270 3377//3270 2462//3270 2471//3270
f 3417//3271 3416//3271 3411//3271 3412//3271
f 3418//3272 3417//3272 3412//3272 3413//3272
f 3418//3273 3379//3273 3378//3273 3417//3273
f 3379//3274 3418//3274 3413//3274 3373//3274
f 3419//3275 3382//3275 3377//3275 3414//3275
f 3420//3276 3419//3276 3414//3276 3415//3276
f 3420//3277 3383//3277 3382//3277 3419//3277
f 3421//3278 3420//3278 3415//3278 3416//3278
f 3421//3279 3384//3279 3383//3279 3420//3279
f 3422//3280 3421//3280 3416//3280 3417//3280
f 3385//3281 3422//3281 3417//3281 3378//3281
f 3423//3282 3390//3282 3384//3282 3421//3282
f 3424//3283 3423//3283 3421//3283 3422//3283
f 3424//3284 3391//3284 3390//3284 3423//3284
f 3391//3285 3424//3285 3422//3285 3385//3285
f 3426//3286 3425//3286 1269//3286 1270//3286
f 3393//3287 3426//3287 1270//3287 1245//3287
f 3427//3288 2476//3288 2475//3288 3425//3288
f 3428//3289 3427//3289 3425//3289 3426//3289
f 3397//3290 3428//3290 3426//3290 3393//3290
f 3398//3291 3429//3291 3428//3291 3397//3291
f 3430//3292 2477//3292 2476//3292 3427//3292
f 3431//3293 3430//3293 3427//3293 3428//3293
f 3432//3294 3431//3294 3428//3294 3429//3294
f 3402//3295 3432//3295 3429//3295 3398//3295
f 3433//3296 2480//3296 2477//3296 3430//3296
f 3434//3297 3433//3297 3430//3297 3431//3297
f 3435//3298 3434//3298 3431//3298 3432//3298
f 3406//3299 3435//3299 3432//3299 3402//3299
f 3436//3300 2483//3300 2480//3300 3433//3300
f 3436//3301 3410//3301 2469//3301 2483//3301
f 3437//3302 3436//3302 3433//3302 3434//3302
f 3438//3303 3437//3303 3434//3303 3435//3303
f 3411//3304 3438//3304 3435//3304 3406//3304
f 3439//3305 3414//3305 3410//3305 3436//3305
f 3440//3306 3439//3306 3436//3306 3437//3306
f 3440//3307 3415//3307 3414//3307 3439//3307
f 3441//3308 3440//3308 3437//3308 3438//3308
f 3441//3309 3416//3309 3415//3309 3440//3309
f 3416//3310 3441//3310 3438//3310 3411//3310
f 3442//3311 2490//3311 6//3311 1285//3311
f 3442//3312 3425//3312 2475//3312 2490//3312
f 3425//3313 3442//3313 1285//3313 1269//3313
f 3444//3314 3029//3314 3028//3314 3443//3314
f 3445//3315 3030//3315 3029//3315 3444//3315
f 3446//3316 3332//3316 3328//3316 3443//3316
f 3446//3317 3031//3317 3021//3317 3332//3317
f 3031//3318 3446//3318 3443//3318 3028//3318
f 3448//3319 3033//3319 3030//3319 3445//3319
f 3451//3320 3336//3320 3333//3320 3449//3320
f 3451//3321 3443//3321 3328//3321 3336//3321
f 3452//3322 3451//3322 3449//3322 3450//3322
f 3452//3323 3444//3323 3443//3323 3451//3323
f 3453//3324 3445//3324 3444//3324 3452//3324
f 3454//3325 3455//3325 3453//3325 3452//3325
f 3448//3326 3455//3326 3454//3326 3447//3326
f 3455//3327 3448//3327 3445//3327 3453//3327
f 3458//3328 3346//3328 3343//3328 3456//3328
f 3458//3329 3449//3329 3333//3329 3346//3329
f 3459//3330 3458//3330 3456//3330 3457//3330
f 3459//3331 3450//3331 3449//3331 3458//3331
f 3461//3332 3452//3332 3450//3332 3459//3332
f 3462//3333 3463//3333 3461//3333 3460//3333
f 3463//3334 3454//3334 3452//3334 3461//3334
f 3464//3335 3361//3335 1209//3335 1300//3335
f 3465//3336 3464//3336 1300//3336 1301//3336
f 3466//3337 3465//3337 1301//3337 1302//3337
f 3467//3338 3466//3338 1302//3338 1303//3338
f 3469//3339 3365//3339 3361//3339 3464//3339
f 3470//3340 3469//3340 3464//3340 3465//3340
f 3471//3341 3470//3341 3465//3341 3466//3341
f 3472//3342 3471//3342 3466//3342 3467//3342
f 3473//3343 3472//3343 3467//3343 3468//3343
f 3474//3344 3368//3344 3365//3344 3469//3344
f 3475//3345 3474//3345 3469//3345 3470//3345
f 3476//3346 3475//3346 3470//3346 3471//3346
f 3477//3347 3476//3347 3471//3347 3472//3347
f 3478//3348 3477//3348 3472//3348 3473//3348
f 3479//3349 3372//3349 3368//3349 3474//3349
f 3480//3350 3479//3350 3474//3350 3475//3350
f 3481//3351 3480//3351 3475//3351 3476//3351
f 3482//3352 3481//3352 3476//3352 3477//3352
f 3483//3353 3482//3353 3477//3353 3478//3353
f 3484//3354 3376//3354 3372//3354 3479//3354
f 3484//3355 3456//3355 3343//3355 3376//3355
f 3485//3356 3484//3356 3479//3356 3480//3356
f 3485//3357 3457//3357 3456//3357 3484//3357
f 3486//3358 3485//3358 3480//3358 3481//3358
f 3487//3359 3486//3359 3481//3359 3482//3359
f 3488//3360 3459//3360 3457//3360 3485//3360
f 3489//3361 3488//3361 3485//3361 3486//3361
f 3490//3362 3489//3362 3486//3362 3487//3362
f 3461//3363 3492//3363 3491//3363 3460//3363
f 3492//3364 3461//3364 3459//3364 3488//3364
f 3493//3365 3492//3365 3488//3365 3489//3365
f 3494//3366 3462//3366 3460//3366 3491//3366
f 3495//3367 3494//3367 3491//3367 3492//3367
f 3496//3368 3467//3368 1303//3368 1330//3368
f 3497//3369 3496//3369 1330//3369 1331//3369
f 3497//3370 3468//3370 3467//3370 3496//3370
f 3498//3371 3497//3371 1331//3371 1332//3371
f 3499//3372 3498//3372 1332//3372 1333//3372
f 3500//3373 3473//3373 3468//3373 3497//3373
f 3501//3374 3500//3374 3497//3374 3498//3374
f 3502//3375 3501//3375 3498//3375 3499//3375
f 3503//3376 3478//3376 3473//3376 3500//3376
f 3504//3377 3503//3377 3500//3377 3501//3377
f 3505//3378 3504//3378 3501//3378 3502//3378
f 3483//3379 3507//3379 3506//3379 3482//3379
f 3507//3380 3483//3380 3478//3380 3503//3380
f 3508//3381 3507//3381 3503//3381 3504//3381
f 3509//3382 3508//3382 3504//3382 3505//3382
f 3510//3383 3487//3383 3482//3383 3506//3383
f 3511//3384 3510//3384 3506//3384 3507//3384
f 3512//3385 3511//3385 3507//3385 3508//3385
f 3513//3386 3512//3386 3508//3386 3509//3386
f 3490//3387 3515//3387 3514//3387 3489//3387
f 3515//3388 3490//3388 3487//3388 3510//3388
f 3516//3389 3515//3389 3510//3389 3511//3389
f 3517//3390 3516//3390 3511//3390 3512//3390
f 3518//3391 3517//3391 3512//3391 3513//3391
f 3493//3392 3520//3392 3519//3392 3492//3392
f 3520//3393 3493//3393 3489//3393 3514//3393
f 3521//3394 3520//3394 3514//3394 3515//3394
f 3522//3395 3521//3395 3515//3395 3516//3395
f 3523//3396 3522//3396 3516//3396 3517//3396
f 3524//3397 3523//3397 3517//3397 3518//3397
f 3525//3398 3495//3398 3492//3398 3519//3398
f 3526//3399 3525//3399 3519//3399 3520//3399
f 3527//3400 3526//3400 3520//3400 3521//3400
f 3528//3401 3527//3401 3521//3401 3522//3401
f 3529//3402 3528//3402 3522//3402 3523//3402
f 3530//3403 3499//3403 1333//3403 1358//3403
f 3531//3404 3530//3404 1358//3404 1359//3404
f 3532//3405 3502//3405 3499//3405 3530//3405
f 3533//3406 3532//3406 3530//3406 3531//3406
f 3534//3407 3505//3407 3502//3407 3532//3407
f 3535//3408 3534//3408 3532//3408 3533//3408
f 3536//3409 3509//3409 3505//3409 3534//3409
f 3537//3410 3536//3410 3534//3410 3535//3410
f 3538//3411 3513//3411 3509//3411 3536//3411
f 3539//3412 3538//3412 3536//3412 3537//3412
f 3540//3413 3518//3413 3513//3413 3538//3413
f 3541//3414 3540//3414 3538//3414 3539//3414
f 3524//3415 3543//3415 3542//3415 3523//3415
f 3543//3416 3524//3416 3518//3416 3540//3416
f 3544//3417 3543//3417 3540//3417 3541//3417
f 3529//3418 3546//3418 3545//3418 3528//3418
f 3546//3419 3529//3419 3523//3419 3542//3419
f 3547//3420 3546//3420 3542//3420 3543//3420
f 3548//3421 3547//3421 3543//3421 3544//3421
f 3549//3422 3531//3422 1359//3422 1378//3422
f 3551//3423 3544//3423 3541//3423 3550//3423
f 3548//3424 3553//3424 3552//3424 3547//3424
f 3553//3425 3548//3425 3544//3425 3551//3425
f 3555//3426 3533//3426 3531//3426 3554//3426
f 3556//3427 3535//3427 3533//3427 3555//3427
f 3557//3428 3537//3428 3535//3428 3556//3428
f 3558//3429 3539//3429 3537//3429 3557//3429
f 3559//3430 3541//3430 3539//3430 3558//3430
f 3560//3431 3549//3431 1378//3431 1394//3431
f 3560//3432 3554//3432 3531//3432 3549//3432
f 3562//3433 3555//3433 3554//3433 3560//3433
f 3563//3434 3562//3434 3560//3434 3561//3434
f 3564//3435 3556//3435 3555//3435 3562//3435
f 3565//3436 3564//3436 3562//3436 3563//3436
f 3566//3437 3557//3437 3556//3437 3564//3437
f 3567//3438 3566//3438 3564//3438 3565//3438
f 3568//3439 3558//3439 3557//3439 3566//3439
f 3569//3440 3568//3440 3566//3440 3567//3440
f 3559//3441 3570//3441 3550//3441 3541//3441
f 3570//3442 3559//3442 3558//3442 3568//3442
f 3571//3443 3570//3443 3568//3443 3569//3443
f 3572//3444 3551//3444 3550//3444 3570//3444
f 3573//3445 3553//3445 3551//3445 3572//3445
f 3574//3446 3560//3446 1394//3446 1399//3446
f 3575//3447 3574//3447 1399//3447 1400//3447
f 3575//3448 3561//3448 3560//3448 3574//3448
f 3577//3449 3563//3449 3561//3449 3575//3449
f 3578//3450 3577//3450 3575//3450 3576//3450
f 3579//3451 3565//3451 3563//3451 3577//3451
f 3580//3452 3579//3452 3577//3452 3578//3452
f 3581//3453 3567//3453 3565//3453 3579//3453
f 3582//3454 3581//3454 3579//3454 3580//3454
f 3583//3455 3569//3455 3567//3455 3581//3455
f 3584//3456 3583//3456 3581//3456 3582//3456
f 3571//3457 3586//3457 3585//3457 3570//3457
f 3586//3458 3571//3458 3569//3458 3583//3458
f 3587//3459 3586//3459 3583//3459 3584//3459
f 3588//3460 3572//3460 3570//3460 3585//3460
f 3589//3461 3588//3461 3585//3461 3586//3461
f 3590//3462 3573//3462 3572//3462 3588//3462
f 3591//3463 3590//3463 3588//3463 3589//3463
f 3592//3464 3201//3464 3020//3464 3329//3464
f 3593//3465 3202//3465 3201//3465 3592//3465
f 3594//3466 3203//3466 3202//3466 3593//3466
f 3595//3467 3204//3467 3203//3467 3594//3467
f 3596//3468 3205//3468 3204//3468 3595//3468
f 3597//3469 3206//3469 3205//3469 3596//3469
f 3598//3470 3597//3470 3330//3470 3331//3470
f 3598//3471 3207//3471 3206//3471 3597//3471
f 3599//3472 3598//3472 3331//3472 3332//3472
f 3599//3473 3208//3473 3207//3473 3598//3473
f 3208//3474 3599//3474 3332//3474 3021//3474
f 2519//3475 3603//3475 3600//3475 2518//3475
f 3217//3476 3603//3476 2519//3476 2431//3476
f 3603//3477 3604//3477 3601//3477 3600//3477
f 3218//3478 3604//3478 3603//3478 3217//3478
f 3219//3479 3605//3479 3604//3479 3218//3479
f 3220//3480 3606//3480 3605//3480 3219//3480
f 3221//3481 3607//3481 3606//3481 3220//3481
f 3222//3482 3608//3482 3607//3482 3221//3482
f 3223//3483 3609//3483 3608//3483 3222//3483
f 3224//3484 3610//3484 3609//3484 3223//3484
f 3611//3485 3592//3485 3329//3485 3337//3485
f 3612//3486 3593//3486 3592//3486 3611//3486
f 3613//3487 3594//3487 3593//3487 3612//3487
f 3614//3488 3595//3488 3594//3488 3613//3488
f 3615//3489 3596//3489 3595//3489 3614//3489
f 3616//3490 3615//3490 3338//3490 3339//3490
f 3616//3491 3597//3491 3596//3491 3615//3491
f 3597//3492 3616//3492 3339//3492 3330//3492
f 3600//3493 3617//3493 2524//3493 2518//3493
f 3601//3494 3618//3494 3617//3494 3600//3494
f 3604//3495 3625//3495 3618//3495 3601//3495
f 3625//3496 3626//3496 3619//3496 3618//3496
f 3605//3497 3626//3497 3625//3497 3604//3497
f 3626//3498 3627//3498 3620//3498 3619//3498
f 3606//3499 3627//3499 3626//3499 3605//3499
f 3627//3500 3628//3500 3621//3500 3620//3500
f 3607//3501 3628//3501 3627//3501 3606//3501
f 3628//3502 3629//3502 3622//3502 3621//3502
f 3608//3503 3629//3503 3628//3503 3607//3503
f 3629//3504 3630//3504 3623//3504 3622//3504
f 3609//3505 3630//3505 3629//3505 3608//3505
f 3630//3506 3631//3506 3624//3506 3623//3506
f 3610//3507 3631//3507 3630//3507 3609//3507
f 3631//3508 3610//3508 3602//3508 3624//3508
f 3633//3509 3611//3509 3337//3509 3352//3509
f 3634//3510 3633//3510 3352//3510 3353//3510
f 3634//3511 3612//3511 3611//3511 3633//3511
f 3635//3512 3634//3512 3353//3512 3354//3512
f 3635//3513 3613//3513 3612//3513 3634//3513
f 3636//3514 3635//3514 3354//3514 3355//3514
f 3636//3515 3614//3515 3613//3515 3635//3515
f 3637//3516 3636//3516 3355//3516 3356//3516
f 3637//3517 3615//3517 3614//3517 3636//3517
f 3615//3518 3637//3518 3356//3518 3338//3518
f 2528//3519 3639//3519 3632//3519 2527//3519
f 3617//3520 3639//3520 2528//3520 2524//3520
f 3618//3521 3640//3521 3639//3521 3617//3521
f 3619//3522 3641//3522 3640//3522 3618//3522
f 3620//3523 3642//3523 3641//3523 3619//3523
f 3621//3524 3643//3524 3642//3524 3620//3524
f 3622//3525 3644//3525 3643//3525 3621//3525
f 3623//3526 3645//3526 3644//3526 3622//3526
f 3624//3527 3646//3527 3645//3527 3623//3527
f 3632//3528 3647//3528 2530//3528 2527//3528
f 3639//3529 3649//3529 3647//3529 3632//3529
f 3640//3530 3650//3530 3649//3530 3639//3530
f 3641//3531 3651//3531 3650//3531 3640//3531
f 3642//3532 3652//3532 3651//3532 3641//3532
f 3643//3533 3653//3533 3652//3533 3642//3533
f 3644//3534 3654//3534 3653//3534 3643//3534
f 3645//3535 3655//3535 3654//3535 3644//3535
f 3646//3536 3656//3536 3655//3536 3645//3536
f 3656//3537 3646//3537 3638//3537 3648//3537
f 3647//3538 3657//3538 2532//3538 2530//3538
f 3649//3539 3659//3539 3657//3539 3647//3539
f 3650//3540 3660//3540 3659//3540 3649//3540
f 3651//3541 3661//3541 3660//3541 3650//3541
f 3652//3542 3662//3542 3661//3542 3651//3542
f 3653//3543 3663//3543 3662//3543 3652//3543
f 3654//3544 3664//3544 3663//3544 3653//3544
f 3655//3545 3665//3545 3664//3545 3654//3545
f 3656//3546 3666//3546 3665//3546 3655//3546
f 3666//3547 3656//3547 3648//3547 3658//3547
f 3668//3548 3667//3548 3662//3548 3663//3548
f 3669//3549 3668//3549 3663//3549 3664//3549
f 3670//3550 3669//3550 3664//3550 3665//3550
f 3671//3551 3670//3551 3665//3551 3666//3551
f 3657//3552 3672//3552 2534//3552 2532//3552
f 3659//3553 3673//3553 3672//3553 3657//3553
f 3660//3554 3674//3554 3673//3554 3659//3554
f 3661//3555 3675//3555 3674//3555 3660//3555
f 3662//3556 3676//3556 3675//3556 3661//3556
f 3679//3557 3678//3557 3675//3557 3676//3557
f 3667//3558 3679//3558 3676//3558 3662//3558
f 3668//3559 3680//3559 3679//3559 3667//3559
f 3669//3560 3681//3560 3680//3560 3668//3560
f 3670//3561 3682//3561 3681//3561 3669//3561
f 3671//3562 3683//3562 3682//3562 3670//3562
f 3683//3563 3671//3563 3666//3563 3677//3563
f 3685//3564 3684//3564 3682//3564 3683//3564
f 3672//3565 3686//3565 2536//3565 2534//3565
f 3687//3566 2537//3566 2536//3566 3686//3566
f 3673//3567 3687//3567 3686//3567 3672//3567
f 3674//3568 3688//3568 3687//3568 3673//3568
f 3675//3569 3689//3569 3688//3569 3674//3569
f 3691//3570 3690//3570 3688//3570 3689//3570
f 3678//3571 3691//3571 3689//3571 3675//3571
f 3679//3572 3692//3572 3691//3572 3678//3572
f 3680//3573 3693//3573 3692//3573 3679//3573
f 3681//3574 3694//3574 3693//3574 3680//3574
f 3682//3575 3695//3575 3694//3575 3681//3575
f 3697//3576 3696//3576 3692//3576 3693//3576
f 3698//3577 3697//3577 3693//3577 3694//3577
f 3699//3578 3698//3578 3694//3578 3695//3578
f 3684//3579 3699//3579 3695//3579 3682//3579
f 3685//3580 3700//3580 3699//3580 3684//3580
f 3687//3581 3702//3581 2540//3581 2537//3581
f 3688//3582 3703//3582 3702//3582 3687//3582
f 3705//3583 3704//3583 3702//3583 3703//3583
f 3690//3584 3705//3584 3703//3584 3688//3584
f 3691//3585 3706//3585 3705//3585 3690//3585
f 3692//3586 3707//3586 3706//3586 3691//3586
f 3709//3587 3708//3587 3706//3587 3707//3587
f 3696//3588 3709//3588 3707//3588 3692//3588
f 3697//3589 3710//3589 3709//3589 3696//3589
f 3698//3590 3711//3590 3710//3590 3697//3590
f 3699//3591 3712//3591 3711//3591 3698//3591
f 3700//3592 3713//3592 3712//3592 3699//3592
f 3715//3593 3714//3593 3709//3593 3710//3593
f 3716//3594 3715//3594 3710//3594 3711//3594
f 3717//3595 3716//3595 3711//3595 3712//3595
f 3718//3596 3717//3596 3712//3596 3713//3596
f 3701//3597 3718//3597 3713//3597 3700//3597
f 3719//3598 3720//3598 3448//3598 3447//3598
f 3720//3599 3322//3599 3033//3599 3448//3599
f 3324//3600 3722//3600 3721//3600 3323//3600
f 3722//3601 3723//3601 3720//3601 3719//3601
f 3325//3602 3723//3602 3722//3602 3324//3602
f 3723//3603 3325//3603 3322//3603 3720//3603
f 3610//3604 3724//3604 3721//3604 3602//3604
f 3326//3605 3724//3605 3610//3605 3224//3605
f 3724//3606 3326//3606 3323//3606 3721//3606
f 3726//3607 3719//3607 3447//3607 3454//3607
f 3721//3608 3727//3608 3624//3608 3602//3608
f 3727//3609 3728//3609 3726//3609 3725//3609
f 3722//3610 3728//3610 3727//3610 3721//3610
f 3728//3611 3722//3611 3719//3611 3726//3611
f 3729//3612 3730//3612 3463//3612 3462//3612
f 3726//3613 3730//3613 3729//3613 3725//3613
f 3730//3614 3726//3614 3454//3614 3463//3614
f 3646//3615 3731//3615 3729//3615 3638//3615
f 3727//3616 3731//3616 3646//3616 3624//3616
f 3731//3617 3727//3617 3725//3617 3729//3617
f 3729//3618 3732//3618 3648//3618 3638//3618
f 3732//3619 3729//3619 3462//3619 3494//3619
f 3733//3620 3732//3620 3494//3620 3495//3620
f 3732//3621 3734//3621 3658//3621 3648//3621
f 3733//3622 3735//3622 3734//3622 3732//3622
f 3735//3623 3733//3623 3495//3623 3525//3623
f 3736//3624 3735//3624 3525//3624 3526//3624
f 3737//3625 3736//3625 3526//3625 3527//3625
f 3738//3626 3737//3626 3527//3626 3528//3626
f 3739//3627 3666//3627 3658//3627 3734//3627
f 3740//3628 3739//3628 3734//3628 3735//3628
f 3741//3629 3740//3629 3735//3629 3736//3629
f 3742//3630 3741//3630 3736//3630 3737//3630
f 3738//3631 3744//3631 3743//3631 3737//3631
f 3744//3632 3738//3632 3528//3632 3545//3632
f 3745//3633 3744//3633 3545//3633 3546//3633
f 3746//3634 3745//3634 3546//3634 3547//3634
f 3739//3635 3747//3635 3677//3635 3666//3635
f 3740//3636 3748//3636 3747//3636 3739//3636
f 3741//3637 3749//3637 3748//3637 3740//3637
f 3742//3638 3750//3638 3749//3638 3741//3638
f 3750//3639 3742//3639 3737//3639 3743//3639
f 3751//3640 3750//3640 3743//3640 3744//3640
f 3752//3641 3751//3641 3744//3641 3745//3641
f 3753//3642 3752//3642 3745//3642 3746//3642
f 3754//3643 3683//3643 3677//3643 3747//3643
f 3755//3644 3754//3644 3747//3644 3748//3644
f 3756//3645 3755//3645 3748//3645 3749//3645
f 3757//3646 3756//3646 3749//3646 3750//3646
f 3758//3647 3757//3647 3750//3647 3751//3647
f 3759//3648 3685//3648 3683//3648 3754//3648
f 3760//3649 3746//3649 3547//3649 3552//3649
f 3761//3650 3760//3650 3552//3650 3553//3650
f 3752//3651 3763//3651 3762//3651 3751//3651
f 3753//3652 3764//3652 3763//3652 3752//3652
f 3764//3653 3753//3653 3746//3653 3760//3653
f 3765//3654 3764//3654 3760//3654 3761//3654
f 3755//3655 3767//3655 3766//3655 3754//3655
f 3756//3656 3768//3656 3767//3656 3755//3656
f 3757//3657 3769//3657 3768//3657 3756//3657
f 3758//3658 3770//3658 3769//3658 3757//3658
f 3770//3659 3758//3659 3751//3659 3762//3659
f 3771//3660 3770//3660 3762//3660 3763//3660
f 3772//3661 3771//3661 3763//3661 3764//3661
f 3759//3662 3773//3662 3700//3662 3685//3662
f 3773//3663 3759//3663 3754//3663 3766//3663
f 3774//3664 3773//3664 3766//3664 3767//3664
f 3775//3665 3774//3665 3767//3665 3768//3665
f 3776//3666 3775//3666 3768//3666 3769//3666
f 3777//3667 3776//3667 3769//3667 3770//3667
f 3778//3668 3701//3668 3700//3668 3773//3668
f 3765//3669 3781//3669 3780//3669 3764//3669
f 3781//3670 3765//3670 3761//3670 3779//3670
f 3771//3671 3783//3671 3782//3671 3770//3671
f 3772//3672 3784//3672 3783//3672 3771//3672
f 3784//3673 3772//3673 3764//3673 3780//3673
f 3785//3674 3784//3674 3780//3674 3781//3674
f 3774//3675 3787//3675 3786//3675 3773//3675
f 3775//3676 3788//3676 3787//3676 3774//3676
f 3776//3677 3789//3677 3788//3677 3775//3677
f 3777//3678 3790//3678 3789//3678 3776//3678
f 3790//3679 3777//3679 3770//3679 3782//3679
f 3791//3680 3790//3680 3782//3680 3783//3680
f 3792//3681 3791//3681 3783//3681 3784//3681
f 3778//3682 3793//3682 3718//3682 3701//3682
f 3793//3683 3778//3683 3773//3683 3786//3683
f 3794//3684 3793//3684 3786//3684 3787//3684
f 3795//3685 3794//3685 3787//3685 3788//3685
f 3796//3686 3795//3686 3788//3686 3789//3686
f 3797//3687 3796//3687 3789//3687 3790//3687
f 3798//3688 3761//3688 3553//3688 3573//3688
f 3798//3689 3799//3689 3779//3689 3761//3689
f 3799//3690 3798//3690 3573//3690 3590//3690
f 3800//3691 3799//3691 3590//3691 3591//3691
f 3801//3692 3781//3692 3779//3692 3799//3692
f 3802//3693 3575//3693 1400//3693 1803//3693
f 3803//3694 3802//3694 1803//3694 1804//3694
f 3803//3695 3576//3695 3575//3695 3802//3695
f 3804//3696 3578//3696 3576//3696 3803//3696
f 3805//3697 3580//3697 3578//3697 3804//3697
f 3807//3698 3582//3698 3580//3698 3805//3698
f 3808//3699 3807//3699 3805//3699 3806//3699
f 3809//3700 3584//3700 3582//3700 3807//3700
f 3810//3701 3809//3701 3807//3701 3808//3701
f 3587//3702 3812//3702 3811//3702 3586//3702
f 3812//3703 3587//3703 3584//3703 3809//3703
f 3813//3704 3589//3704 3586//3704 3811//3704
f 3814//3705 3813//3705 3811//3705 3812//3705
f 3815//3706 3591//3706 3589//3706 3813//3706
f 3816//3707 3815//3707 3813//3707 3814//3707
f 3817//3708 3803//3708 1804//3708 1816//3708
f 3818//3709 3817//3709 1816//3709 1817//3709
f 3819//3710 3804//3710 3803//3710 3817//3710
f 3820//3711 3819//3711 3817//3711 3818//3711
f 3821//3712 3805//3712 3804//3712 3819//3712
f 3822//3713 3821//3713 3819//3713 3820//3713
f 3822//3714 3806//3714 3805//3714 3821//3714
f 3823//3715 3808//3715 3806//3715 3822//3715
f 3810//3716 3825//3716 3824//3716 3809//3716
f 3825//3717 3810//3717 3808//3717 3823//3717
f 3826//3718 3812//3718 3809//3718 3824//3718
f 3827//3719 3826//3719 3824//3719 3825//3719
f 3828//3720 3814//3720 3812//3720 3826//3720
f 3829//3721 3828//3721 3826//3721 3827//3721
f 3830//3722 3816//3722 3814//3722 3828//3722
f 3831//3723 3830//3723 3828//3723 3829//3723
f 3832//3724 3818//3724 1817//3724 1830//3724
f 3833//3725 3832//3725 1830//3725 1831//3725
f 3834//3726 3820//3726 3818//3726 3832//3726
f 3835//3727 3834//3727 3832//3727 3833//3727
f 3836//3728 3822//3728 3820//3728 3834//3728
f 3837//3729 3836//3729 3834//3729 3835//3729
f 3838//3730 3823//3730 3822//3730 3836//3730
f 3839//3731 3838//3731 3836//3731 3837//3731
f 3840//3732 3825//3732 3823//3732 3838//3732
f 3841//3733 3840//3733 3838//3733 3839//3733
f 3842//3734 3827//3734 3825//3734 3840//3734
f 3843//3735 3842//3735 3840//3735 3841//3735
f 3844//3736 3829//3736 3827//3736 3842//3736
f 3845//3737 3844//3737 3842//3737 3843//3737
f 3831//3738 3847//3738 3846//3738 3830//3738
f 3847//3739 3831//3739 3829//3739 3844//3739
f 3848//3740 3847//3740 3844//3740 3845//3740
f 3849//3741 3833//3741 1831//3741 1849//3741
f 3850//3742 3835//3742 3833//3742 3849//3742
f 3852//3743 3837//3743 3835//3743 3850//3743
f 3853//3744 3852//3744 3850//3744 3851//3744
f 3854//3745 3839//3745 3837//3745 3852//3745
f 3855//3746 3854//3746 3852//3746 3853//3746
f 3856//3747 3841//3747 3839//3747 3854//3747
f 3857//3748 3856//3748 3854//3748 3855//3748
f 3858//3749 3843//3749 3841//3749 3856//3749
f 3859//3750 3845//3750 3843//3750 3858//3750
f 3848//3751 3861//3751 3860//3751 3847//3751
f 3861//3752 3848//3752 3845//3752 3859//3752
f 3862//3753 3849//3753 1849//3753 1866//3753
f 3863//3754 3862//3754 1866//3754 1867//3754
f 3864//3755 3850//3755 3849//3755 3862//3755
f 3865//3756 3864//3756 3862//3756 3863//3756
f 3865//3757 3851//3757 3850//3757 3864//3757
f 3866//3758 3853//3758 3851//3758 3865//3758
f 3867//3759 3855//3759 3853//3759 3866//3759
f 3857//3760 3869//3760 3868//3760 3856//3760
f 3869//3761 3857//3761 3855//3761 3867//3761
f 3870//3762 3858//3762 3856//3762 3868//3762
f 3871//3763 3870//3763 3868//3763 3869//3763
f 3872//3764 3859//3764 3858//3764 3870//3764
f 3873//3765 3872//3765 3870//3765 3871//3765
f 3861//3766 3875//3766 3874//3766 3860//3766
f 3875//3767 3861//3767 3859//3767 3872//3767
f 3876//3768 3863//3768 1867//3768 1882//3768
f 3877//3769 3865//3769 3863//3769 3876//3769
f 3879//3770 3866//3770 3865//3770 3877//3770
f 3880//3771 3879//3771 3877//3771 3878//3771
f 3881//3772 3867//3772 3866//3772 3879//3772
f 3882//3773 3881//3773 3879//3773 3880//3773
f 3883//3774 3869//3774 3867//3774 3881//3774
f 3884//3775 3871//3775 3869//3775 3883//3775
f 3873//3776 3886//3776 3885//3776 3872//3776
f 3886//3777 3873//3777 3871//3777 3884//3777
f 3887//3778 3875//3778 3872//3778 3885//3778
f 3888//3779 3887//3779 3885//3779 3886//3779
f 3889//3780 3876//3780 1882//3780 1898//3780
f 3890//3781 3889//3781 1898//3781 1899//3781
f 3891//3782 3877//3782 3876//3782 3889//3782
f 3892//3783 3891//3783 3889//3783 3890//3783
f 3892//3784 3878//3784 3877//3784 3891//3784
f 3893//3785 3880//3785 3878//3785 3892//3785
f 3882//3786 3895//3786 3894//3786 3881//3786
f 3895//3787 3882//3787 3880//3787 3893//3787
f 3896//3788 3883//3788 3881//3788 3894//3788
f 3897//3789 3896//3789 3894//3789 3895//3789
f 3898//3790 3884//3790 3883//3790 3896//3790
f 3899//3791 3898//3791 3896//3791 3897//3791
f 3900//3792 3886//3792 3884//3792 3898//3792
f 3888//3793 3902//3793 3901//3793 3887//3793
f 3902//3794 3888//3794 3886//3794 3900//3794
f 3903//3795 3890//3795 1899//3795 1914//3795
f 3904//3796 3892//3796 3890//3796 3903//3796
f 3905//3797 3893//3797 3892//3797 3904//3797
f 3906//3798 3895//3798 3893//3798 3905//3798
f 3907//3799 3897//3799 3895//3799 3906//3799
f 3899//3800 3909//3800 3908//3800 3898//3800
f 3909//3801 3899//3801 3897//3801 3907//3801
f 3910//3802 3900//3802 3898//3802 3908//3802
f 3911//3803 3910//3803 3908//3803 3909//3803
f 3912//3804 3902//3804 3900//3804 3910//3804
f 3702//3805 3913//3805 2654//3805 2540//3805
f 3704//3806 3914//3806 3913//3806 3702//3806
f 3705//3807 3915//3807 3914//3807 3704//3807
f 3706//3808 3916//3808 3915//3808 3705//3808
f 3918//3809 3917//3809 3915//3809 3916//3809
f 3708//3810 3918//3810 3916//3810 3706//3810
f 3709//3811 3919//3811 3918//3811 3708//3811
f 3921//3812 3920//3812 3918//3812 3919//3812
f 3714//3813 3921//3813 3919//3813 3709//3813
f 3715//3814 3922//3814 3921//3814 3714//3814
f 3716//3815 3923//3815 3922//3815 3715//3815
f 3717//3816 3924//3816 3923//3816 3716//3816
f 3718//3817 3925//3817 3924//3817 3717//3817
f 3927//3818 3926//3818 3922//3818 3923//3818
f 3928//3819 3927//3819 3923//3819 3924//3819
f 3929//3820 3928//3820 3924//3820 3925//3820
f 3913//3821 3930//3821 2658//3821 2654//3821
f 3931//3822 2659//3822 2658//3822 3930//3822
f 3914//3823 3931//3823 3930//3823 3913//3823
f 3915//3824 3932//3824 3931//3824 3914//3824
f 3934//3825 3933//3825 3931//3825 3932//3825
f 3917//3826 3934//3826 3932//3826 3915//3826
f 3918//3827 3935//3827 3934//3827 3917//3827
f 3937//3828 3936//3828 3934//3828 3935//3828
f 3920//3829 3937//3829 3935//3829 3918//3829
f 3921//3830 3938//3830 3937//3830 3920//3830
f 3922//3831 3939//3831 3938//3831 3921//3831
f 3941//3832 3940//3832 3938//3832 3939//3832
f 3926//3833 3941//3833 3939//3833 3922//3833
f 3927//3834 3942//3834 3941//3834 3926//3834
f 3928//3835 3943//3835 3942//3835 3927//3835
f 3929//3836 3944//3836 3943//3836 3928//3836
f 3946//3837 3945//3837 3943//3837 3944//3837
f 3931//3838 3947//3838 2664//3838 2659//3838
f 3948//3839 2665//3839 2664//3839 3947//3839
f 3933//3840 3948//3840 3947//3840 3931//3840
f 3934//3841 3949//3841 3948//3841 3933//3841
f 3951//3842 3950//3842 3948//3842 3949//3842
f 3936//3843 3951//3843 3949//3843 3934//3843
f 3937//3844 3952//3844 3951//3844 3936//3844
f 3938//3845 3953//3845 3952//3845 3937//3845
f 3955//3846 3954//3846 3952//3846 3953//3846
f 3940//3847 3955//3847 3953//3847 3938//3847
f 3941//3848 3956//3848 3955//3848 3940//3848
f 3942//3849 3957//3849 3956//3849 3941//3849
f 3943//3850 3958//3850 3957//3850 3942//3850
f 3960//3851 3959//3851 3955//3851 3956//3851
f 3961//3852 3960//3852 3956//3852 3957//3852
f 3962//3853 3961//3853 3957//3853 3958//3853
f 3945//3854 3962//3854 3958//3854 3943//3854
f 3946//3855 3963//3855 3962//3855 3945//3855
f 3948//3856 3964//3856 2673//3856 2665//3856
f 3965//3857 2674//3857 2673//3857 3964//3857
f 3950//3858 3965//3858 3964//3858 3948//3858
f 3951//3859 3966//3859 3965//3859 3950//3859
f 3952//3860 3967//3860 3966//3860 3951//3860
f 3969//3861 3968//3861 3965//3861 3966//3861
f 3970//3862 3969//3862 3966//3862 3967//3862
f 3954//3863 3970//3863 3967//3863 3952//3863
f 3955//3864 3971//3864 3970//3864 3954//3864
f 3973//3865 3972//3865 3970//3865 3971//3865
f 3959//3866 3973//3866 3971//3866 3955//3866
f 3960//3867 3974//3867 3973//3867 3959//3867
f 3961//3868 3975//3868 3974//3868 3960//3868
f 3962//3869 3976//3869 3975//3869 3961//3869
f 3963//3870 3977//3870 3976//3870 3962//3870
f 3979//3871 3978//3871 3974//3871 3975//3871
f 3980//3872 3979//3872 3975//3872 3976//3872
f 3981//3873 3980//3873 3976//3873 3977//3873
f 3965//3874 3982//3874 2685//3874 2674//3874
f 3983//3875 2686//3875 2685//3875 3982//3875
f 3968//3876 3983//3876 3982//3876 3965//3876
f 3969//3877 3984//3877 3983//3877 3968//3877
f 3970//3878 3985//3878 3984//3878 3969//3878
f 3987//3879 3986//3879 3983//3879 3984//3879
f 3988//3880 3987//3880 3984//3880 3985//3880
f 3972//3881 3988//3881 3985//3881 3970//3881
f 3973//3882 3989//3882 3988//3882 3972//3882
f 3974//3883 3990//3883 3989//3883 3973//3883
f 3992//3884 3991//3884 3988//3884 3989//3884
f 3993//3885 3992//3885 3989//3885 3990//3885
f 3978//3886 3993//3886 3990//3886 3974//3886
f 3979//3887 3994//3887 3993//3887 3978//3887
f 3980//3888 3995//3888 3994//3888 3979//3888
f 3981//3889 3996//3889 3995//3889 3980//3889
f 3983//3890 3997//3890 2701//3890 2686//3890
f 3998//3891 2702//3891 2701//3891 3997//3891
f 3986//3892 3998//3892 3997//3892 3983//3892
f 3987//3893 3999//3893 3998//3893 3986//3893
f 3988//3894 4000//3894 3999//3894 3987//3894
f 4002//3895 4001//3895 3999//3895 4000//3895
f 3991//3896 4002//3896 4000//3896 3988//3896
f 3992//3897 4003//3897 4002//3897 3991//3897
f 3993//3898 4004//3898 4003//3898 3992//3898
f 3994//3899 4005//3899 4004//3899 3993//3899
f 3995//3900 4006//3900 4005//3900 3994//3900
f 3996//3901 4007//3901 4006//3901 3995//3901
f 3998//3902 4008//3902 2718//3902 2702//3902
f 3999//3903 4009//3903 4008//3903 3998//3903
f 4011//3904 4010//3904 4008//3904 4009//3904
f 4001//3905 4011//3905 4009//3905 3999//3905
f 4002//3906 4012//3906 4011//3906 4001//3906
f 4003//3907 4013//3907 4012//3907 4002//3907
f 4004//3908 4014//3908 4013//3908 4003//3908
f 4008//3909 4015//3909 2735//3909 2718//3909
f 4016//3910 2736//3910 2735//3910 4015//3910
f 4010//3911 4016//3911 4015//3911 4008//3911
f 4011//3912 4017//3912 4016//3912 4010//3912
f 4012//3913 4018//3913 4017//3913 4011//3913
f 3785//3914 4021//3914 4020//3914 3784//3914
f 4021//3915 3785//3915 3781//3915 4019//3915
f 3791//3916 4023//3916 4022//3916 3790//3916
f 3792//3917 4024//3917 4023//3917 3791//3917
f 4024//3918 3792//3918 3784//3918 4020//3918
f 4025//3919 4024//3919 4020//3919 4021//3919
f 3793//3920 4026//3920 3925//3920 3718//3920
f 3794//3921 4027//3921 4026//3921 3793//3921
f 3795//3922 4028//3922 4027//3922 3794//3922
f 3796//3923 4029//3923 4028//3923 3795//3923
f 3797//3924 4030//3924 4029//3924 3796//3924
f 4030//3925 3797//3925 3790//3925 4022//3925
f 4031//3926 4030//3926 4022//3926 4023//3926
f 4032//3927 3929//3927 3925//3927 4026//3927
f 4033//3928 4032//3928 4026//3928 4027//3928
f 4034//3929 4033//3929 4027//3929 4028//3929
f 4035//3930 4034//3930 4028//3930 4029//3930
f 4024//3931 4038//3931 4037//3931 4023//3931
f 4025//3932 4039//3932 4038//3932 4024//3932
f 4039//3933 4025//3933 4021//3933 4036//3933
f 4030//3934 4041//3934 4040//3934 4029//3934
f 4031//3935 4042//3935 4041//3935 4030//3935
f 4042//3936 4031//3936 4023//3936 4037//3936
f 4043//3937 4042//3937 4037//3937 4038//3937
f 4044//3938 4043//3938 4038//3938 4039//3938
f 4032//3939 4045//3939 3944//3939 3929//3939
f 4033//3940 4046//3940 4045//3940 4032//3940
f 4034//3941 4047//3941 4046//3941 4033//3941
f 4035//3942 4048//3942 4047//3942 4034//3942
f 4048//3943 4035//3943 4029//3943 4040//3943
f 4049//3944 4048//3944 4040//3944 4041//3944
f 4050//3945 4049//3945 4041//3945 4042//3945
f 4051//3946 3946//3946 3944//3946 4045//3946
f 4052//3947 4051//3947 4045//3947 4046//3947
f 4053//3948 4052//3948 4046//3948 4047//3948
f 4043//3949 4056//3949 4055//3949 4042//3949
f 4044//3950 4057//3950 4056//3950 4043//3950
f 4057//3951 4044//3951 4039//3951 4054//3951
f 4048//3952 4059//3952 4058//3952 4047//3952
f 4049//3953 4060//3953 4059//3953 4048//3953
f 4050//3954 4061//3954 4060//3954 4049//3954
f 4061//3955 4050//3955 4042//3955 4055//3955
f 4062//3956 4061//3956 4055//3956 4056//3956
f 4051//3957 4063//3957 3963//3957 3946//3957
f 4052//3958 4064//3958 4063//3958 4051//3958
f 4053//3959 4065//3959 4064//3959 4052//3959
f 4065//3960 4053//3960 4047//3960 4058//3960
f 4066//3961 4065//3961 4058//3961 4059//3961
f 4067//3962 4066//3962 4059//3962 4060//3962
f 4057//3963 4070//3963 4069//3963 4056//3963
f 4070//3964 4057//3964 4054//3964 4068//3964
f 4061//3965 4072//3965 4071//3965 4060//3965
f 4062//3966 4073//3966 4072//3966 4061//3966
f 4073//3967 4062//3967 4056//3967 4069//3967
f 4074//3968 4073//3968 4069//3968 4070//3968
f 4063//3969 4075//3969 3977//3969 3963//3969
f 4064//3970 4076//3970 4075//3970 4063//3970
f 4065//3971 4077//3971 4076//3971 4064//3971
f 4066//3972 4078//3972 4077//3972 4065//3972
f 4067//3973 4079//3973 4078//3973 4066//3973
f 4079//3974 4067//3974 4060//3974 4071//3974
f 4080//3975 4079//3975 4071//3975 4072//3975
f 4081//3976 3981//3976 3977//3976 4075//3976
f 4082//3977 4081//3977 4075//3977 4076//3977
f 4083//3978 4082//3978 4076//3978 4077//3978
f 4084//3979 4083//3979 4077//3979 4078//3979
f 4073//3980 4087//3980 4086//3980 4072//3980
f 4074//3981 4088//3981 4087//3981 4073//3981
f 4088//3982 4074//3982 4070//3982 4085//3982
f 4079//3983 4090//3983 4089//3983 4078//3983
f 4080//3984 4091//3984 4090//3984 4079//3984
f 4091//3985 4080//3985 4072//3985 4086//3985
f 4092//3986 4091//3986 4086//3986 4087//3986
f 4081//3987 4093//3987 3996//3987 3981//3987
f 4082//3988 4094//3988 4093//3988 4081//3988
f 4083//3989 4095//3989 4094//3989 4082//3989
f 4084//3990 4096//3990 4095//3990 4083//3990
f 4096//3991 4084//3991 4078//3991 4089//3991
f 4097//3992 4096//3992 4089//3992 4090//3992
f 4088//3993 4099//3993 4098//3993 4087//3993
f 4091//3994 4101//3994 4100//3994 4090//3994
f 4092//3995 4102//3995 4101//3995 4091//3995
f 4102//3996 4092//3996 4087//3996 4098//3996
f 4103//3997 4102//3997 4098//3997 4099//3997
f 4093//3998 4104//3998 4007//3998 3996//3998
f 4094//3999 4105//3999 4104//3999 4093//3999
f 4095//4000 4106//4000 4105//4000 4094//4000
f 4096//4001 4107//4001 4106//4001 4095//4001
f 4097//4002 4108//4002 4107//4002 4096//4002
f 4108//4003 4097//4003 4090//4003 4100//4003
f 4109//4004 4108//4004 4100//4004 4101//4004
f 4102//4005 4112//4005 4111//4005 4101//4005
f 4103//4006 4113//4006 4112//4006 4102//4006
f 4113//4007 4103//4007 4099//4007 4110//4007
f 4108//4008 4115//4008 4114//4008 4107//4008
f 4109//4009 4116//4009 4115//4009 4108//4009
f 4116//4010 4109//4010 4101//4010 4111//4010
f 4117//4011 4116//4011 4111//4011 4112//4011
f 4113//4012 4119//4012 4118//4012 4112//4012
f 4116//4013 4121//4013 4120//4013 4115//4013
f 4117//4014 4122//4014 4121//4014 4116//4014
f 4122//4015 4117//4015 4112//4015 4118//4015
f 4123//4016 4122//4016 4118//4016 4119//4016
f 3800//4017 4125//4017 4124//4017 3799//4017
f 4125//4018 3800//4018 3591//4018 3815//4018
f 4126//4019 4125//4019 3815//4019 3816//4019
f 3801//4020 4127//4020 4019//4020 3781//4020
f 4127//4021 3801//4021 3799//4021 4124//4021
f 4128//4022 4127//4022 4124//4022 4125//4022
f 4129//4023 4021//4023 4019//4023 4127//4023
f 4126//4024 4131//4024 4130//4024 4125//4024
f 4131//4025 4126//4025 3816//4025 3830//4025
f 4128//4026 4133//4026 4132//4026 4127//4026
f 4133//4027 4128//4027 4125//4027 4130//4027
f 4134//4028 4133//4028 4130//4028 4131//4028
f 4129//4029 4135//4029 4036//4029 4021//4029
f 4135//4030 4129//4030 4127//4030 4132//4030
f 4136//4031 4135//4031 4132//4031 4133//4031
f 4137//4032 4039//4032 4036//4032 4135//4032
f 4138//4033 4131//4033 3830//4033 3846//4033
f 4139//4034 4138//4034 3846//4034 3847//4034
f 4134//4035 4141//4035 4140//4035 4133//4035
f 4141//4036 4134//4036 4131//4036 4138//4036
f 4136//4037 4143//4037 4142//4037 4135//4037
f 4143//4038 4136//4038 4133//4038 4140//4038
f 4144//4039 4143//4039 4140//4039 4141//4039
f 4137//4040 4145//4040 4054//4040 4039//4040
f 4145//4041 4137//4041 4135//4041 4142//4041
f 4146//4042 4145//4042 4142//4042 4143//4042
f 4139//4043 4148//4043 4147//4043 4138//4043
f 4148//4044 4139//4044 3847//4044 3860//4044
f 4149//4045 4141//4045 4138//4045 4147//4045
f 4150//4046 4149//4046 4147//4046 4148//4046
f 4144//4047 4152//4047 4151//4047 4143//4047
f 4152//4048 4144//4048 4141//4048 4149//4048
f 4145//4049 4153//4049 4068//4049 4054//4049
f 4146//4050 4154//4050 4153//4050 4145//4050
f 4154//4051 4146//4051 4143//4051 4151//4051
f 4155//4052 4070//4052 4068//4052 4153//4052
f 4156//4053 4148//4053 3860//4053 3874//4053
f 4157//4054 4156//4054 3874//4054 3875//4054
f 4150//4055 4159//4055 4158//4055 4149//4055
f 4159//4056 4150//4056 4148//4056 4156//4056
f 4152//4057 4161//4057 4160//4057 4151//4057
f 4161//4058 4152//4058 4149//4058 4158//4058
f 4162//4059 4161//4059 4158//4059 4159//4059
f 4154//4060 4164//4060 4163//4060 4153//4060
f 4164//4061 4154//4061 4151//4061 4160//4061
f 4165//4062 4164//4062 4160//4062 4161//4062
f 4155//4063 4166//4063 4085//4063 4070//4063
f 4166//4064 4155//4064 4153//4064 4163//4064
f 4167//4065 4166//4065 4163//4065 4164//4065
f 4168//4066 4088//4066 4085//4066 4166//4066
f 4157//4067 4170//4067 4169//4067 4156//4067
f 4170//4068 4157//4068 3875//4068 3887//4068
f 4171//4069 4159//4069 4156//4069 4169//4069
f 4172//4070 4171//4070 4169//4070 4170//4070
f 4162//4071 4174//4071 4173//4071 4161//4071
f 4174//4072 4162//4072 4159//4072 4171//4072
f 4165//4073 4176//4073 4175//4073 4164//4073
f 4176//4074 4165//4074 4161//4074 4173//4074
f 4177//4075 4176//4075 4173//4075 4174//4075
f 4167//4076 4179//4076 4178//4076 4166//4076
f 4179//4077 4167//4077 4164//4077 4175//4077
f 4168//4078 4180//4078 4099//4078 4088//4078
f 4180//4079 4168//4079 4166//4079 4178//4079
f 4181//4080 4170//4080 3887//4080 3901//4080
f 4182//4081 4181//4081 3901//4081 3902//4081
f 4172//4082 4184//4082 4183//4082 4171//4082
f 4184//4083 4172//4083 4170//4083 4181//4083
f 4185//4084 4174//4084 4171//4084 4183//4084
f 4186//4085 4185//4085 4183//4085 4184//4085
f 4176//4086 4188//4086 4187//4086 4175//4086
f 4177//4087 4189//4087 4188//4087 4176//4087
f 4189//4088 4177//4088 4174//4088 4185//4088
f 4179//4089 4191//4089 4190//4089 4178//4089
f 4191//4090 4179//4090 4175//4090 4187//4090
f 4192//4091 4191//4091 4187//4091 4188//4091
f 4180//4092 4193//4092 4110//4092 4099//4092
f 4193//4093 4180//4093 4178//4093 4190//4093
f 4194//4094 4193//4094 4190//4094 4191//4094
f 4195//4095 4113//4095 4110//4095 4193//4095
f 4182//4096 4197//4096 4196//4096 4181//4096
f 4197//4097 4182//4097 3902//4097 3912//4097
f 4198//4098 4184//4098 4181//4098 4196//4098
f 4186//4099 4200//4099 4199//4099 4185//4099
f 4200//4100 4186//4100 4184//4100 4198//4100
f 4189//4101 4202//4101 4201//4101 4188//4101
f 4202//4102 4189//4102 4185//4102 4199//4102
f 4192//4103 4204//4103 4203//4103 4191//4103
f 4204//4104 4192//4104 4188//4104 4201//4104
f 4194//4105 4206//4105 4205//4105 4193//4105
f 4206//4106 4194//4106 4191//4106 4203//4106
f 4195//4107 4207//4107 4119//4107 4113//4107
f 4207//4108 4195//4108 4193//4108 4205//4108
f 4209//4109 4208//4109 4004//4109 4005//4109
f 4210//4110 4209//4110 4005//4110 4006//4110
f 4211//4111 4210//4111 4006//4111 4007//4111
f 4213//4112 4212//4112 4012//4112 4013//4112
f 4214//4113 4213//4113 4013//4113 4014//4113
f 4208//4114 4214//4114 4014//4114 4004//4114
f 4209//4115 4215//4115 4214//4115 4208//4115
f 4210//4116 4216//4116 4215//4116 4209//4116
f 4211//4117 4217//4117 4216//4117 4210//4117
f 4219//4118 4218//4118 4017//4118 4018//4118
f 4212//4119 4219//4119 4018//4119 4012//4119
f 4213//4120 4220//4120 4219//4120 4212//4120
f 4214//4121 4221//4121 4220//4121 4213//4121
f 4215//4122 4222//4122 4221//4122 4214//4122
f 4216//4123 4223//4123 4222//4123 4215//4123
f 4217//4124 4224//4124 4223//4124 4216//4124
f 4226//4125 4225//4125 4221//4125 4222//4125
f 4227//4126 4226//4126 4222//4126 4223//4126
f 4228//4127 4227//4127 4223//4127 4224//4127
f 4229//4128 4211//4128 4007//4128 4104//4128
f 4230//4129 4229//4129 4104//4129 4105//4129
f 4231//4130 4230//4130 4105//4130 4106//4130
f 4232//4131 4231//4131 4106//4131 4107//4131
f 4229//4132 4233//4132 4217//4132 4211//4132
f 4230//4133 4234//4133 4233//4133 4229//4133
f 4231//4134 4235//4134 4234//4134 4230//4134
f 4232//4135 4236//4135 4235//4135 4231//4135
f 4236//4136 4232//4136 4107//4136 4114//4136
f 4237//4137 4236//4137 4114//4137 4115//4137
f 4233//4138 4238//4138 4224//4138 4217//4138
f 4234//4139 4239//4139 4238//4139 4233//4139
f 4235//4140 4240//4140 4239//4140 4234//4140
f 4236//4141 4241//4141 4240//4141 4235//4141
f 4237//4142 4242//4142 4241//4142 4236//4142
f 4242//4143 4237//4143 4115//4143 4120//4143
f 4243//4144 4242//4144 4120//4144 4121//4144
f 4244//4145 4228//4145 4224//4145 4238//4145
f 4245//4146 4244//4146 4238//4146 4239//4146
f 4246//4147 4245//4147 4239//4147 4240//4147
f 4247//4148 4246//4148 4240//4148 4241//4148
f 4248//4149 3903//4149 1914//4149 2301//4149
f 4249//4150 3904//4150 3903//4150 4248//4150
f 4250//4151 3905//4151 3904//4151 4249//4151
f 4251//4152 3906//4152 3905//4152 4250//4152
f 4252//4153 3907//4153 3906//4153 4251//4153
f 4253//4154 3909//4154 3907//4154 4252//4154
f 3911//4155 4255//4155 4254//4155 3910//4155
f 4255//4156 3911//4156 3909//4156 4253//4156
f 4256//4157 3912//4157 3910//4157 4254//4157
f 4257//4158 4256//4158 4254//4158 4255//4158
f 4258//4159 4248//4159 2301//4159 2315//4159
f 4259//4160 4249//4160 4248//4160 4258//4160
f 4261//4161 4250//4161 4249//4161 4259//4161
f 4262//4162 4261//4162 4259//4162 4260//4162
f 4263//4163 4251//4163 4250//4163 4261//4163
f 4264//4164 4252//4164 4251//4164 4263//4164
f 4265//4165 4253//4165 4252//4165 4264//4165
f 4266//4166 4255//4166 4253//4166 4265//4166
f 4257//4167 4268//4167 4267//4167 4256//4167
f 4268//4168 4257//4168 4255//4168 4266//4168
f 4269//4169 4258//4169 2315//4169 2327//4169
f 4271//4170 4259//4170 4258//4170 4269//4170
f 4272//4171 4271//4171 4269//4171 4270//4171
f 4272//4172 4260//4172 4259//4172 4271//4172
f 4262//4173 4274//4173 4273//4173 4261//4173
f 4274//4174 4262//4174 4260//4174 4272//4174
f 4275//4175 4263//4175 4261//4175 4273//4175
f 4276//4176 4275//4176 4273//4176 4274//4176
f 4277//4177 4264//4177 4263//4177 4275//4177
f 4278//4178 4265//4178 4264//4178 4277//4178
f 4279//4179 4266//4179 4265//4179 4278//4179
f 4268//4180 4281//4180 4280//4180 4267//4180
f 4281//4181 4268//4181 4266//4181 4279//4181
f 4282//4182 4269//4182 2327//4182 2340//4182
f 4283//4183 4270//4183 4269//4183 4282//4183
f 4284//4184 4272//4184 4270//4184 4283//4184
f 4285//4185 4274//4185 4272//4185 4284//4185
f 4276//4186 4287//4186 4286//4186 4275//4186
f 4287//4187 4276//4187 4274//4187 4285//4187
f 4288//4188 4277//4188 4275//4188 4286//4188
f 4289//4189 4288//4189 4286//4189 4287//4189
f 4290//4190 4278//4190 4277//4190 4288//4190
f 4291//4191 4279//4191 4278//4191 4290//4191
f 4292//4192 4281//4192 4279//4192 4291//4192
f 4293//4193 4282//4193 2340//4193 2351//4193
f 4294//4194 4293//4194 2351//4194 2352//4194
f 4294//4195 4283//4195 4282//4195 4293//4195
f 4295//4196 4284//4196 4283//4196 4294//4196
f 4296//4197 4285//4197 4284//4197 4295//4197
f 4297//4198 4287//4198 4285//4198 4296//4198
f 4289//4199 4299//4199 4298//4199 4288//4199
f 4299//4200 4289//4200 4287//4200 4297//4200
f 4300//4201 4290//4201 4288//4201 4298//4201
f 4301//4202 4291//4202 4290//4202 4300//4202
f 4302//4203 4292//4203 4291//4203 4301//4203
f 4303//4204 4294//4204 2352//4204 2365//4204
f 4304//4205 4295//4205 4294//4205 4303//4205
f 4305//4206 4296//4206 4295//4206 4304//4206
f 4306//4207 4297//4207 4296//4207 4305//4207
f 4299//4208 4308//4208 4307//4208 4298//4208
f 4308//4209 4299//4209 4297//4209 4306//4209
f 4309//4210 4300//4210 4298//4210 4307//4210
f 4310//4211 4309//4211 4307//4211 4308//4211
f 4311//4212 4301//4212 4300//4212 4309//4212
f 4312//4213 4302//4213 4301//4213 4311//4213
f 4313//4214 4303//4214 2365//4214 2379//4214
f 4314//4215 4304//4215 4303//4215 4313//4215
f 4315//4216 4305//4216 4304//4216 4314//4216
f 4316//4217 4306//4217 4305//4217 4315//4217
f 4317//4218 4308//4218 4306//4218 4316//4218
f 4310//4219 4319//4219 4318//4219 4309//4219
f 4319//4220 4310//4220 4308//4220 4317//4220
f 4320//4221 4311//4221 4309//4221 4318//4221
f 4321//4222 4312//4222 4311//4222 4320//4222
f 4322//4223 4313//4223 2379//4223 2391//4223
f 4323//4224 4314//4224 4313//4224 4322//4224
f 4324//4225 4315//4225 4314//4225 4323//4225
f 4325//4226 4316//4226 4315//4226 4324//4226
f 4326//4227 4317//4227 4316//4227 4325//4227
f 4319//4228 4328//4228 4327//4228 4318//4228
f 4328//4229 4319//4229 4317//4229 4326//4229
f 4329//4230 4320//4230 4318//4230 4327//4230
f 4330//4231 4329//4231 4327//4231 4328//4231
f 4331//4232 4321//4232 4320//4232 4329//4232
f 4016//4233 4332//4233 2857//4233 2736//4233
f 4017//4234 4333//4234 4332//4234 4016//4234
f 4332//4235 4334//4235 2876//4235 2857//4235
f 4122//4236 4337//4236 4336//4236 4121//4236
f 4123//4237 4338//4237 4337//4237 4122//4237
f 4338//4238 4123//4238 4119//4238 4335//4238
f 4338//4239 4340//4239 4339//4239 4337//4239
f 4197//4240 4344//4240 4343//4240 4196//4240
f 4344//4241 4197//4241 3912//4241 4256//4241
f 4345//4242 4198//4242 4196//4242 4343//4242
f 4346//4243 4345//4243 4343//4243 4344//4243
f 4200//4244 4348//4244 4347//4244 4199//4244
f 4348//4245 4200//4245 4198//4245 4345//4245
f 4202//4246 4350//4246 4349//4246 4201//4246
f 4350//4247 4202//4247 4199//4247 4347//4247
f 4351//4248 4350//4248 4347//4248 4348//4248
f 4204//4249 4353//4249 4352//4249 4203//4249
f 4353//4250 4204//4250 4201//4250 4349//4250
f 4354//4251 4353//4251 4349//4251 4350//4251
f 4206//4252 4356//4252 4355//4252 4205//4252
f 4356//4253 4206//4253 4203//4253 4352//4253
f 4357//4254 4356//4254 4352//4254 4353//4254
f 4207//4255 4358//4255 4335//4255 4119//4255
f 4358//4256 4207//4256 4205//4256 4355//4256
f 4359//4257 4358//4257 4355//4257 4356//4257
f 4360//4258 4338//4258 4335//4258 4358//4258
f 4361//4259 4344//4259 4256//4259 4267//4259
f 4346//4260 4363//4260 4362//4260 4345//4260
f 4363//4261 4346//4261 4344//4261 4361//4261
f 4364//4262 4348//4262 4345//4262 4362//4262
f 4365//4263 4364//4263 4362//4263 4363//4263
f 4351//4264 4367//4264 4366//4264 4350//4264
f 4367//4265 4351//4265 4348//4265 4364//4265
f 4354//4266 4369//4266 4368//4266 4353//4266
f 4369//4267 4354//4267 4350//4267 4366//4267
f 4357//4268 4371//4268 4370//4268 4356//4268
f 4371//4269 4357//4269 4353//4269 4368//4269
f 4359//4270 4373//4270 4372//4270 4358//4270
f 4373//4271 4359//4271 4356//4271 4370//4271
f 4360//4272 4374//4272 4340//4272 4338//4272
f 4374//4273 4360//4273 4358//4273 4372//4273
f 4375//4274 4361//4274 4267//4274 4280//4274
f 4376//4275 4375//4275 4280//4275 4281//4275
f 4377//4276 4363//4276 4361//4276 4375//4276
f 4365//4277 4379//4277 4378//4277 4364//4277
f 4379//4278 4365//4278 4363//4278 4377//4278
f 4367//4279 4381//4279 4380//4279 4366//4279
f 4381//4280 4367//4280 4364//4280 4378//4280
f 4369//4281 4383//4281 4382//4281 4368//4281
f 4383//4282 4369//4282 4366//4282 4380//4282
f 4384//4283 4383//4283 4380//4283 4381//4283
f 4371//4284 4386//4284 4385//4284 4370//4284
f 4386//4285 4371//4285 4368//4285 4382//4285
f 4387//4286 4386//4286 4382//4286 4383//4286
f 4373//4287 4389//4287 4388//4287 4372//4287
f 4389//4288 4373//4288 4370//4288 4385//4288
f 4390//4289 4389//4289 4385//4289 4386//4289
f 4374//4290 4391//4290 4341//4290 4340//4290
f 4391//4291 4374//4291 4372//4291 4388//4291
f 4392//4292 4391//4292 4388//4292 4389//4292
f 4376//4293 4394//4293 4393//4293 4375//4293
f 4394//4294 4376//4294 4281//4294 4292//4294
f 4395//4295 4377//4295 4375//4295 4393//4295
f 4379//4296 4397//4296 4396//4296 4378//4296
f 4397//4297 4379//4297 4377//4297 4395//4297
f 4398//4298 4381//4298 4378//4298 4396//4298
f 4384//4299 4400//4299 4399//4299 4383//4299
f 4400//4300 4384//4300 4381//4300 4398//4300
f 4387//4301 4402//4301 4401//4301 4386//4301
f 4402//4302 4387//4302 4383//4302 4399//4302
f 4390//4303 4404//4303 4403//4303 4389//4303
f 4404//4304 4390//4304 4386//4304 4401//4304
f 4391//4305 4405//4305 4342//4305 4341//4305
f 4392//4306 4406//4306 4405//4306 4391//4306
f 4406//4307 4392//4307 4389//4307 4403//4307
f 4394//4308 4408//4308 4407//4308 4393//4308
f 4408//4309 4394//4309 4292//4309 4302//4309
f 4409//4310 4395//4310 4393//4310 4407//4310
f 4397//4311 4411//4311 4410//4311 4396//4311
f 4411//4312 4397//4312 4395//4312 4409//4312
f 4412//4313 4398//4313 4396//4313 4410//4313
f 4413//4314 4412//4314 4410//4314 4411//4314
f 4400//4315 4415//4315 4414//4315 4399//4315
f 4415//4316 4400//4316 4398//4316 4412//4316
f 4402//4317 4417//4317 4416//4317 4401//4317
f 4417//4318 4402//4318 4399//4318 4414//4318
f 4404//4319 4419//4319 4418//4319 4403//4319
f 4419//4320 4404//4320 4401//4320 4416//4320
f 4406//4321 4421//4321 4420//4321 4405//4321
f 4421//4322 4406//4322 4403//4322 4418//4322
f 4408//4323 4423//4323 4422//4323 4407//4323
f 4423//4324 4408//4324 4302//4324 4312//4324
f 4424//4325 4409//4325 4407//4325 4422//4325
f 4425//4326 4411//4326 4409//4326 4424//4326
f 4413//4327 4427//4327 4426//4327 4412//4327
f 4427//4328 4413//4328 4411//4328 4425//4328
f 4415//4329 4429//4329 4428//4329 4414//4329
f 4429//4330 4415//4330 4412//4330 4426//4330
f 4417//4331 4431//4331 4430//4331 4416//4331
f 4431//4332 4417//4332 4414//4332 4428//4332
f 4419//4333 4433//4333 4432//4333 4418//4333
f 4433//4334 4419//4334 4416//4334 4430//4334
f 4421//4335 4435//4335 4434//4335 4420//4335
f 4435//4336 4421//4336 4418//4336 4432//4336
f 4423//4337 4437//4337 4436//4337 4422//4337
f 4437//4338 4423//4338 4312//4338 4321//4338
f 4438//4339 4424//4339 4422//4339 4436//4339
f 4439//4340 4438//4340 4436//4340 4437//4340
f 4440//4341 4425//4341 4424//4341 4438//4341
f 4427//4342 4442//4342 4441//4342 4426//4342
f 4442//4343 4427//4343 4425//4343 4440//4343
f 4429//4344 4444//4344 4443//4344 4428//4344
f 4444//4345 4429//4345 4426//4345 4441//4345
f 4431//4346 4446//4346 4445//4346 4430//4346
f 4446//4347 4431//4347 4428//4347 4443//4347
f 4433//4348 4448//4348 4447//4348 4432//4348
f 4448//4349 4433//4349 4430//4349 4445//4349
f 4435//4350 4450//4350 4449//4350 4434//4350
f 4450//4351 4435//4351 4432//4351 4447//4351
f 4451//4352 4450//4352 4447//4352 4448//4352
f 4452//4353 4437//4353 4321//4353 4331//4353
f 4439//4354 4454//4354 4453//4354 4438//4354
f 4454//4355 4439//4355 4437//4355 4452//4355
f 4455//4356 4440//4356 4438//4356 4453//4356
f 4442//4357 4457//4357 4456//4357 4441//4357
f 4457//4358 4442//4358 4440//4358 4455//4358
f 4444//4359 4459//4359 4458//4359 4443//4359
f 4459//4360 4444//4360 4441//4360 4456//4360
f 4446//4361 4461//4361 4460//4361 4445//4361
f 4461//4362 4446//4362 4443//4362 4458//4362
f 4462//4363 4448//4363 4445//4363 4460//4363
f 4463//4364 4462//4364 4460//4364 4461//4364
f 4450//4365 4465//4365 4464//4365 4449//4365
f 4451//4366 4466//4366 4465//4366 4450//4366
f 4466//4367 4451//4367 4448//4367 4462//4367
f 4468//4368 4467//4368 4332//4368 4333//4368
f 4218//4369 4468//4369 4333//4369 4017//4369
f 4219//4370 4469//4370 4468//4370 4218//4370
f 4220//4371 4470//4371 4469//4371 4219//4371
f 4221//4372 4471//4372 4470//4372 4220//4372
f 4473//4373 4472//4373 4469//4373 4470//4373
f 4474//4374 4473//4374 4470//4374 4471//4374
f 4225//4375 4474//4375 4471//4375 4221//4375
f 4226//4376 4475//4376 4474//4376 4225//4376
f 4227//4377 4476//4377 4475//4377 4226//4377
f 4228//4378 4477//4378 4476//4378 4227//4378
f 4478//4379 2968//4379 2876//4379 4334//4379
f 4467//4380 4478//4380 4334//4380 4332//4380
f 4468//4381 4479//4381 4478//4381 4467//4381
f 4469//4382 4480//4382 4479//4382 4468//4382
f 4482//4383 4481//4383 4479//4383 4480//4383
f 4472//4384 4482//4384 4480//4384 4469//4384
f 4473//4385 4483//4385 4482//4385 4472//4385
f 4474//4386 4484//4386 4483//4386 4473//4386
f 4475//4387 4485//4387 4484//4387 4474//4387
f 4476//4388 4486//4388 4485//4388 4475//4388
f 4477//4389 4487//4389 4486//4389 4476//4389
f 4489//4390 4488//4390 4485//4390 4486//4390
f 4490//4391 4489//4391 4486//4391 4487//4391
f 4478//4392 4491//4392 2970//4392 2968//4392
f 4479//4393 4492//4393 4491//4393 4478//4393
f 4494//4394 4493//4394 4491//4394 4492//4394
f 4481//4395 4494//4395 4492//4395 4479//4395
f 4482//4396 4495//4396 4494//4396 4481//4396
f 4483//4397 4496//4397 4495//4397 4482//4397
f 4484//4398 4497//4398 4496//4398 4483//4398
f 4485//4399 4498//4399 4497//4399 4484//4399
f 4500//4400 4499//4400 4496//4400 4497//4400
f 4501//4401 4500//4401 4497//4401 4498//4401
f 4488//4402 4501//4402 4498//4402 4485//4402
f 4489//4403 4502//4403 4501//4403 4488//4403
f 4490//4404 4503//4404 4502//4404 4489//4404
f 4491//4405 4504//4405 2973//4405 2970//4405
f 4505//4406 2974//4406 2973//4406 4504//4406
f 4493//4407 4505//4407 4504//4407 4491//4407
f 4494//4408 4506//4408 4505//4408 4493//4408
f 4495//4409 4507//4409 4506//4409 4494//4409
f 4496//4410 4508//4410 4507//4410 4495//4410
f 4510//4411 4509//4411 4507//4411 4508//4411
f 4499//4412 4510//4412 4508//4412 4496//4412
f 4500//4413 4511//4413 4510//4413 4499//4413
f 4501//4414 4512//4414 4511//4414 4500//4414
f 4502//4415 4513//4415 4512//4415 4501//4415
f 4503//4416 4514//4416 4513//4416 4502//4416
f 4505//4417 4515//4417 2978//4417 2974//4417
f 4506//4418 4516//4418 4515//4418 4505//4418
f 4507//4419 4517//4419 4516//4419 4506//4419
f 4519//4420 4518//4420 4516//4420 4517//4420
f 4509//4421 4519//4421 4517//4421 4507//4421
f 4510//4422 4520//4422 4519//4422 4509//4422
f 4511//4423 4521//4423 4520//4423 4510//4423
f 4512//4424 4522//4424 4521//4424 4511//4424
f 4513//4425 4523//4425 4522//4425 4512//4425
f 4514//4426 4524//4426 4523//4426 4513//4426
f 4515//4427 4525//4427 2983//4427 2978//4427
f 4516//4428 4526//4428 4525//4428 4515//4428
f 4518//4429 4527//4429 4526//4429 4516//4429
f 4519//4430 4528//4430 4527//4430 4518//4430
f 4520//4431 4529//4431 4528//4431 4519//4431
f 4521//4432 4530//4432 4529//4432 4520//4432
f 4522//4433 4531//4433 4530//4433 4521//4433
f 4523//4434 4532//4434 4531//4434 4522//4434
f 4524//4435 4533//4435 4532//4435 4523//4435
f 4535//4436 4534//4436 4532//4436 4533//4436
f 4525//4437 4536//4437 2987//4437 2983//4437
f 4526//4438 4537//4438 4536//4438 4525//4438
f 4539//4439 4538//4439 4536//4439 4537//4439
f 4527//4440 4539//4440 4537//4440 4526//4440
f 4528//4441 4540//4441 4539//4441 4527//4441
f 4529//4442 4541//4442 4540//4442 4528//4442
f 4530//4443 4542//4443 4541//4443 4529//4443
f 4531//4444 4543//4444 4542//4444 4530//4444
f 4532//4445 4544//4445 4543//4445 4531//4445
f 4546//4446 4545//4446 4543//4446 4544//4446
f 4534//4447 4546//4447 4544//4447 4532//4447
f 4535//4448 4547//4448 4546//4448 4534//4448
f 4536//4449 4548//4449 2992//4449 2987//4449
f 4538//4450 4549//4450 4548//4450 4536//4450
f 4539//4451 4550//4451 4549//4451 4538//4451
f 4540//4452 4551//4452 4550//4452 4539//4452
f 4541//4453 4552//4453 4551//4453 4540//4453
f 4542//4454 4553//4454 4552//4454 4541//4454
f 4543//4455 4554//4455 4553//4455 4542//4455
f 4556//4456 4555//4456 4552//4456 4553//4456
f 4557//4457 4556//4457 4553//4457 4554//4457
f 4545//4458 4557//4458 4554//4458 4543//4458
f 4546//4459 4558//4459 4557//4459 4545//4459
f 4547//4460 4559//4460 4558//4460 4546//4460
f 4242//4461 4561//4461 4560//4461 4241//4461
f 4243//4462 4562//4462 4561//4462 4242//4462
f 4562//4463 4243//4463 4121//4463 4336//4463
f 4563//4464 4562//4464 4336//4464 4337//4464
f 4244//4465 4564//4465 4477//4465 4228//4465
f 4245//4466 4565//4466 4564//4466 4244//4466
f 4246//4467 4566//4467 4565//4467 4245//4467
f 4247//4468 4567//4468 4566//4468 4246//4468
f 4567//4469 4247//4469 4241//4469 4560//4469
f 4568//4470 4567//4470 4560//4470 4561//4470
f 4562//4471 4570//4471 4569//4471 4561//4471
f 4563//4472 4571//4472 4570//4472 4562//4472
f 4571//4473 4563//4473 4337//4473 4339//4473
f 4572//4474 4571//4474 4339//4474 4340//4474
f 4564//4475 4573//4475 4487//4475 4477//4475
f 4565//4476 4574//4476 4573//4476 4564//4476
f 4566//4477 4575//4477 4574//4477 4565//4477
f 4567//4478 4576//4478 4575//4478 4566//4478
f 4568//4479 4577//4479 4576//4479 4567//4479
f 4577//4480 4568//4480 4561//4480 4569//4480
f 4578//4481 4577//4481 4569//4481 4570//4481
f 4579//4482 4490//4482 4487//4482 4573//4482
f 4571//4483 4581//4483 4580//4483 4570//4483
f 4572//4484 4582//4484 4581//4484 4571//4484
f 4582//4485 4572//4485 4340//4485 4341//4485
f 4574//4486 4584//4486 4583//4486 4573//4486
f 4575//4487 4585//4487 4584//4487 4574//4487
f 4576//4488 4586//4488 4585//4488 4575//4488
f 4577//4489 4587//4489 4586//4489 4576//4489
f 4578//4490 4588//4490 4587//4490 4577//4490
f 4588//4491 4578//4491 4570//4491 4580//4491
f 4579//4492 4589//4492 4503//4492 4490//4492
f 4589//4493 4579//4493 4573//4493 4583//4493
f 4590//4494 4589//4494 4583//4494 4584//4494
f 4591//4495 4590//4495 4584//4495 4585//4495
f 4592//4496 4591//4496 4585//4496 4586//4496
f 4581//4497 4594//4497 4593//4497 4580//4497
f 4582//4498 4595//4498 4594//4498 4581//4498
f 4595//4499 4582//4499 4341//4499 4342//4499
f 4587//4500 4597//4500 4596//4500 4586//4500
f 4588//4501 4598//4501 4597//4501 4587//4501
f 4598//4502 4588//4502 4580//4502 4593//4502
f 4599//4503 4598//4503 4593//4503 4594//4503
f 4589//4504 4600//4504 4514//4504 4503//4504
f 4590//4505 4601//4505 4600//4505 4589//4505
f 4591//4506 4602//4506 4601//4506 4590//4506
f 4592//4507 4603//4507 4602//4507 4591//4507
f 4603//4508 4592//4508 4586//4508 4596//4508
f 4604//4509 4603//4509 4596//4509 4597//4509
f 4595//4510 4606//4510 4605//4510 4594//4510
f 4598//4511 4608//4511 4607//4511 4597//4511
f 4599//4512 4609//4512 4608//4512 4598//4512
f 4609//4513 4599//4513 4594//4513 4605//4513
f 4600//4514 4610//4514 4524//4514 4514//4514
f 4601//4515 4611//4515 4610//4515 4600//4515
f 4602//4516 4612//4516 4611//4516 4601//4516
f 4603//4517 4613//4517 4612//4517 4602//4517
f 4604//4518 4614//4518 4613//4518 4603//4518
f 4614//4519 4604//4519 4597//4519 4607//4519
f 4606//4520 4616//4520 4615//4520 4605//4520
f 4608//4521 4618//4521 4617//4521 4607//4521
f 4609//4522 4619//4522 4618//4522 4608//4522
f 4619//4523 4609//4523 4605//4523 4615//4523
f 4610//4524 4620//4524 4533//4524 4524//4524
f 4611//4525 4621//4525 4620//4525 4610//4525
f 4612//4526 4622//4526 4621//4526 4611//4526
f 4613//4527 4623//4527 4622//4527 4612//4527
f 4614//4528 4624//4528 4623//4528 4613//4528
f 4624//4529 4614//4529 4607//4529 4617//4529
f 4625//4530 4624//4530 4617//4530 4618//4530
f 4626//4531 4535//4531 4533//4531 4620//4531
f 4616//4532 4628//4532 4627//4532 4615//4532
f 4619//4533 4630//4533 4629//4533 4618//4533
f 4630//4534 4619//4534 4615//4534 4627//4534
f 4631//4535 4630//4535 4627//4535 4628//4535
f 4621//4536 4633//4536 4632//4536 4620//4536
f 4622//4537 4634//4537 4633//4537 4621//4537
f 4623//4538 4635//4538 4634//4538 4622//4538
f 4624//4539 4636//4539 4635//4539 4623//4539
f 4625//4540 4637//4540 4636//4540 4624//4540
f 4637//4541 4625//4541 4618//4541 4629//4541
f 4626//4542 4638//4542 4547//4542 4535//4542
f 4638//4543 4626//4543 4620//4543 4632//4543
f 4639//4544 4638//4544 4632//4544 4633//4544
f 4630//4545 4642//4545 4641//4545 4629//4545
f 4631//4546 4643//4546 4642//4546 4630//4546
f 4643//4547 4631//4547 4628//4547 4640//4547
f 4634//4548 4645//4548 4644//4548 4633//4548
f 4635//4549 4646//4549 4645//4549 4634//4549
f 4636//4550 4647//4550 4646//4550 4635//4550
f 4637//4551 4648//4551 4647//4551 4636//4551
f 4648//4552 4637//4552 4629//4552 4641//4552
f 4638//4553 4649//4553 4559//4553 4547//4553
f 4639//4554 4650//4554 4649//4554 4638//4554
f 4650//4555 4639//4555 4633//4555 4644//4555
f 4651//4556 4650//4556 4644//4556 4645//4556
f 4652//4557 4595//4557 4342//4557 4405//4557
f 4652//4558 4653//4558 4606//4558 4595//4558
f 4653//4559 4652//4559 4405//4559 4420//4559
f 4653//4560 4654//4560 4616//4560 4606//4560
f 4654//4561 4653//4561 4420//4561 4434//4561
f 4654//4562 4655//4562 4628//4562 4616//4562
f 4655//4563 4654//4563 4434//4563 4449//4563
f 4655//4564 4656//4564 4640//4564 4628//4564
f 4656//4565 4655//4565 4449//4565 4464//4565
f 4657//4566 4656//4566 4464//4566 4465//4566
f 4659//4567 333//4567 332//4567 4658//4567
f 4660//4568 334//4568 333//4568 4659//4568
f 4664//4569 338//4569 337//4569 4663//4569
f 338//4570 4664//4570 4658//4570 332//4570
f 4666//4571 340//4571 339//4571 4665//4571
f 4667//4572 4666//4572 4661//4572 4662//4572
f 4667//4573 341//4573 340//4573 4666//4573
f 4668//4574 342//4574 341//4574 4667//4574
f 4669//4575 343//4575 342//4575 4668//4575
f 343//4576 4669//4576 4663//4576 337//4576
f 4671//4577 4659//4577 4658//4577 4670//4577
f 4672//4578 4660//4578 4659//4578 4671//4578
f 4674//4579 4662//4579 4661//4579 4673//4579
f 4677//4580 4664//4580 4663//4580 4676//4580
f 4664//4581 4677//4581 4670//4581 4658//4581
f 4679//4582 4666//4582 4665//4582 4678//4582
f 4666//4583 4679//4583 4673//4583 4661//4583
f 4680//4584 4667//4584 4662//4584 4674//4584
f 4681//4585 4680//4585 4674//4585 4675//4585
f 4681//4586 4668//4586 4667//4586 4680//4586
f 4682//4587 4681//4587 4675//4587 4676//4587
f 4682//4588 4669//4588 4668//4588 4681//4588
f 4669//4589 4682//4589 4676//4589 4663//4589
f 4684//4590 4671//4590 4670//4590 4683//4590
f 4685//4591 4672//4591 4671//4591 4684//4591
f 4687//4592 4674//4592 4673//4592 4686//4592
f 4688//4593 4675//4593 4674//4593 4687//4593
f 4689//4594 4676//4594 4675//4594 4688//4594
f 4690//4595 4677//4595 4676//4595 4689//4595
f 4677//4596 4690//4596 4683//4596 4670//4596
f 4692//4597 4679//4597 4678//4597 4691//4597
f 4679//4598 4692//4598 4686//4598 4673//4598
f 4692//4599 4693//4599 4687//4599 4686//4599
f 4695//4600 4684//4600 4683//4600 4694//4600
f 4696//4601 4685//4601 4684//4601 4695//4601
f 4698//4602 4688//4602 4687//4602 4697//4602
f 4699//4603 4689//4603 4688//4603 4698//4603
f 4700//4604 4690//4604 4689//4604 4699//4604
f 4690//4605 4700//4605 4694//4605 4683//4605
f 4700//4606 4701//4606 4695//4606 4694//4606
f 4701//4607 4702//4607 4696//4607 4695//4607
f 4704//4608 4692//4608 4691//4608 4703//4608
f 4705//4609 4693//4609 4692//4609 4704//4609
f 4693//4610 4705//4610 4697//4610 4687//4610
f 4707//4611 4698//4611 4697//4611 4706//4611
f 4708//4612 4699//4612 4698//4612 4707//4612
f 4709//4613 4700//4613 4699//4613 4708//4613
f 4710//4614 4701//4614 4700//4614 4709//4614
f 4711//4615 4702//4615 4701//4615 4710//4615
f 4713//4616 4705//4616 4704//4616 4712//4616
f 4705//4617 4713//4617 4706//4617 4697//4617
f 4713//4618 4714//4618 4707//4618 4706//4618
f 4714//4619 4715//4619 4708//4619 4707//4619
f 4717//4620 4709//4620 4708//4620 4716//4620
f 4718//4621 4710//4621 4709//4621 4717//4621
f 4719//4622 4711//4622 4710//4622 4718//4622
f 4721//4623 4713//4623 4712//4623 4720//4623
f 4722//4624 4714//4624 4713//4624 4721//4624
f 4723//4625 4715//4625 4714//4625 4722//4625
f 4715//4626 4723//4626 4716//4626 4708//4626
f 4723//4627 4724//4627 4717//4627 4716//4627
f 4724//4628 4725//4628 4718//4628 4717//4628
f 4725//4629 4726//4629 4719//4629 4718//4629
f 4728//4630 4722//4630 4721//4630 4727//4630
f 4729//4631 4723//4631 4722//4631 4728//4631
f 4730//4632 4724//4632 4723//4632 4729//4632
f 4731//4633 4725//4633 4724//4633 4730//4633
f 4732//4634 4726//4634 4725//4634 4731//4634
f 4734//4635 409//4635 334//4635 4660//4635
f 4735//4636 410//4636 409//4636 4734//4636
f 4736//4637 411//4637 410//4637 4735//4637
f 4737//4638 412//4638 411//4638 4736//4638
f 4738//4639 413//4639 412//4639 4737//4639
f 4739//4640 414//4640 413//4640 4738//4640
f 4740//4641 415//4641 414//4641 4739//4641
f 4741//4642 416//4642 415//4642 4740//4642
f 416//4643 4741//4643 4733//4643 408//4643
f 4743//4644 4734//4644 4660//4644 4672//4644
f 4744//4645 4735//4645 4734//4645 4743//4645
f 4745//4646 4736//4646 4735//4646 4744//4646
f 4746//4647 4737//4647 4736//4647 4745//4647
f 4747//4648 4738//4648 4737//4648 4746//4648
f 4748//4649 4739//4649 4738//4649 4747//4649
f 4749//4650 4740//4650 4739//4650 4748//4650
f 4750//4651 4741//4651 4740//4651 4749//4651
f 4741//4652 4750//4652 4742//4652 4733//4652
f 4751//4653 4743//4653 4672//4653 4685//4653
f 4752//4654 4744//4654 4743//4654 4751//4654
f 4753//4655 4745//4655 4744//4655 4752//4655
f 4754//4656 4746//4656 4745//4656 4753//4656
f 4755//4657 4747//4657 4746//4657 4754//4657
f 4756//4658 4748//4658 4747//4658 4755//4658
f 4757//4659 4749//4659 4748//4659 4756//4659
f 4758//4660 4750//4660 4749//4660 4757//4660
f 4759//4661 4751//4661 4685//4661 4696//4661
f 4760//4662 4752//4662 4751//4662 4759//4662
f 4761//4663 4753//4663 4752//4663 4760//4663
f 4762//4664 4754//4664 4753//4664 4761//4664
f 4763//4665 4755//4665 4754//4665 4762//4665
f 4764//4666 4756//4666 4755//4666 4763//4666
f 4765//4667 4757//4667 4756//4667 4764//4667
f 4766//4668 4758//4668 4757//4668 4765//4668
f 4702//4669 4767//4669 4759//4669 4696//4669
f 4767//4670 4768//4670 4760//4670 4759//4670
f 4768//4671 4769//4671 4761//4671 4760//4671
f 4769//4672 4770//4672 4762//4672 4761//4672
f 4770//4673 4771//4673 4763//4673 4762//4673
f 4771//4674 4772//4674 4764//4674 4763//4674
f 4772//4675 4773//4675 4765//4675 4764//4675
f 4773//4676 4774//4676 4766//4676 4765//4676
f 4775//4677 4767//4677 4702//4677 4711//4677
f 4776//4678 4768//4678 4767//4678 4775//4678
f 4777//4679 4769//4679 4768//4679 4776//4679
f 4778//4680 4770//4680 4769//4680 4777//4680
f 4779//4681 4771//4681 4770//4681 4778//4681
f 4780//4682 4772//4682 4771//4682 4779//4682
f 4781//4683 4773//4683 4772//4683 4780//4683
f 4782//4684 4774//4684 4773//4684 4781//4684
f 4783//4685 4784//4685 4782//4685 4781//4685
f 4785//4686 4775//4686 4711//4686 4719//4686
f 4786//4687 4776//4687 4775//4687 4785//4687
f 4787//4688 4777//4688 4776//4688 4786//4688
f 4788//4689 4778//4689 4777//4689 4787//4689
f 4789//4690 4779//4690 4778//4690 4788//4690
f 4790//4691 4780//4691 4779//4691 4789//4691
f 4791//4692 4781//4692 4780//4692 4790//4692
f 4726//4693 4792//4693 4785//4693 4719//4693
f 4792//4694 4793//4694 4786//4694 4785//4694
f 4793//4695 4794//4695 4787//4695 4786//4695
f 4794//4696 4795//4696 4788//4696 4787//4696
f 4795//4697 4796//4697 4789//4697 4788//4697
f 4796//4698 4797//4698 4790//4698 4789//4698
f 4797//4699 4798//4699 4791//4699 4790//4699
f 4798//4700 4783//4700 4781//4700 4791//4700
f 4799//4701 4784//4701 4783//4701 4798//4701
f 4800//4702 4792//4702 4726//4702 4732//4702
f 4801//4703 4793//4703 4792//4703 4800//4703
f 4802//4704 4794//4704 4793//4704 4801//4704
f 4803//4705 4795//4705 4794//4705 4802//4705
f 4804//4706 4796//4706 4795//4706 4803//4706
f 4805//4707 4797//4707 4796//4707 4804//4707
f 4807//4708 502//4708 501//4708 4806//4708
f 4808//4709 503//4709 502//4709 4807//4709
f 4810//4710 504//4710 408//4710 4733//4710
f 4811//4711 505//4711 504//4711 4810//4711
f 505//4712 4811//4712 4806//4712 501//4712
f 4812//4713 506//4713 503//4713 4808//4713
f 4813//4714 4812//4714 4808//4714 4809//4714
f 4813//4715 507//4715 506//4715 4812//4715
f 4815//4716 509//4716 507//4716 4813//4716
f 4816//4717 4815//4717 4813//4717 4814//4717
f 4816//4718 510//4718 509//4718 4815//4718
f 4817//4719 511//4719 510//4719 4816//4719
f 4818//4720 512//4720 511//4720 4817//4720
f 4820//4721 4807//4721 4806//4721 4819//4721
f 4821//4722 4808//4722 4807//4722 4820//4722
f 4822//4723 4809//4723 4808//4723 4821//4723
f 4823//4724 4810//4724 4733//4724 4742//4724
f 4824//4725 4811//4725 4810//4725 4823//4725
f 4811//4726 4824//4726 4819//4726 4806//4726
f 4825//4727 4826//4727 4822//4727 4821//4727
f 4826//4728 4813//4728 4809//4728 4822//4728
f 4827//4729 4814//4729 4813//4729 4826//4729
f 4750//4730 4828//4730 4823//4730 4742//4730
f 4829//4731 4816//4731 4814//4731 4827//4731
f 4830//4732 4817//4732 4816//4732 4829//4732
f 4831//4733 4818//4733 4817//4733 4830//4733
f 4833//4734 4820//4734 4819//4734 4832//4734
f 4834//4735 4821//4735 4820//4735 4833//4735
f 4836//4736 4824//4736 4823//4736 4835//4736
f 4824//4737 4836//4737 4832//4737 4819//4737
f 4836//4738 4837//4738 4833//4738 4832//4738
f 4837//4739 4838//4739 4834//4739 4833//4739
f 4838//4740 4825//4740 4821//4740 4834//4740
f 4839//4741 4826//4741 4825//4741 4838//4741
f 4840//4742 4827//4742 4826//4742 4839//4742
f 4841//4743 4828//4743 4750//4743 4758//4743
f 4828//4744 4841//4744 4835//4744 4823//4744
f 4841//4745 4842//4745 4836//4745 4835//4745
f 4842//4746 4843//4746 4837//4746 4836//4746
f 4844//4747 4845//4747 4840//4747 4839//4747
f 4845//4748 4829//4748 4827//4748 4840//4748
f 4846//4749 4830//4749 4829//4749 4845//4749
f 4847//4750 4831//4750 4830//4750 4846//4750
f 4849//4751 4838//4751 4837//4751 4848//4751
f 4850//4752 4839//4752 4838//4752 4849//4752
f 4851//4753 4841//4753 4758//4753 4766//4753
f 4852//4754 4842//4754 4841//4754 4851//4754
f 4853//4755 4843//4755 4842//4755 4852//4755
f 4843//4756 4853//4756 4848//4756 4837//4756
f 4853//4757 4854//4757 4849//4757 4848//4757
f 4854//4758 4855//4758 4850//4758 4849//4758
f 4855//4759 4844//4759 4839//4759 4850//4759
f 4856//4760 4845//4760 4844//4760 4855//4760
f 4857//4761 4846//4761 4845//4761 4856//4761
f 4858//4762 4847//4762 4846//4762 4857//4762
f 4774//4763 4859//4763 4851//4763 4766//4763
f 4859//4764 4860//4764 4852//4764 4851//4764
f 4860//4765 4861//4765 4853//4765 4852//4765
f 4861//4766 4862//4766 4854//4766 4853//4766
f 4864//4767 4855//4767 4854//4767 4863//4767
f 4865//4768 4856//4768 4855//4768 4864//4768
f 4866//4769 4857//4769 4856//4769 4865//4769
f 4867//4770 4858//4770 4857//4770 4866//4770
f 4868//4771 4859//4771 4774//4771 4782//4771
f 4869//4772 4860//4772 4859//4772 4868//4772
f 4870//4773 4861//4773 4860//4773 4869//4773
f 4871//4774 4862//4774 4861//4774 4870//4774
f 4862//4775 4871//4775 4863//4775 4854//4775
f 4871//4776 4872//4776 4864//4776 4863//4776
f 4872//4777 4873//4777 4865//4777 4864//4777
f 4784//4778 4874//4778 4868//4778 4782//4778
f 4874//4779 4875//4779 4869//4779 4868//4779
f 4875//4780 4876//4780 4870//4780 4869//4780
f 4876//4781 4877//4781 4871//4781 4870//4781
f 4877//4782 4878//4782 4872//4782 4871//4782
f 4880//4783 4866//4783 4865//4783 4879//4783
f 4881//4784 4867//4784 4866//4784 4880//4784
f 4883//4785 4873//4785 4872//4785 4882//4785
f 4873//4786 4883//4786 4879//4786 4865//4786
f 4883//4787 4884//4787 4880//4787 4879//4787
f 4885//4788 4874//4788 4784//4788 4799//4788
f 4886//4789 4875//4789 4874//4789 4885//4789
f 4888//4790 4878//4790 4877//4790 4887//4790
f 4878//4791 4888//4791 4882//4791 4872//4791
f 4888//4792 4889//4792 4883//4792 4882//4792
f 4891//4793 4881//4793 4880//4793 4890//4793
f 4893//4794 4884//4794 4883//4794 4892//4794
f 4884//4795 4893//4795 4890//4795 4880//4795
f 4893//4796 4894//4796 4891//4796 4890//4796
f 4896//4797 4889//4797 4888//4797 4895//4797
f 4889//4798 4896//4798 4892//4798 4883//4798
f 4899//4799 4893//4799 4892//4799 4898//4799
f 4900//4800 4894//4800 4893//4800 4899//4800
f 4894//4801 4900//4801 4897//4801 4891//4801
f 4902//4802 4896//4802 4895//4802 4901//4802
f 4896//4803 4902//4803 4898//4803 4892//4803
f 4902//4804 4903//4804 4899//4804 4898//4804
f 523//4805 4905//4805 4904//4805 522//4805
f 524//4806 4906//4806 4905//4806 523//4806
f 4905//4807 4908//4807 4907//4807 4904//4807
f 4906//4808 4909//4808 4908//4808 4905//4808
f 4908//4809 4911//4809 4910//4809 4907//4809
f 4909//4810 4912//4810 4911//4810 4908//4810
f 4911//4811 4914//4811 4913//4811 4910//4811
f 4912//4812 4915//4812 4914//4812 4911//4812
f 675//4813 4916//4813 4665//4813 339//4813
f 4917//4814 676//4814 522//4814 4904//4814
f 676//4815 4917//4815 4916//4815 675//4815
f 677//4816 4918//4816 4906//4816 524//4816
f 678//4817 4919//4817 4918//4817 677//4817
f 679//4818 4920//4818 4919//4818 678//4818
f 680//4819 4921//4819 4920//4819 679//4819
f 681//4820 4922//4820 4921//4820 680//4820
f 682//4821 4923//4821 4922//4821 681//4821
f 683//4822 4924//4822 4923//4822 682//4822
f 684//4823 4925//4823 4924//4823 683//4823
f 685//4824 4926//4824 4925//4824 684//4824
f 686//4825 4927//4825 4926//4825 685//4825
f 687//4826 4928//4826 4927//4826 686//4826
f 688//4827 4929//4827 4928//4827 687//4827
f 4916//4828 4930//4828 4678//4828 4665//4828
f 4931//4829 4917//4829 4904//4829 4907//4829
f 4917//4830 4931//4830 4930//4830 4916//4830
f 4918//4831 4932//4831 4909//4831 4906//4831
f 4919//4832 4933//4832 4932//4832 4918//4832
f 4920//4833 4934//4833 4933//4833 4919//4833
f 4921//4834 4935//4834 4934//4834 4920//4834
f 4922//4835 4936//4835 4935//4835 4921//4835
f 4923//4836 4937//4836 4936//4836 4922//4836
f 4924//4837 4938//4837 4937//4837 4923//4837
f 4925//4838 4939//4838 4938//4838 4924//4838
f 4926//4839 4940//4839 4939//4839 4925//4839
f 4927//4840 4942//4840 4940//4840 4926//4840
f 4942//4841 4943//4841 4941//4841 4940//4841
f 4928//4842 4943//4842 4942//4842 4927//4842
f 4929//4843 4944//4843 4943//4843 4928//4843
f 4930//4844 4945//4844 4691//4844 4678//4844
f 4946//4845 4931//4845 4907//4845 4910//4845
f 4931//4846 4946//4846 4945//4846 4930//4846
f 4932//4847 4947//4847 4912//4847 4909//4847
f 4933//4848 4948//4848 4947//4848 4932//4848
f 4934//4849 4949//4849 4948//4849 4933//4849
f 4935//4850 4950//4850 4949//4850 4934//4850
f 4936//4851 4951//4851 4950//4851 4935//4851
f 4937//4852 4952//4852 4951//4852 4936//4852
f 4938//4853 4953//4853 4952//4853 4937//4853
f 4939//4854 4954//4854 4953//4854 4938//4854
f 4940//4855 4955//4855 4954//4855 4939//4855
f 4941//4856 4956//4856 4955//4856 4940//4856
f 4943//4857 4958//4857 4956//4857 4941//4857
f 4958//4858 4959//4858 4957//4858 4956//4858
f 4944//4859 4959//4859 4958//4859 4943//4859
f 4945//4860 4960//4860 4703//4860 4691//4860
f 4960//4861 4961//4861 4704//4861 4703//4861
f 4962//4862 4946//4862 4910//4862 4913//4862
f 4946//4863 4962//4863 4960//4863 4945//4863
f 4914//4864 4963//4864 4962//4864 4913//4864
f 4915//4865 4964//4865 4963//4865 4914//4865
f 4947//4866 4964//4866 4915//4866 4912//4866
f 4948//4867 4965//4867 4964//4867 4947//4867
f 4949//4868 4966//4868 4965//4868 4948//4868
f 4950//4869 4967//4869 4966//4869 4949//4869
f 4951//4870 4968//4870 4967//4870 4950//4870
f 4952//4871 4970//4871 4968//4871 4951//4871
f 4970//4872 4971//4872 4969//4872 4968//4872
f 4953//4873 4971//4873 4970//4873 4952//4873
f 4954//4874 4972//4874 4971//4874 4953//4874
f 4955//4875 4973//4875 4972//4875 4954//4875
f 4956//4876 4974//4876 4973//4876 4955//4876
f 4957//4877 4975//4877 4974//4877 4956//4877
f 4959//4878 4976//4878 4975//4878 4957//4878
f 4978//4879 4961//4879 4960//4879 4977//4879
f 4961//4880 4978//4880 4712//4880 4704//4880
f 4962//4881 4979//4881 4977//4881 4960//4881
f 4963//4882 4980//4882 4979//4882 4962//4882
f 4964//4883 4981//4883 4980//4883 4963//4883
f 4965//4884 4982//4884 4981//4884 4964//4884
f 4966//4885 4983//4885 4982//4885 4965//4885
f 4967//4886 4984//4886 4983//4886 4966//4886
f 4968//4887 4985//4887 4984//4887 4967//4887
f 4969//4888 4986//4888 4985//4888 4968//4888
f 4971//4889 4987//4889 4986//4889 4969//4889
f 4972//4890 4988//4890 4987//4890 4971//4890
f 4973//4891 4989//4891 4988//4891 4972//4891
f 4974//4892 4990//4892 4989//4892 4973//4892
f 4975//4893 4991//4893 4990//4893 4974//4893
f 4993//4894 4978//4894 4977//4894 4992//4894
f 4978//4895 4993//4895 4720//4895 4712//4895
f 4993//4896 4994//4896 4721//4896 4720//4896
f 4979//4897 4995//4897 4992//4897 4977//4897
f 4995//4898 4996//4898 4993//4898 4992//4898
f 4980//4899 4997//4899 4995//4899 4979//4899
f 4981//4900 4998//4900 4997//4900 4980//4900
f 4982//4901 4999//4901 4998//4901 4981//4901
f 4983//4902 5000//4902 4999//4902 4982//4902
f 4984//4903 5001//4903 5000//4903 4983//4903
f 4985//4904 5002//4904 5001//4904 4984//4904
f 4986//4905 5003//4905 5002//4905 4985//4905
f 4987//4906 5005//4906 5003//4906 4986//4906
f 5005//4907 5006//4907 5004//4907 5003//4907
f 4988//4908 5006//4908 5005//4908 4987//4908
f 4989//4909 5007//4909 5006//4909 4988//4909
f 4990//4910 5008//4910 5007//4910 4989//4910
f 4991//4911 5009//4911 5008//4911 4990//4911
f 5011//4912 4994//4912 4993//4912 5010//4912
f 4994//4913 5011//4913 4727//4913 4721//4913
f 5011//4914 5012//4914 4728//4914 4727//4914
f 5012//4915 5013//4915 4729//4915 4728//4915
f 5013//4916 5014//4916 4730//4916 4729//4916
f 5014//4917 5015//4917 4731//4917 4730//4917
f 5015//4918 5016//4918 4732//4918 4731//4918
f 5018//4919 4996//4919 4995//4919 5017//4919
f 4996//4920 5018//4920 5010//4920 4993//4920
f 4997//4921 5019//4921 5017//4921 4995//4921
f 5019//4922 5020//4922 5018//4922 5017//4922
f 4998//4923 5021//4923 5019//4923 4997//4923
f 4999//4924 5022//4924 5021//4924 4998//4924
f 5000//4925 5023//4925 5022//4925 4999//4925
f 5001//4926 5025//4926 5023//4926 5000//4926
f 5002//4927 5026//4927 5025//4927 5001//4927
f 5003//4928 5027//4928 5026//4928 5002//4928
f 5004//4929 5028//4929 5027//4929 5003//4929
f 5006//4930 5032//4930 5028//4930 5004//4930
f 5032//4931 5033//4931 5029//4931 5028//4931
f 5007//4932 5033//4932 5032//4932 5006//4932
f 5033//4933 5034//4933 5030//4933 5029//4933
f 5008//4934 5034//4934 5033//4934 5007//4934
f 5034//4935 5035//4935 5031//4935 5030//4935
f 5009//4936 5035//4936 5034//4936 5008//4936
f 5037//4937 5011//4937 5010//4937 5036//4937
f 5038//4938 5012//4938 5011//4938 5037//4938
f 5039//4939 5013//4939 5012//4939 5038//4939
f 5040//4940 5014//4940 5013//4940 5039//4940
f 5041//4941 5015//4941 5014//4941 5040//4941
f 5042//4942 5016//4942 5015//4942 5041//4942
f 5018//4943 5043//4943 5036//4943 5010//4943
f 5043//4944 5044//4944 5037//4944 5036//4944
f 5044//4945 5045//4945 5038//4945 5037//4945
f 5045//4946 5046//4946 5039//4946 5038//4946
f 5046//4947 5047//4947 5040//4947 5039//4947
f 5047//4948 5048//4948 5041//4948 5040//4948
f 5048//4949 5049//4949 5042//4949 5041//4949
f 5051//4950 5020//4950 5019//4950 5050//4950
f 5020//4951 5051//4951 5043//4951 5018//4951
f 5051//4952 5052//4952 5044//4952 5043//4952
f 5052//4953 5053//4953 5045//4953 5044//4953
f 5053//4954 5054//4954 5046//4954 5045//4954
f 5055//4955 5056//4955 5048//4955 5047//4955
f 5056//4956 5057//4956 5049//4956 5048//4956
f 5021//4957 5058//4957 5050//4957 5019//4957
f 5058//4958 5059//4958 5051//4958 5050//4958
f 5062//4959 5063//4959 5056//4959 5055//4959
f 5063//4960 5064//4960 5057//4960 5056//4960
f 5022//4961 5065//4961 5058//4961 5021//4961
f 5065//4962 5066//4962 5059//4962 5058//4962
f 5023//4963 5066//4963 5065//4963 5022//4963
f 5066//4964 5067//4964 5060//4964 5059//4964
f 5069//4965 5070//4965 5062//4965 5061//4965
f 5070//4966 5071//4966 5063//4966 5062//4966
f 5071//4967 5072//4967 5064//4967 5063//4967
f 5025//4968 5073//4968 5066//4968 5023//4968
f 5073//4969 5074//4969 5067//4969 5066//4969
f 5026//4970 5074//4970 5073//4970 5025//4970
f 5074//4971 5075//4971 5068//4971 5067//4971
f 5027//4972 5075//4972 5074//4972 5026//4972
f 5075//4973 5076//4973 5069//4973 5068//4973
f 5028//4974 5076//4974 5075//4974 5027//4974
f 5076//4975 5077//4975 5070//4975 5069//4975
f 5029//4976 5077//4976 5076//4976 5028//4976
f 5077//4977 5078//4977 5071//4977 5070//4977
f 5030//4978 5078//4978 5077//4978 5029//4978
f 5078//4979 5079//4979 5072//4979 5071//4979
f 5031//4980 5079//4980 5078//4980 5030//4980
f 5079//4981 5031//4981 5024//4981 5072//4981
f 800//4982 5080//4982 4929//4982 688//4982
f 801//4983 5081//4983 5080//4983 800//4983
f 5080//4984 5083//4984 4944//4984 4929//4984
f 5081//4985 5084//4985 5083//4985 5080//4985
f 5082//4986 5085//4986 5084//4986 5081//4986
f 5083//4987 5086//4987 4959//4987 4944//4987
f 5084//4988 5087//4988 5086//4988 5083//4988
f 5085//4989 5088//4989 5087//4989 5084//4989
f 4976//4990 5092//4990 5090//4990 4975//4990
f 5086//4991 5092//4991 4976//4991 4959//4991
f 5092//4992 5093//4992 5091//4992 5090//4992
f 5087//4993 5093//4993 5092//4993 5086//4993
f 5088//4994 5094//4994 5093//4994 5087//4994
f 5089//4995 5095//4995 5094//4995 5088//4995
f 5090//4996 5097//4996 4991//4996 4975//4996
f 5091//4997 5098//4997 5097//4997 5090//4997
f 5093//4998 5102//4998 5098//4998 5091//4998
f 5102//4999 5103//4999 5099//4999 5098//4999
f 5094//5000 5103//5000 5102//5000 5093//5000
f 5103//5001 5104//5001 5100//5001 5099//5001
f 5095//5002 5104//5002 5103//5002 5094//5002
f 5104//5003 5105//5003 5101//5003 5100//5003
f 5096//5004 5105//5004 5104//5004 5095//5004
f 5108//5005 5109//5005 4798//5005 4797//5005
f 5109//5006 5110//5006 4799//5006 4798//5006
f 5097//5007 5119//5007 5009//5007 4991//5007
f 5098//5008 5120//5008 5119//5008 5097//5008
f 5120//5009 5121//5009 5113//5009 5112//5009
f 5099//5010 5121//5010 5120//5010 5098//5010
f 5121//5011 5122//5011 5114//5011 5113//5011
f 5100//5012 5122//5012 5121//5012 5099//5012
f 5122//5013 5123//5013 5115//5013 5114//5013
f 5101//5014 5123//5014 5122//5014 5100//5014
f 5123//5015 5124//5015 5116//5015 5115//5015
f 5124//5016 5125//5016 5117//5016 5116//5016
f 5125//5017 5126//5017 5118//5017 5117//5017
f 5105//5018 5127//5018 5123//5018 5101//5018
f 5127//5019 5128//5019 5124//5019 5123//5019
f 5106//5020 5128//5020 5127//5020 5105//5020
f 5128//5021 5129//5021 5125//5021 5124//5021
f 5107//5022 5129//5022 5128//5022 5106//5022
f 5129//5023 5130//5023 5126//5023 5125//5023
f 5016//5024 5131//5024 4800//5024 4732//5024
f 5131//5025 5132//5025 4801//5025 4800//5025
f 5132//5026 5133//5026 4802//5026 4801//5026
f 5133//5027 5134//5027 4803//5027 4802//5027
f 5134//5028 5135//5028 4804//5028 4803//5028
f 5135//5029 5136//5029 4805//5029 4804//5029
f 5136//5030 5108//5030 4797//5030 4805//5030
f 5137//5031 5109//5031 5108//5031 5136//5031
f 5138//5032 5110//5032 5109//5032 5137//5032
f 5139//5033 5140//5033 5135//5033 5134//5033
f 5140//5034 5141//5034 5136//5034 5135//5034
f 5141//5035 5142//5035 5137//5035 5136//5035
f 5142//5036 5143//5036 5138//5036 5137//5036
f 5143//5037 5111//5037 5110//5037 5138//5037
f 5144//5038 5145//5038 5141//5038 5140//5038
f 5145//5039 5146//5039 5142//5039 5141//5039
f 5146//5040 5147//5040 5143//5040 5142//5040
f 5149//5041 5150//5041 5145//5041 5144//5041
f 5150//5042 5151//5042 5146//5042 5145//5042
f 5151//5043 5152//5043 5147//5043 5146//5043
f 5156//5044 5157//5044 5149//5044 5148//5044
f 5157//5045 5158//5045 5150//5045 5149//5045
f 5158//5046 5159//5046 5151//5046 5150//5046
f 5159//5047 5160//5047 5152//5047 5151//5047
f 5031//5048 5161//5048 5153//5048 5024//5048
f 5161//5049 5162//5049 5154//5049 5153//5049
f 5162//5050 5163//5050 5155//5050 5154//5050
f 5113//5051 5163//5051 5162//5051 5112//5051
f 5163//5052 5164//5052 5156//5052 5155//5052
f 5114//5053 5164//5053 5163//5053 5113//5053
f 5164//5054 5165//5054 5157//5054 5156//5054
f 5115//5055 5165//5055 5164//5055 5114//5055
f 5165//5056 5166//5056 5158//5056 5157//5056
f 5116//5057 5166//5057 5165//5057 5115//5057
f 5166//5058 5167//5058 5159//5058 5158//5058
f 5117//5059 5167//5059 5166//5059 5116//5059
f 5167//5060 5168//5060 5160//5060 5159//5060
f 5118//5061 5168//5061 5167//5061 5117//5061
f 5035//5062 5169//5062 5161//5062 5031//5062
f 5119//5063 5169//5063 5035//5063 5009//5063
f 5169//5064 5170//5064 5162//5064 5161//5064
f 5120//5065 5170//5065 5169//5065 5119//5065
f 5170//5066 5120//5066 5112//5066 5162//5066
f 5171//5067 5131//5067 5016//5067 5042//5067
f 5172//5068 5132//5068 5131//5068 5171//5068
f 5173//5069 5133//5069 5132//5069 5172//5069
f 5174//5070 5134//5070 5133//5070 5173//5070
f 5049//5071 5175//5071 5171//5071 5042//5071
f 5175//5072 5176//5072 5172//5072 5171//5072
f 5176//5073 5177//5073 5173//5073 5172//5073
f 5177//5074 5178//5074 5174//5074 5173//5074
f 5178//5075 5139//5075 5134//5075 5174//5075
f 5179//5076 5140//5076 5139//5076 5178//5076
f 5057//5077 5180//5077 5175//5077 5049//5077
f 5180//5078 5181//5078 5176//5078 5175//5078
f 5181//5079 5182//5079 5177//5079 5176//5079
f 5182//5080 5183//5080 5178//5080 5177//5080
f 5183//5081 5184//5081 5179//5081 5178//5081
f 5184//5082 5144//5082 5140//5082 5179//5082
f 5064//5083 5185//5083 5180//5083 5057//5083
f 5185//5084 5186//5084 5181//5084 5180//5084
f 5186//5085 5187//5085 5182//5085 5181//5085
f 5187//5086 5188//5086 5183//5086 5182//5086
f 5188//5087 5189//5087 5184//5087 5183//5087
f 5149//5088 5189//5088 5188//5088 5148//5088
f 5189//5089 5149//5089 5144//5089 5184//5089
f 5072//5090 5190//5090 5185//5090 5064//5090
f 5153//5091 5190//5091 5072//5091 5024//5091
f 5190//5092 5191//5092 5186//5092 5185//5092
f 5154//5093 5191//5093 5190//5093 5153//5093
f 5191//5094 5192//5094 5187//5094 5186//5094
f 5155//5095 5192//5095 5191//5095 5154//5095
f 5192//5096 5193//5096 5188//5096 5187//5096
f 5156//5097 5193//5097 5192//5097 5155//5097
f 5193//5098 5156//5098 5148//5098 5188//5098
f 5194//5099 5195//5099 4876//5099 4875//5099
f 5195//5100 5196//5100 4877//5100 4876//5100
f 5110//5101 5197//5101 4885//5101 4799//5101
f 5197//5102 5198//5102 4886//5102 4885//5102
f 5198//5103 5194//5103 4875//5103 4886//5103
f 5199//5104 5195//5104 5194//5104 5198//5104
f 5200//5105 5196//5105 5195//5105 5199//5105
f 5196//5106 5200//5106 4887//5106 4877//5106
f 5200//5107 5201//5107 4888//5107 4887//5107
f 5111//5108 5202//5108 5197//5108 5110//5108
f 5202//5109 5203//5109 5198//5109 5197//5109
f 5203//5110 5204//5110 5199//5110 5198//5110
f 5204//5111 5205//5111 5200//5111 5199//5111
f 5206//5112 5207//5112 5203//5112 5202//5112
f 5207//5113 5208//5113 5204//5113 5203//5113
f 5208//5114 5209//5114 5205//5114 5204//5114
f 5210//5115 5211//5115 5207//5115 5206//5115
f 5211//5116 5212//5116 5208//5116 5207//5116
f 5212//5117 5213//5117 5209//5117 5208//5117
f 5126//5118 5215//5118 5214//5118 5118//5118
f 5130//5119 5216//5119 5215//5119 5126//5119
f 5218//5120 5201//5120 5200//5120 5217//5120
f 5201//5121 5218//5121 4895//5121 4888//5121
f 5219//5122 5202//5122 5111//5122 5143//5122
f 5205//5123 5220//5123 5217//5123 5200//5123
f 5220//5124 5221//5124 5218//5124 5217//5124
f 5147//5125 5222//5125 5219//5125 5143//5125
f 5222//5126 5206//5126 5202//5126 5219//5126
f 5209//5127 5223//5127 5220//5127 5205//5127
f 5223//5128 5224//5128 5221//5128 5220//5128
f 5152//5129 5225//5129 5222//5129 5147//5129
f 5225//5130 5210//5130 5206//5130 5222//5130
f 5226//5131 5211//5131 5210//5131 5225//5131
f 5227//5132 5212//5132 5211//5132 5226//5132
f 5228//5133 5213//5133 5212//5133 5227//5133
f 5213//5134 5228//5134 5223//5134 5209//5134
f 5160//5135 5229//5135 5225//5135 5152//5135
f 5229//5136 5230//5136 5226//5136 5225//5136
f 5230//5137 5231//5137 5227//5137 5226//5137
f 5231//5138 5232//5138 5228//5138 5227//5138
f 5168//5139 5233//5139 5229//5139 5160//5139
f 5214//5140 5233//5140 5168//5140 5118//5140
f 5233//5141 5234//5141 5230//5141 5229//5141
f 5234//5142 5235//5142 5231//5142 5230//5142
f 5215//5143 5236//5143 5233//5143 5214//5143
f 5236//5144 5237//5144 5234//5144 5233//5144
f 5237//5145 5238//5145 5235//5145 5234//5145
f 5216//5146 5239//5146 5236//5146 5215//5146
f 5239//5147 5240//5147 5237//5147 5236//5147
f 5218//5148 5241//5148 4901//5148 4895//5148
f 5241//5149 5242//5149 4902//5149 4901//5149
f 5221//5150 5243//5150 5241//5150 5218//5150
f 5245//5151 5224//5151 5223//5151 5244//5151
f 5224//5152 5245//5152 5243//5152 5221//5152
f 5228//5153 5246//5153 5244//5153 5223//5153
f 5246//5154 5247//5154 5245//5154 5244//5154
f 5249//5155 5232//5155 5231//5155 5248//5155
f 5232//5156 5249//5156 5246//5156 5228//5156
f 5249//5157 5250//5157 5247//5157 5246//5157
f 5235//5158 5251//5158 5248//5158 5231//5158
f 5251//5159 5252//5159 5249//5159 5248//5159
f 5254//5160 5238//5160 5237//5160 5253//5160
f 5238//5161 5254//5161 5251//5161 5235//5161
f 5254//5162 5255//5162 5252//5162 5251//5162
f 5240//5163 5256//5163 5253//5163 5237//5163
f 5256//5164 5257//5164 5254//5164 5253//5164
f 947//5165 5258//5165 5081//5165 801//5165
f 5258//5166 5259//5166 5082//5166 5081//5166
f 948//5167 5259//5167 5258//5167 947//5167
f 949//5168 5260//5168 5259//5168 948//5168
f 950//5169 5261//5169 5260//5169 949//5169
f 951//5170 5262//5170 5261//5170 950//5170
f 952//5171 5263//5171 5262//5171 951//5171
f 954//5172 5265//5172 5263//5172 952//5172
f 5265//5173 5266//5173 5264//5173 5263//5173
f 955//5174 5266//5174 5265//5174 954//5174
f 956//5175 5267//5175 5266//5175 955//5175
f 957//5176 5268//5176 5267//5176 956//5176
f 958//5177 5269//5177 5268//5177 957//5177
f 959//5178 5270//5178 5269//5178 958//5178
f 5259//5179 5271//5179 5085//5179 5082//5179
f 5260//5180 5272//5180 5271//5180 5259//5180
f 5261//5181 5274//5181 5272//5181 5260//5181
f 5274//5182 5275//5182 5273//5182 5272//5182
f 5262//5183 5275//5183 5274//5183 5261//5183
f 5263//5184 5276//5184 5275//5184 5262//5184
f 5264//5185 5277//5185 5276//5185 5263//5185
f 5266//5186 5278//5186 5277//5186 5264//5186
f 5267//5187 5279//5187 5278//5187 5266//5187
f 5268//5188 5280//5188 5279//5188 5267//5188
f 5269//5189 5281//5189 5280//5189 5268//5189
f 5270//5190 5282//5190 5281//5190 5269//5190
f 5271//5191 5284//5191 5088//5191 5085//5191
f 5284//5192 5285//5192 5089//5192 5088//5192
f 5272//5193 5285//5193 5284//5193 5271//5193
f 5273//5194 5286//5194 5285//5194 5272//5194
f 5275//5195 5287//5195 5286//5195 5273//5195
f 5276//5196 5289//5196 5287//5196 5275//5196
f 5289//5197 5290//5197 5288//5197 5287//5197
f 5277//5198 5290//5198 5289//5198 5276//5198
f 5278//5199 5291//5199 5290//5199 5277//5199
f 5279//5200 5292//5200 5291//5200 5278//5200
f 5280//5201 5293//5201 5292//5201 5279//5201
f 5281//5202 5294//5202 5293//5202 5280//5202
f 5282//5203 5296//5203 5294//5203 5281//5203
f 5296//5204 5297//5204 5295//5204 5294//5204
f 5283//5205 5297//5205 5296//5205 5282//5205
f 5285//5206 5298//5206 5095//5206 5089//5206
f 5298//5207 5299//5207 5096//5207 5095//5207
f 5286//5208 5299//5208 5298//5208 5285//5208
f 5287//5209 5301//5209 5299//5209 5286//5209
f 5301//5210 5302//5210 5300//5210 5299//5210
f 5288//5211 5302//5211 5301//5211 5287//5211
f 5290//5212 5303//5212 5302//5212 5288//5212
f 5291//5213 5305//5213 5303//5213 5290//5213
f 5305//5214 5306//5214 5304//5214 5303//5214
f 5292//5215 5307//5215 5305//5215 5291//5215
f 5307//5216 5308//5216 5306//5216 5305//5216
f 5293//5217 5309//5217 5307//5217 5292//5217
f 5309//5218 5310//5218 5308//5218 5307//5218
f 5294//5219 5311//5219 5309//5219 5293//5219
f 5311//5220 5312//5220 5310//5220 5309//5220
f 5295//5221 5312//5221 5311//5221 5294//5221
f 5297//5222 5313//5222 5312//5222 5295//5222
f 5299//5223 5314//5223 5105//5223 5096//5223
f 5314//5224 5315//5224 5106//5224 5105//5224
f 5300//5225 5315//5225 5314//5225 5299//5225
f 5315//5226 5316//5226 5107//5226 5106//5226
f 5302//5227 5317//5227 5315//5227 5300//5227
f 5317//5228 5318//5228 5316//5228 5315//5228
f 5303//5229 5319//5229 5317//5229 5302//5229
f 5319//5230 5320//5230 5318//5230 5317//5230
f 5304//5231 5320//5231 5319//5231 5303//5231
f 5306//5232 5321//5232 5320//5232 5304//5232
f 5308//5233 5322//5233 5321//5233 5306//5233
f 5310//5234 5323//5234 5322//5234 5308//5234
f 5312//5235 5325//5235 5323//5235 5310//5235
f 5325//5236 5326//5236 5324//5236 5323//5236
f 5313//5237 5327//5237 5325//5237 5312//5237
f 5327//5238 5328//5238 5326//5238 5325//5238
f 5316//5239 5329//5239 5129//5239 5107//5239
f 5329//5240 5330//5240 5130//5240 5129//5240
f 5318//5241 5331//5241 5329//5241 5316//5241
f 5331//5242 5332//5242 5330//5242 5329//5242
f 5320//5243 5333//5243 5331//5243 5318//5243
f 5333//5244 5334//5244 5332//5244 5331//5244
f 5321//5245 5335//5245 5333//5245 5320//5245
f 5335//5246 5336//5246 5334//5246 5333//5246
f 5322//5247 5337//5247 5335//5247 5321//5247
f 5337//5248 5338//5248 5336//5248 5335//5248
f 5323//5249 5339//5249 5337//5249 5322//5249
f 5339//5250 5340//5250 5338//5250 5337//5250
f 5324//5251 5340//5251 5339//5251 5323//5251
f 5326//5252 5341//5252 5340//5252 5324//5252
f 5328//5253 5342//5253 5341//5253 5326//5253
f 5332//5254 5344//5254 5343//5254 5330//5254
f 5334//5255 5345//5255 5344//5255 5332//5255
f 5336//5256 5346//5256 5345//5256 5334//5256
f 5338//5257 5347//5257 5346//5257 5336//5257
f 5340//5258 5348//5258 5347//5258 5338//5258
f 5341//5259 5349//5259 5348//5259 5340//5259
f 5342//5260 5350//5260 5349//5260 5341//5260
f 5330//5261 5351//5261 5216//5261 5130//5261
f 5352//5262 5351//5262 5330//5262 5343//5262
f 5351//5263 5352//5263 5239//5263 5216//5263
f 5352//5264 5353//5264 5240//5264 5239//5264
f 5344//5265 5354//5265 5352//5265 5343//5265
f 5354//5266 5355//5266 5353//5266 5352//5266
f 5345//5267 5356//5267 5354//5267 5344//5267
f 5346//5268 5357//5268 5356//5268 5345//5268
f 5347//5269 5358//5269 5357//5269 5346//5269
f 5348//5270 5359//5270 5358//5270 5347//5270
f 5349//5271 5360//5271 5359//5271 5348//5271
f 5350//5272 5361//5272 5360//5272 5349//5272
f 5353//5273 5362//5273 5256//5273 5240//5273
f 5362//5274 5363//5274 5257//5274 5256//5274
f 5365//5275 5355//5275 5354//5275 5364//5275
f 5355//5276 5365//5276 5362//5276 5353//5276
f 5365//5277 5366//5277 5363//5277 5362//5277
f 5356//5278 5367//5278 5364//5278 5354//5278
f 5367//5279 5368//5279 5365//5279 5364//5279
f 5357//5280 5369//5280 5367//5280 5356//5280
f 5369//5281 5370//5281 5368//5281 5367//5281
f 5358//5282 5371//5282 5369//5282 5357//5282
f 5371//5283 5372//5283 5370//5283 5369//5283
f 5359//5284 5373//5284 5371//5284 5358//5284
f 5373//5285 5374//5285 5372//5285 5371//5285
f 5360//5286 5375//5286 5373//5286 5359//5286
f 5375//5287 5376//5287 5374//5287 5373//5287
f 5361//5288 5377//5288 5375//5288 5360//5288
f 5377//5289 5378//5289 5376//5289 5375//5289
f 5380//5290 4900//5290 4899//5290 5379//5290
f 5382//5291 4903//5291 4902//5291 5381//5291
f 4903//5292 5382//5292 5379//5292 4899//5292
f 5384//5293 5380//5293 5379//5293 5383//5293
f 5386//5294 5382//5294 5381//5294 5385//5294
f 5382//5295 5386//5295 5383//5295 5379//5295
f 5386//5296 5387//5296 5384//5296 5383//5296
f 5390//5297 5387//5297 5386//5297 5389//5297
f 5387//5298 5390//5298 5388//5298 5384//5298
f 5394//5299 5047//5299 5046//5299 5393//5299
f 5396//5300 5052//5300 5051//5300 5395//5300
f 5397//5301 5053//5301 5052//5301 5396//5301
f 5398//5302 5054//5302 5053//5302 5397//5302
f 5054//5303 5398//5303 5393//5303 5046//5303
f 5398//5304 5399//5304 5394//5304 5393//5304
f 5399//5305 5055//5305 5047//5305 5394//5305
f 5059//5306 5400//5306 5395//5306 5051//5306
f 5400//5307 5401//5307 5396//5307 5395//5307
f 5060//5308 5401//5308 5400//5308 5059//5308
f 5401//5309 5402//5309 5397//5309 5396//5309
f 5402//5310 5403//5310 5398//5310 5397//5310
f 5403//5311 5404//5311 5399//5311 5398//5311
f 5062//5312 5404//5312 5403//5312 5061//5312
f 5404//5313 5062//5313 5055//5313 5399//5313
f 5067//5314 5405//5314 5401//5314 5060//5314
f 5405//5315 5406//5315 5402//5315 5401//5315
f 5068//5316 5406//5316 5405//5316 5067//5316
f 5406//5317 5407//5317 5403//5317 5402//5317
f 5069//5318 5407//5318 5406//5318 5068//5318
f 5407//5319 5069//5319 5061//5319 5403//5319
f 5409//5320 5242//5320 5241//5320 5408//5320
f 5242//5321 5409//5321 5381//5321 4902//5321
f 5243//5322 5410//5322 5408//5322 5241//5322
f 5410//5323 5411//5323 5409//5323 5408//5323
f 5245//5324 5412//5324 5410//5324 5243//5324
f 5247//5325 5413//5325 5412//5325 5245//5325
f 5415//5326 5250//5326 5249//5326 5414//5326
f 5250//5327 5415//5327 5413//5327 5247//5327
f 5252//5328 5416//5328 5414//5328 5249//5328
f 5416//5329 5417//5329 5415//5329 5414//5329
f 5419//5330 5255//5330 5254//5330 5418//5330
f 5255//5331 5419//5331 5416//5331 5252//5331
f 5257//5332 5420//5332 5418//5332 5254//5332
f 5420//5333 5421//5333 5419//5333 5418//5333
f 5409//5334 5422//5334 5385//5334 5381//5334
f 5422//5335 5423//5335 5386//5335 5385//5335
f 5425//5336 5411//5336 5410//5336 5424//5336
f 5411//5337 5425//5337 5422//5337 5409//5337
f 5412//5338 5426//5338 5424//5338 5410//5338
f 5426//5339 5427//5339 5425//5339 5424//5339
f 5413//5340 5428//5340 5426//5340 5412//5340
f 5428//5341 5429//5341 5427//5341 5426//5341
f 5415//5342 5430//5342 5428//5342 5413//5342
f 5432//5343 5417//5343 5416//5343 5431//5343
f 5417//5344 5432//5344 5430//5344 5415//5344
f 5419//5345 5433//5345 5431//5345 5416//5345
f 5433//5346 5434//5346 5432//5346 5431//5346
f 5421//5347 5435//5347 5433//5347 5419//5347
f 5435//5348 5436//5348 5434//5348 5433//5348
f 5438//5349 5423//5349 5422//5349 5437//5349
f 5423//5350 5438//5350 5389//5350 5386//5350
f 5438//5351 5439//5351 5390//5351 5389//5351
f 5425//5352 5440//5352 5437//5352 5422//5352
f 5440//5353 5441//5353 5438//5353 5437//5353
f 5427//5354 5442//5354 5440//5354 5425//5354
f 5444//5355 5429//5355 5428//5355 5443//5355
f 5429//5356 5444//5356 5442//5356 5427//5356
f 5430//5357 5445//5357 5443//5357 5428//5357
f 5445//5358 5446//5358 5444//5358 5443//5358
f 5432//5359 5447//5359 5445//5359 5430//5359
f 5447//5360 5448//5360 5446//5360 5445//5360
f 5434//5361 5449//5361 5447//5361 5432//5361
f 5449//5362 5450//5362 5448//5362 5447//5362
f 5436//5363 5451//5363 5449//5363 5434//5363
f 5451//5364 5452//5364 5450//5364 5449//5364
f 5454//5365 5439//5365 5438//5365 5453//5365
f 5439//5366 5454//5366 5391//5366 5390//5366
f 5456//5367 5441//5367 5440//5367 5455//5367
f 5441//5368 5456//5368 5453//5368 5438//5368
f 5442//5369 5457//5369 5455//5369 5440//5369
f 5457//5370 5458//5370 5456//5370 5455//5370
f 5444//5371 5459//5371 5457//5371 5442//5371
f 5446//5372 5460//5372 5459//5372 5444//5372
f 5448//5373 5461//5373 5460//5373 5446//5373
f 5450//5374 5462//5374 5461//5374 5448//5374
f 5464//5375 5452//5375 5451//5375 5463//5375
f 5452//5376 5464//5376 5462//5376 5450//5376
f 5466//5377 5454//5377 5453//5377 5465//5377
f 5454//5378 5466//5378 5392//5378 5391//5378
f 5456//5379 5467//5379 5465//5379 5453//5379
f 5467//5380 5468//5380 5466//5380 5465//5380
f 5470//5381 5458//5381 5457//5381 5469//5381
f 5458//5382 5470//5382 5467//5382 5456//5382
f 5459//5383 5471//5383 5469//5383 5457//5383
f 5471//5384 5472//5384 5470//5384 5469//5384
f 5460//5385 5473//5385 5471//5385 5459//5385
f 5473//5386 5474//5386 5472//5386 5471//5386
f 5461//5387 5475//5387 5473//5387 5460//5387
f 5475//5388 5476//5388 5474//5388 5473//5388
f 5462//5389 5477//5389 5475//5389 5461//5389
f 5477//5390 5478//5390 5476//5390 5475//5390
f 5464//5391 5479//5391 5477//5391 5462//5391
f 5479//5392 5480//5392 5478//5392 5477//5392
f 5483//5393 5468//5393 5467//5393 5482//5393
f 5468//5394 5483//5394 5481//5394 5466//5394
f 5470//5395 5484//5395 5482//5395 5467//5395
f 5484//5396 5485//5396 5483//5396 5482//5396
f 5472//5397 5486//5397 5484//5397 5470//5397
f 5474//5398 5487//5398 5486//5398 5472//5398
f 5476//5399 5488//5399 5487//5399 5474//5399
f 5478//5400 5489//5400 5488//5400 5476//5400
f 5491//5401 5480//5401 5479//5401 5490//5401
f 5480//5402 5491//5402 5489//5402 5478//5402
f 5494//5403 5485//5403 5484//5403 5493//5403
f 5485//5404 5494//5404 5492//5404 5483//5404
f 5486//5405 5495//5405 5493//5405 5484//5405
f 5495//5406 5496//5406 5494//5406 5493//5406
f 5487//5407 5497//5407 5495//5407 5486//5407
f 5497//5408 5498//5408 5496//5408 5495//5408
f 5488//5409 5499//5409 5497//5409 5487//5409
f 5499//5410 5500//5410 5498//5410 5497//5410
f 5489//5411 5501//5411 5499//5411 5488//5411
f 5501//5412 5502//5412 5500//5412 5499//5412
f 5491//5413 5503//5413 5501//5413 5489//5413
f 5503//5414 5504//5414 5502//5414 5501//5414
f 5496//5415 5506//5415 5505//5415 5494//5415
f 5498//5416 5507//5416 5506//5416 5496//5416
f 5500//5417 5508//5417 5507//5417 5498//5417
f 5502//5418 5509//5418 5508//5418 5500//5418
f 5504//5419 5510//5419 5509//5419 5502//5419
f 5363//5420 5511//5420 5420//5420 5257//5420
f 5511//5421 5512//5421 5421//5421 5420//5421
f 5514//5422 5366//5422 5365//5422 5513//5422
f 5366//5423 5514//5423 5511//5423 5363//5423
f 5514//5424 5515//5424 5512//5424 5511//5424
f 5368//5425 5516//5425 5513//5425 5365//5425
f 5516//5426 5517//5426 5514//5426 5513//5426
f 5370//5427 5518//5427 5516//5427 5368//5427
f 5518//5428 5519//5428 5517//5428 5516//5428
f 5372//5429 5520//5429 5518//5429 5370//5429
f 5520//5430 5521//5430 5519//5430 5518//5430
f 5374//5431 5522//5431 5520//5431 5372//5431
f 5522//5432 5523//5432 5521//5432 5520//5432
f 5376//5433 5524//5433 5522//5433 5374//5433
f 5524//5434 5525//5434 5523//5434 5522//5434
f 5378//5435 5526//5435 5524//5435 5376//5435
f 5512//5436 5527//5436 5435//5436 5421//5436
f 5527//5437 5528//5437 5436//5437 5435//5437
f 5530//5438 5515//5438 5514//5438 5529//5438
f 5515//5439 5530//5439 5527//5439 5512//5439
f 5517//5440 5531//5440 5529//5440 5514//5440
f 5531//5441 5532//5441 5530//5441 5529//5441
f 5519//5442 5533//5442 5531//5442 5517//5442
f 5533//5443 5534//5443 5532//5443 5531//5443
f 5521//5444 5535//5444 5533//5444 5519//5444
f 5535//5445 5536//5445 5534//5445 5533//5445
f 5523//5446 5537//5446 5535//5446 5521//5446
f 5537//5447 5538//5447 5536//5447 5535//5447
f 5540//5448 5525//5448 5524//5448 5539//5448
f 5525//5449 5540//5449 5537//5449 5523//5449
f 5526//5450 5541//5450 5539//5450 5524//5450
f 5541//5451 5542//5451 5540//5451 5539//5451
f 5544//5452 5528//5452 5527//5452 5543//5452
f 5528//5453 5544//5453 5451//5453 5436//5453
f 5530//5454 5545//5454 5543//5454 5527//5454
f 5545//5455 5546//5455 5544//5455 5543//5455
f 5532//5456 5547//5456 5545//5456 5530//5456
f 5547//5457 5548//5457 5546//5457 5545//5457
f 5534//5458 5549//5458 5547//5458 5532//5458
f 5549//5459 5550//5459 5548//5459 5547//5459
f 5536//5460 5551//5460 5549//5460 5534//5460
f 5553//5461 5538//5461 5537//5461 5552//5461
f 5538//5462 5553//5462 5551//5462 5536//5462
f 5540//5463 5554//5463 5552//5463 5537//5463
f 5554//5464 5555//5464 5553//5464 5552//5464
f 5542//5465 5556//5465 5554//5465 5540//5465
f 5556//5466 5557//5466 5555//5466 5554//5466
f 5544//5467 5558//5467 5463//5467 5451//5467
f 5558//5468 5559//5468 5464//5468 5463//5468
f 5546//5469 5560//5469 5558//5469 5544//5469
f 5560//5470 5561//5470 5559//5470 5558//5470
f 5548//5471 5562//5471 5560//5471 5546//5471
f 5564//5472 5550//5472 5549//5472 5563//5472
f 5550//5473 5564//5473 5562//5473 5548//5473
f 5551//5474 5565//5474 5563//5474 5549//5474
f 5565//5475 5566//5475 5564//5475 5563//5475
f 5553//5476 5567//5476 5565//5476 5551//5476
f 5567//5477 5568//5477 5566//5477 5565//5477
f 5555//5478 5569//5478 5567//5478 5553//5478
f 5569//5479 5570//5479 5568//5479 5567//5479
f 5557//5480 5571//5480 5569//5480 5555//5480
f 5571//5481 5572//5481 5570//5481 5569//5481
f 5559//5482 5573//5482 5479//5482 5464//5482
f 5575//5483 5561//5483 5560//5483 5574//5483
f 5561//5484 5575//5484 5573//5484 5559//5484
f 5562//5485 5576//5485 5574//5485 5560//5485
f 5576//5486 5577//5486 5575//5486 5574//5486
f 5564//5487 5578//5487 5576//5487 5562//5487
f 5578//5488 5579//5488 5577//5488 5576//5488
f 5566//5489 5580//5489 5578//5489 5564//5489
f 5580//5490 5581//5490 5579//5490 5578//5490
f 5568//5491 5582//5491 5580//5491 5566//5491
f 5570//5492 5583//5492 5582//5492 5568//5492
f 5572//5493 5584//5493 5583//5493 5570//5493
f 5573//5494 5585//5494 5490//5494 5479//5494
f 5585//5495 5586//5495 5491//5495 5490//5495
f 5575//5496 5587//5496 5585//5496 5573//5496
f 5587//5497 5588//5497 5586//5497 5585//5497
f 5577//5498 5589//5498 5587//5498 5575//5498
f 5589//5499 5590//5499 5588//5499 5587//5499
f 5579//5500 5591//5500 5589//5500 5577//5500
f 5593//5501 5581//5501 5580//5501 5592//5501
f 5581//5502 5593//5502 5591//5502 5579//5502
f 5582//5503 5594//5503 5592//5503 5580//5503
f 5594//5504 5595//5504 5593//5504 5592//5504
f 5583//5505 5596//5505 5594//5505 5582//5505
f 5596//5506 5597//5506 5595//5506 5594//5506
f 5584//5507 5598//5507 5596//5507 5583//5507
f 5598//5508 5599//5508 5597//5508 5596//5508
f 5586//5509 5600//5509 5503//5509 5491//5509
f 5600//5510 5601//5510 5504//5510 5503//5510
f 5588//5511 5602//5511 5600//5511 5586//5511
f 5602//5512 5603//5512 5601//5512 5600//5512
f 5605//5513 5590//5513 5589//5513 5604//5513
f 5590//5514 5605//5514 5602//5514 5588//5514
f 5591//5515 5606//5515 5604//5515 5589//5515
f 5606//5516 5607//5516 5605//5516 5604//5516
f 5593//5517 5608//5517 5606//5517 5591//5517
f 5608//5518 5609//5518 5607//5518 5606//5518
f 5595//5519 5610//5519 5608//5519 5593//5519
f 5610//5520 5611//5520 5609//5520 5608//5520
f 5597//5521 5612//5521 5610//5521 5595//5521
f 5612//5522 5613//5522 5611//5522 5610//5522
f 5599//5523 5614//5523 5612//5523 5597//5523
f 5601//5524 5615//5524 5510//5524 5504//5524
f 5617//5525 5603//5525 5602//5525 5616//5525
f 5603//5526 5617//5526 5615//5526 5601//5526
f 5605//5527 5618//5527 5616//5527 5602//5527
f 5618//5528 5619//5528 5617//5528 5616//5528
f 5607//5529 5620//5529 5618//5529 5605//5529
f 5620//5530 5621//5530 5619//5530 5618//5530
f 5609//5531 5622//5531 5620//5531 5607//5531
f 5622//5532 5623//5532 5621//5532 5620//5532
f 5611//5533 5624//5533 5622//5533 5609//5533
f 5626//5534 5613//5534 5612//5534 5625//5534
f 5613//5535 5626//5535 5624//5535 5611//5535
f 5614//5536 5627//5536 5625//5536 5612//5536
f 5627//5537 5628//5537 5626//5537 5625//5537
f 5617//5538 5630//5538 5629//5538 5615//5538
f 5619//5539 5631//5539 5630//5539 5617//5539
f 5621//5540 5632//5540 5631//5540 5619//5540
f 5634//5541 5623//5541 5622//5541 5633//5541
f 5623//5542 5634//5542 5632//5542 5621//5542
f 5624//5543 5635//5543 5633//5543 5622//5543
f 5635//5544 5636//5544 5634//5544 5633//5544
f 5626//5545 5637//5545 5635//5545 5624//5545
f 5637//5546 5638//5546 5636//5546 5635//5546
f 5628//5547 5639//5547 5637//5547 5626//5547
f 5639//5548 5640//5548 5638//5548 5637//5548
f 5634//5549 5642//5549 5641//5549 5632//5549
f 5636//5550 5643//5550 5642//5550 5634//5550
f 5638//5551 5644//5551 5643//5551 5636//5551
f 5646//5552 5640//5552 5639//5552 5645//5552
f 5640//5553 5646//5553 5644//5553 5638//5553
f 5648//5554 1988//5554 1987//5554 5647//5554
f 5649//5555 1989//5555 1988//5555 5648//5555
f 5650//5556 1990//5556 1989//5556 5649//5556
f 5651//5557 1991//5557 512//5557 4818//5557
f 5652//5558 1992//5558 1991//5558 5651//5558
f 5653//5559 1993//5559 1992//5559 5652//5559
f 5654//5560 1994//5560 1993//5560 5653//5560
f 5655//5561 1995//5561 1994//5561 5654//5561
f 1995//5562 5655//5562 5647//5562 1987//5562
f 5657//5563 5648//5563 5647//5563 5656//5563
f 5658//5564 5649//5564 5648//5564 5657//5564
f 5659//5565 5650//5565 5649//5565 5658//5565
f 5660//5566 5651//5566 4818//5566 4831//5566
f 5661//5567 5652//5567 5651//5567 5660//5567
f 5662//5568 5653//5568 5652//5568 5661//5568
f 5663//5569 5654//5569 5653//5569 5662//5569
f 5664//5570 5655//5570 5654//5570 5663//5570
f 5655//5571 5664//5571 5656//5571 5647//5571
f 5666//5572 5657//5572 5656//5572 5665//5572
f 5667//5573 5658//5573 5657//5573 5666//5573
f 5668//5574 5659//5574 5658//5574 5667//5574
f 5669//5575 5660//5575 4831//5575 4847//5575
f 5670//5576 5661//5576 5660//5576 5669//5576
f 5671//5577 5662//5577 5661//5577 5670//5577
f 5672//5578 5663//5578 5662//5578 5671//5578
f 5673//5579 5664//5579 5663//5579 5672//5579
f 5664//5580 5673//5580 5665//5580 5656//5580
f 5676//5581 5666//5581 5665//5581 5675//5581
f 5677//5582 5667//5582 5666//5582 5676//5582
f 5678//5583 5668//5583 5667//5583 5677//5583
f 5679//5584 5669//5584 4847//5584 4858//5584
f 5680//5585 5670//5585 5669//5585 5679//5585
f 5681//5586 5671//5586 5670//5586 5680//5586
f 5682//5587 5672//5587 5671//5587 5681//5587
f 5683//5588 5682//5588 5674//5588 5675//5588
f 5683//5589 5673//5589 5672//5589 5682//5589
f 5673//5590 5683//5590 5675//5590 5665//5590
f 5686//5591 5675//5591 5674//5591 5685//5591
f 5687//5592 5676//5592 5675//5592 5686//5592
f 5688//5593 5677//5593 5676//5593 5687//5593
f 5689//5594 5678//5594 5677//5594 5688//5594
f 5690//5595 5679//5595 4858//5595 4867//5595
f 5691//5596 5680//5596 5679//5596 5690//5596
f 5692//5597 5681//5597 5680//5597 5691//5597
f 5693//5598 5692//5598 5684//5598 5685//5598
f 5693//5599 5682//5599 5681//5599 5692//5599
f 5682//5600 5693//5600 5685//5600 5674//5600
f 5695//5601 5685//5601 5684//5601 5694//5601
f 5696//5602 5686//5602 5685//5602 5695//5602
f 5697//5603 5687//5603 5686//5603 5696//5603
f 5698//5604 5688//5604 5687//5604 5697//5604
f 5699//5605 5689//5605 5688//5605 5698//5605
f 5700//5606 5690//5606 4867//5606 4881//5606
f 5701//5607 5691//5607 5690//5607 5700//5607
f 5702//5608 5692//5608 5691//5608 5701//5608
f 5692//5609 5702//5609 5694//5609 5684//5609
f 5708//5610 5695//5610 5694//5610 5707//5610
f 5709//5611 5696//5611 5695//5611 5708//5611
f 5710//5612 5709//5612 5703//5612 5704//5612
f 5710//5613 5697//5613 5696//5613 5709//5613
f 5711//5614 5710//5614 5704//5614 5705//5614
f 5711//5615 5698//5615 5697//5615 5710//5615
f 5712//5616 5711//5616 5705//5616 5706//5616
f 5712//5617 5699//5617 5698//5617 5711//5617
f 5713//5618 5700//5618 4881//5618 4891//5618
f 5714//5619 5701//5619 5700//5619 5713//5619
f 5715//5620 5702//5620 5701//5620 5714//5620
f 5702//5621 5715//5621 5707//5621 5694//5621
f 5718//5622 5704//5622 5703//5622 5717//5622
f 5719//5623 5705//5623 5704//5623 5718//5623
f 5720//5624 5706//5624 5705//5624 5719//5624
f 5722//5625 5708//5625 5707//5625 5721//5625
f 5723//5626 5722//5626 5716//5626 5717//5626
f 5723//5627 5709//5627 5708//5627 5722//5627
f 5709//5628 5723//5628 5717//5628 5703//5628
f 5724//5629 5713//5629 4891//5629 4897//5629
f 5725//5630 5714//5630 5713//5630 5724//5630
f 5726//5631 5715//5631 5714//5631 5725//5631
f 5715//5632 5726//5632 5721//5632 5707//5632
f 4900//5633 5727//5633 5724//5633 4897//5633
f 5729//5634 2110//5634 2109//5634 5728//5634
f 5730//5635 2111//5635 1990//5635 5650//5635
f 2111//5636 5730//5636 5728//5636 2109//5636
f 5731//5637 2112//5637 2110//5637 5729//5637
f 5732//5638 2113//5638 2112//5638 5731//5638
f 5734//5639 2115//5639 2113//5639 5732//5639
f 5735//5640 5734//5640 5732//5640 5733//5640
f 5736//5641 2117//5641 2115//5641 5734//5641
f 5737//5642 5736//5642 5734//5642 5735//5642
f 5738//5643 2119//5643 2117//5643 5736//5643
f 5739//5644 5738//5644 5736//5644 5737//5644
f 5739//5645 2120//5645 2119//5645 5738//5645
f 5741//5646 5729//5646 5728//5646 5740//5646
f 5744//5647 5730//5647 5650//5647 5659//5647
f 5730//5648 5744//5648 5740//5648 5728//5648
f 5744//5649 5745//5649 5741//5649 5740//5649
f 5746//5650 5731//5650 5729//5650 5741//5650
f 5747//5651 5746//5651 5741//5651 5742//5651
f 5747//5652 5732//5652 5731//5652 5746//5652
f 5748//5653 5747//5653 5742//5653 5743//5653
f 5748//5654 5733//5654 5732//5654 5747//5654
f 5750//5655 5735//5655 5733//5655 5748//5655
f 5751//5656 5750//5656 5748//5656 5749//5656
f 5752//5657 5737//5657 5735//5657 5750//5657
f 5753//5658 5752//5658 5750//5658 5751//5658
f 5754//5659 5739//5659 5737//5659 5752//5659
f 5755//5660 5754//5660 5752//5660 5753//5660
f 5757//5661 5742//5661 5741//5661 5756//5661
f 5758//5662 5743//5662 5742//5662 5757//5662
f 5760//5663 5744//5663 5659//5663 5668//5663
f 5761//5664 5745//5664 5744//5664 5760//5664
f 5745//5665 5761//5665 5756//5665 5741//5665
f 5761//5666 5762//5666 5757//5666 5756//5666
f 5763//5667 5748//5667 5743//5667 5758//5667
f 5764//5668 5763//5668 5758//5668 5759//5668
f 5764//5669 5749//5669 5748//5669 5763//5669
f 5767//5670 5751//5670 5749//5670 5764//5670
f 5768//5671 5767//5671 5764//5671 5765//5671
f 5769//5672 5768//5672 5765//5672 5766//5672
f 5770//5673 5753//5673 5751//5673 5767//5673
f 5771//5674 5770//5674 5767//5674 5768//5674
f 5772//5675 5771//5675 5768//5675 5769//5675
f 5755//5676 5774//5676 5773//5676 5754//5676
f 5774//5677 5755//5677 5753//5677 5770//5677
f 5775//5678 5774//5678 5770//5678 5771//5678
f 5777//5679 5758//5679 5757//5679 5776//5679
f 5778//5680 5759//5680 5758//5680 5777//5680
f 5781//5681 5760//5681 5668//5681 5678//5681
f 5782//5682 5761//5682 5760//5682 5781//5682
f 5783//5683 5762//5683 5761//5683 5782//5683
f 5762//5684 5783//5684 5776//5684 5757//5684
f 5783//5685 5784//5685 5777//5685 5776//5685
f 5785//5686 5764//5686 5759//5686 5778//5686
f 5786//5687 5785//5687 5778//5687 5779//5687
f 5786//5688 5765//5688 5764//5688 5785//5688
f 5787//5689 5786//5689 5779//5689 5780//5689
f 5787//5690 5766//5690 5765//5690 5786//5690
f 5789//5691 5769//5691 5766//5691 5787//5691
f 5790//5692 5789//5692 5787//5692 5788//5692
f 5772//5693 5792//5693 5791//5693 5771//5693
f 5792//5694 5772//5694 5769//5694 5789//5694
f 5793//5695 5792//5695 5789//5695 5790//5695
f 5775//5696 5795//5696 5794//5696 5774//5696
f 5795//5697 5775//5697 5771//5697 5791//5697
f 5796//5698 5795//5698 5791//5698 5792//5698
f 5797//5699 5796//5699 5792//5699 5793//5699
f 5799//5700 5778//5700 5777//5700 5798//5700
f 5800//5701 5779//5701 5778//5701 5799//5701
f 5801//5702 5780//5702 5779//5702 5800//5702
f 5803//5703 5781//5703 5678//5703 5689//5703
f 5804//5704 5782//5704 5781//5704 5803//5704
f 5805//5705 5783//5705 5782//5705 5804//5705
f 5806//5706 5784//5706 5783//5706 5805//5706
f 5784//5707 5806//5707 5798//5707 5777//5707
f 5806//5708 5807//5708 5799//5708 5798//5708
f 5808//5709 5787//5709 5780//5709 5801//5709
f 5809//5710 5808//5710 5801//5710 5802//5710
f 5809//5711 5788//5711 5787//5711 5808//5711
f 5810//5712 5790//5712 5788//5712 5809//5712
f 5811//5713 5793//5713 5790//5713 5810//5713
f 5796//5714 5813//5714 5812//5714 5795//5714
f 5797//5715 5814//5715 5813//5715 5796//5715
f 5814//5716 5797//5716 5793//5716 5811//5716
f 5816//5717 5800//5717 5799//5717 5815//5717
f 5817//5718 5801//5718 5800//5718 5816//5718
f 5818//5719 5802//5719 5801//5719 5817//5719
f 5819//5720 5803//5720 5689//5720 5699//5720
f 5820//5721 5804//5721 5803//5721 5819//5721
f 5821//5722 5805//5722 5804//5722 5820//5722
f 5822//5723 5806//5723 5805//5723 5821//5723
f 5823//5724 5807//5724 5806//5724 5822//5724
f 5807//5725 5823//5725 5815//5725 5799//5725
f 5823//5726 5824//5726 5816//5726 5815//5726
f 5825//5727 5809//5727 5802//5727 5818//5727
f 5829//5728 5817//5728 5816//5728 5828//5728
f 5830//5729 5818//5729 5817//5729 5829//5729
f 5831//5730 5712//5730 5706//5730 5827//5730
f 5831//5731 5819//5731 5699//5731 5712//5731
f 5832//5732 5820//5732 5819//5732 5831//5732
f 5833//5733 5821//5733 5820//5733 5832//5733
f 5834//5734 5822//5734 5821//5734 5833//5734
f 5835//5735 5823//5735 5822//5735 5834//5735
f 5836//5736 5824//5736 5823//5736 5835//5736
f 5824//5737 5836//5737 5828//5737 5816//5737
f 5836//5738 5837//5738 5829//5738 5828//5738
f 5838//5739 5825//5739 5818//5739 5830//5739
f 5839//5740 5827//5740 5706//5740 5720//5740
f 5841//5741 5830//5741 5829//5741 5840//5741
f 5842//5742 5831//5742 5827//5742 5839//5742
f 5843//5743 5832//5743 5831//5743 5842//5743
f 5844//5744 5833//5744 5832//5744 5843//5744
f 5845//5745 5834//5745 5833//5745 5844//5745
f 5846//5746 5835//5746 5834//5746 5845//5746
f 5847//5747 5836//5747 5835//5747 5846//5747
f 5848//5748 5837//5748 5836//5748 5847//5748
f 5837//5749 5848//5749 5840//5749 5829//5749
f 5848//5750 5849//5750 5841//5750 5840//5750
f 5849//5751 5838//5751 5830//5751 5841//5751
f 5850//5752 5851//5752 5844//5752 5843//5752
f 5851//5753 5852//5753 5845//5753 5844//5753
f 5854//5754 5810//5754 5809//5754 5853//5754
f 5855//5755 5811//5755 5810//5755 5854//5755
f 5856//5756 5814//5756 5811//5756 5855//5756
f 5857//5757 5853//5757 5809//5757 5825//5757
f 5859//5758 5854//5758 5853//5758 5857//5758
f 5860//5759 5859//5759 5857//5759 5858//5759
f 5861//5760 5855//5760 5854//5760 5859//5760
f 5862//5761 5861//5761 5859//5761 5860//5761
f 5856//5762 5863//5762 5826//5762 5814//5762
f 5863//5763 5856//5763 5855//5763 5861//5763
f 5864//5764 5863//5764 5861//5764 5862//5764
f 5865//5765 5857//5765 5825//5765 5838//5765
f 5866//5766 5858//5766 5857//5766 5865//5766
f 5867//5767 5860//5767 5858//5767 5866//5767
f 5868//5768 5862//5768 5860//5768 5867//5768
f 5864//5769 5870//5769 5869//5769 5863//5769
f 5870//5770 5864//5770 5862//5770 5868//5770
f 5871//5771 5865//5771 5838//5771 5849//5771
f 5872//5772 5866//5772 5865//5772 5871//5772
f 5873//5773 5874//5773 5872//5773 5871//5773
f 5874//5774 5867//5774 5866//5774 5872//5774
f 5875//5775 5868//5775 5867//5775 5874//5775
f 5870//5776 5877//5776 5876//5776 5869//5776
f 5877//5777 5870//5777 5868//5777 5875//5777
f 5878//5778 2220//5778 2120//5778 5739//5778
f 5880//5779 2222//5779 2220//5779 5878//5779
f 5881//5780 5880//5780 5878//5780 5879//5780
f 5881//5781 2223//5781 2222//5781 5880//5781
f 5882//5782 2224//5782 2223//5782 5881//5782
f 5883//5783 2225//5783 2224//5783 5882//5783
f 5884//5784 2226//5784 2225//5784 5883//5784
f 5885//5785 2227//5785 2226//5785 5884//5785
f 5886//5786 2228//5786 2227//5786 5885//5786
f 5887//5787 2229//5787 2228//5787 5886//5787
f 5888//5788 5878//5788 5739//5788 5754//5788
f 5889//5789 5879//5789 5878//5789 5888//5789
f 5890//5790 5881//5790 5879//5790 5889//5790
f 5891//5791 5882//5791 5881//5791 5890//5791
f 5892//5792 5883//5792 5882//5792 5891//5792
f 5893//5793 5884//5793 5883//5793 5892//5793
f 5894//5794 5885//5794 5884//5794 5893//5794
f 5895//5795 5886//5795 5885//5795 5894//5795
f 5896//5796 5887//5796 5886//5796 5895//5796
f 5897//5797 5888//5797 5754//5797 5773//5797
f 5898//5798 5897//5798 5773//5798 5774//5798
f 5898//5799 5889//5799 5888//5799 5897//5799
f 5899//5800 5890//5800 5889//5800 5898//5800
f 5900//5801 5891//5801 5890//5801 5899//5801
f 5901//5802 5892//5802 5891//5802 5900//5802
f 5902//5803 5893//5803 5892//5803 5901//5803
f 5903//5804 5894//5804 5893//5804 5902//5804
f 5904//5805 5895//5805 5894//5805 5903//5805
f 5905//5806 5896//5806 5895//5806 5904//5806
f 5906//5807 5898//5807 5774//5807 5794//5807
f 5907//5808 5906//5808 5794//5808 5795//5808
f 5908//5809 5899//5809 5898//5809 5906//5809
f 5909//5810 5908//5810 5906//5810 5907//5810
f 5909//5811 5900//5811 5899//5811 5908//5811
f 5910//5812 5901//5812 5900//5812 5909//5812
f 5911//5813 5902//5813 5901//5813 5910//5813
f 5912//5814 5913//5814 5911//5814 5910//5814
f 5913//5815 5903//5815 5902//5815 5911//5815
f 5914//5816 5904//5816 5903//5816 5913//5816
f 5915//5817 5916//5817 5914//5817 5913//5817
f 5916//5818 5905//5818 5904//5818 5914//5818
f 5917//5819 5907//5819 5795//5819 5812//5819
f 5918//5820 5917//5820 5812//5820 5813//5820
f 5919//5821 5918//5821 5813//5821 5814//5821
f 5920//5822 5909//5822 5907//5822 5917//5822
f 5921//5823 5910//5823 5909//5823 5920//5823
f 5922//5824 5912//5824 5910//5824 5921//5824
f 5923//5825 5913//5825 5912//5825 5922//5825
f 5924//5826 5915//5826 5913//5826 5923//5826
f 5925//5827 5916//5827 5915//5827 5924//5827
f 5918//5828 5928//5828 5927//5828 5917//5828
f 5919//5829 5929//5829 5928//5829 5918//5829
f 5929//5830 5919//5830 5814//5830 5826//5830
f 5930//5831 5920//5831 5917//5831 5927//5831
f 5931//5832 5930//5832 5927//5832 5928//5832
f 5932//5833 5921//5833 5920//5833 5930//5833
f 5933//5834 5922//5834 5921//5834 5932//5834
f 5934//5835 5923//5835 5922//5835 5933//5835
f 5935//5836 5924//5836 5923//5836 5934//5836
f 5936//5837 5925//5837 5924//5837 5935//5837
f 5937//5838 5926//5838 5925//5838 5936//5838
f 5929//5839 5939//5839 5938//5839 5928//5839
f 5931//5840 5941//5840 5940//5840 5930//5840
f 5941//5841 5931//5841 5928//5841 5938//5841
f 5942//5842 5932//5842 5930//5842 5940//5842
f 5943//5843 5933//5843 5932//5843 5942//5843
f 5944//5844 5934//5844 5933//5844 5943//5844
f 5945//5845 5935//5845 5934//5845 5944//5845
f 5946//5846 5936//5846 5935//5846 5945//5846
f 5947//5847 5937//5847 5936//5847 5946//5847
f 5939//5848 5949//5848 5948//5848 5938//5848
f 5941//5849 5951//5849 5950//5849 5940//5849
f 5951//5850 5941//5850 5938//5850 5948//5850
f 5952//5851 5951//5851 5948//5851 5949//5851
f 5953//5852 5942//5852 5940//5852 5950//5852
f 5954//5853 5943//5853 5942//5853 5953//5853
f 5955//5854 5944//5854 5943//5854 5954//5854
f 5956//5855 5957//5855 5955//5855 5954//5855
f 5957//5856 5945//5856 5944//5856 5955//5856
f 5958//5857 5946//5857 5945//5857 5957//5857
f 5959//5858 5960//5858 5958//5858 5957//5858
f 5960//5859 5947//5859 5946//5859 5958//5859
f 5962//5860 2279//5860 2229//5860 5887//5860
f 5963//5861 2280//5861 2279//5861 5962//5861
f 5964//5862 2281//5862 2280//5862 5963//5862
f 5965//5863 2282//5863 2281//5863 5964//5863
f 5966//5864 2283//5864 2282//5864 5965//5864
f 5967//5865 2284//5865 2283//5865 5966//5865
f 5968//5866 2285//5866 2284//5866 5967//5866
f 5969//5867 5962//5867 5887//5867 5896//5867
f 5970//5868 5963//5868 5962//5868 5969//5868
f 5971//5869 5964//5869 5963//5869 5970//5869
f 5972//5870 5965//5870 5964//5870 5971//5870
f 5973//5871 5966//5871 5965//5871 5972//5871
f 5974//5872 5967//5872 5966//5872 5973//5872
f 5975//5873 5968//5873 5967//5873 5974//5873
f 5976//5874 5969//5874 5896//5874 5905//5874
f 5977//5875 5970//5875 5969//5875 5976//5875
f 5978//5876 5971//5876 5970//5876 5977//5876
f 5979//5877 5972//5877 5971//5877 5978//5877
f 5980//5878 5973//5878 5972//5878 5979//5878
f 5981//5879 5974//5879 5973//5879 5980//5879
f 5982//5880 5975//5880 5974//5880 5981//5880
f 5983//5881 5976//5881 5905//5881 5916//5881
f 5984//5882 5977//5882 5976//5882 5983//5882
f 5985//5883 5978//5883 5977//5883 5984//5883
f 5986//5884 5979//5884 5978//5884 5985//5884
f 5987//5885 5980//5885 5979//5885 5986//5885
f 5988//5886 5981//5886 5980//5886 5987//5886
f 5989//5887 5982//5887 5981//5887 5988//5887
f 5990//5888 5983//5888 5916//5888 5925//5888
f 5926//5889 5991//5889 5990//5889 5925//5889
f 5991//5890 5984//5890 5983//5890 5990//5890
f 5992//5891 5985//5891 5984//5891 5991//5891
f 5993//5892 5994//5892 5992//5892 5991//5892
f 5994//5893 5986//5893 5985//5893 5992//5893
f 5995//5894 5987//5894 5986//5894 5994//5894
f 5996//5895 5988//5895 5987//5895 5995//5895
f 5997//5896 5989//5896 5988//5896 5996//5896
f 5998//5897 5929//5897 5826//5897 5863//5897
f 5999//5898 5991//5898 5926//5898 5937//5898
f 6000//5899 5993//5899 5991//5899 5999//5899
f 6001//5900 5994//5900 5993//5900 6000//5900
f 6002//5901 5995//5901 5994//5901 6001//5901
f 6003//5902 6004//5902 6002//5902 6001//5902
f 6004//5903 5996//5903 5995//5903 6002//5903
f 5998//5904 6005//5904 5939//5904 5929//5904
f 6005//5905 5998//5905 5863//5905 5869//5905
f 6006//5906 5999//5906 5937//5906 5947//5906
f 6007//5907 6000//5907 5999//5907 6006//5907
f 6008//5908 6001//5908 6000//5908 6007//5908
f 6009//5909 6003//5909 6001//5909 6008//5909
f 6010//5910 6004//5910 6003//5910 6009//5910
f 6005//5911 6011//5911 5949//5911 5939//5911
f 6011//5912 6005//5912 5869//5912 5876//5912
f 6012//5913 6006//5913 5947//5913 5960//5913
f 5961//5914 6013//5914 6012//5914 5960//5914
f 6013//5915 6007//5915 6006//5915 6012//5915
f 6014//5916 6008//5916 6007//5916 6013//5916
f 6015//5917 6016//5917 6014//5917 6013//5917
f 6016//5918 6009//5918 6008//5918 6014//5918
f 6017//5919 6010//5919 6009//5919 6016//5919
f 6018//5920 2380//5920 2285//5920 5968//5920
f 6019//5921 2381//5921 2380//5921 6018//5921
f 6020//5922 2382//5922 2381//5922 6019//5922
f 6021//5923 2383//5923 2382//5923 6020//5923
f 6022//5924 2384//5924 2383//5924 6021//5924
f 6023//5925 2385//5925 2384//5925 6022//5925
f 6024//5926 2386//5926 2385//5926 6023//5926
f 6025//5927 2387//5927 2386//5927 6024//5927
f 6026//5928 2388//5928 2387//5928 6025//5928
f 6027//5929 2389//5929 2388//5929 6026//5929
f 6028//5930 2390//5930 2389//5930 6027//5930
f 6029//5931 2391//5931 2390//5931 6028//5931
f 6030//5932 6018//5932 5968//5932 5975//5932
f 6031//5933 6019//5933 6018//5933 6030//5933
f 6032//5934 6020//5934 6019//5934 6031//5934
f 6033//5935 6021//5935 6020//5935 6032//5935
f 6034//5936 6022//5936 6021//5936 6033//5936
f 6035//5937 6023//5937 6022//5937 6034//5937
f 6036//5938 6024//5938 6023//5938 6035//5938
f 6037//5939 6038//5939 6036//5939 6035//5939
f 6038//5940 6025//5940 6024//5940 6036//5940
f 6039//5941 6026//5941 6025//5941 6038//5941
f 6040//5942 6027//5942 6026//5942 6039//5942
f 6041//5943 6028//5943 6027//5943 6040//5943
f 6042//5944 6043//5944 6041//5944 6040//5944
f 6043//5945 6029//5945 6028//5945 6041//5945
f 6044//5946 6030//5946 5975//5946 5982//5946
f 6045//5947 6031//5947 6030//5947 6044//5947
f 6046//5948 6032//5948 6031//5948 6045//5948
f 6047//5949 6033//5949 6032//5949 6046//5949
f 6048//5950 6049//5950 6047//5950 6046//5950
f 6049//5951 6034//5951 6033//5951 6047//5951
f 6050//5952 6035//5952 6034//5952 6049//5952
f 6051//5953 6037//5953 6035//5953 6050//5953
f 6052//5954 6038//5954 6037//5954 6051//5954
f 6053//5955 6039//5955 6038//5955 6052//5955
f 6054//5956 6040//5956 6039//5956 6053//5956
f 6055//5957 6042//5957 6040//5957 6054//5957
f 6056//5958 6043//5958 6042//5958 6055//5958
f 6057//5959 6044//5959 5982//5959 5989//5959
f 6058//5960 6045//5960 6044//5960 6057//5960
f 6059//5961 6046//5961 6045//5961 6058//5961
f 6060//5962 6048//5962 6046//5962 6059//5962
f 6061//5963 6049//5963 6048//5963 6060//5963
f 6062//5964 6050//5964 6049//5964 6061//5964
f 6063//5965 6051//5965 6050//5965 6062//5965
f 6064//5966 6052//5966 6051//5966 6063//5966
f 6065//5967 6053//5967 6052//5967 6064//5967
f 6066//5968 6054//5968 6053//5968 6065//5968
f 6067//5969 6055//5969 6054//5969 6066//5969
f 6068//5970 6056//5970 6055//5970 6067//5970
f 6069//5971 6070//5971 5997//5971 5996//5971
f 6070//5972 6057//5972 5989//5972 5997//5972
f 6071//5973 6058//5973 6057//5973 6070//5973
f 6072//5974 6073//5974 6071//5974 6070//5974
f 6073//5975 6059//5975 6058//5975 6071//5975
f 6074//5976 6060//5976 6059//5976 6073//5976
f 6075//5977 6061//5977 6060//5977 6074//5977
f 6076//5978 6062//5978 6061//5978 6075//5978
f 6077//5979 6063//5979 6062//5979 6076//5979
f 6078//5980 6064//5980 6063//5980 6077//5980
f 6079//5981 6065//5981 6064//5981 6078//5981
f 6080//5982 6066//5982 6065//5982 6079//5982
f 6081//5983 6067//5983 6066//5983 6080//5983
f 6082//5984 6069//5984 5996//5984 6004//5984
f 6083//5985 6070//5985 6069//5985 6082//5985
f 6084//5986 6072//5986 6070//5986 6083//5986
f 6085//5987 6073//5987 6072//5987 6084//5987
f 6086//5988 6074//5988 6073//5988 6085//5988
f 6087//5989 6075//5989 6074//5989 6086//5989
f 6088//5990 6076//5990 6075//5990 6087//5990
f 6089//5991 6077//5991 6076//5991 6088//5991
f 6090//5992 6078//5992 6077//5992 6089//5992
f 6091//5993 6079//5993 6078//5993 6090//5993
f 6092//5994 6080//5994 6079//5994 6091//5994
f 6093//5995 6081//5995 6080//5995 6092//5995
f 6094//5996 6082//5996 6004//5996 6010//5996
f 6095//5997 6083//5997 6082//5997 6094//5997
f 6096//5998 6084//5998 6083//5998 6095//5998
f 6097//5999 6085//5999 6084//5999 6096//5999
f 6098//6000 6086//6000 6085//6000 6097//6000
f 6099//6001 6087//6001 6086//6001 6098//6001
f 6100//6002 6101//6002 6099//6002 6098//6002
f 6101//6003 6088//6003 6087//6003 6099//6003
f 6102//6004 6089//6004 6088//6004 6101//6004
f 6103//6005 6090//6005 6089//6005 6102//6005
f 6104//6006 6105//6006 6103//6006 6102//6006
f 6105//6007 6091//6007 6090//6007 6103//6007
f 6106//6008 6092//6008 6091//6008 6105//6008
f 6107//6009 6093//6009 6092//6009 6106//6009
f 6108//6010 6109//6010 6017//6010 6016//6010
f 6109//6011 6094//6011 6010//6011 6017//6011
f 6110//6012 6095//6012 6094//6012 6109//6012
f 6111//6013 6112//6013 6110//6013 6109//6013
f 6112//6014 6096//6014 6095//6014 6110//6014
f 6113//6015 6097//6015 6096//6015 6112//6015
f 6114//6016 6115//6016 6113//6016 6112//6016
f 6115//6017 6098//6017 6097//6017 6113//6017
f 6116//6018 6100//6018 6098//6018 6115//6018
f 6117//6019 6101//6019 6100//6019 6116//6019
f 6118//6020 6102//6020 6101//6020 6117//6020
f 6119//6021 6104//6021 6102//6021 6118//6021
f 6120//6022 6105//6022 6104//6022 6119//6022
f 6121//6023 6122//6023 6120//6023 6119//6023
f 6122//6024 6106//6024 6105//6024 6120//6024
f 6123//6025 6107//6025 6106//6025 6122//6025
f 6125//6026 5717//6026 5716//6026 6124//6026
f 6126//6027 5718//6027 5717//6027 6125//6027
f 6127//6028 5719//6028 5718//6028 6126//6028
f 6128//6029 5720//6029 5719//6029 6127//6029
f 6130//6030 5722//6030 5721//6030 6129//6030
f 5722//6031 6130//6031 6124//6031 5716//6031
f 6132//6032 5725//6032 5724//6032 6131//6032
f 6133//6033 5726//6033 5725//6033 6132//6033
f 5726//6034 6133//6034 6129//6034 5721//6034
f 6134//6035 5727//6035 4900//6035 5380//6035
f 5727//6036 6134//6036 6131//6036 5724//6036
f 6134//6037 6135//6037 6132//6037 6131//6037
f 6137//6038 6125//6038 6124//6038 6136//6038
f 6138//6039 6126//6039 6125//6039 6137//6039
f 6139//6040 6127//6040 6126//6040 6138//6040
f 6140//6041 6128//6041 6127//6041 6139//6041
f 6142//6042 6130//6042 6129//6042 6141//6042
f 6130//6043 6142//6043 6136//6043 6124//6043
f 6142//6044 6143//6044 6137//6044 6136//6044
f 6146//6045 6133//6045 6132//6045 6145//6045
f 6133//6046 6146//6046 6141//6046 6129//6046
f 6146//6047 6147//6047 6142//6047 6141//6047
f 6148//6048 6134//6048 5380//6048 5384//6048
f 6149//6049 6135//6049 6134//6049 6148//6049
f 6135//6050 6149//6050 6145//6050 6132//6050
f 6151//6051 6138//6051 6137//6051 6150//6051
f 6152//6052 6139//6052 6138//6052 6151//6052
f 6153//6053 6140//6053 6139//6053 6152//6053
f 6155//6054 6143//6054 6142//6054 6154//6054
f 6143//6055 6155//6055 6150//6055 6137//6055
f 6155//6056 6156//6056 6151//6056 6150//6056
f 6156//6057 6157//6057 6152//6057 6151//6057
f 6157//6058 6158//6058 6153//6058 6152//6058
f 6158//6059 6144//6059 6140//6059 6153//6059
f 6160//6060 6146//6060 6145//6060 6159//6060
f 6161//6061 6147//6061 6146//6061 6160//6061
f 6147//6062 6161//6062 6154//6062 6142//6062
f 6161//6063 6162//6063 6155//6063 6154//6063
f 6164//6064 6148//6064 5384//6064 5388//6064
f 6165//6065 6149//6065 6148//6065 6164//6065
f 6149//6066 6165//6066 6159//6066 6145//6066
f 6165//6067 6166//6067 6160//6067 6159//6067
f 5390//6068 6167//6068 6164//6068 5388//6068
f 6169//6069 6156//6069 6155//6069 6168//6069
f 6170//6070 6157//6070 6156//6070 6169//6070
f 6171//6071 6158//6071 6157//6071 6170//6071
f 6173//6072 6161//6072 6160//6072 6172//6072
f 6174//6073 6162//6073 6161//6073 6173//6073
f 6162//6074 6174//6074 6168//6074 6155//6074
f 6174//6075 6175//6075 6169//6075 6168//6075
f 6175//6076 6176//6076 6170//6076 6169//6076
f 6176//6077 6177//6077 6171//6077 6170//6077
f 6177//6078 6163//6078 6158//6078 6171//6078
f 6179//6079 6165//6079 6164//6079 6178//6079
f 6180//6080 6166//6080 6165//6080 6179//6080
f 6166//6081 6180//6081 6172//6081 6160//6081
f 6180//6082 6181//6082 6173//6082 6172//6082
f 6181//6083 6182//6083 6174//6083 6173//6083
f 6183//6084 6167//6084 5390//6084 5391//6084
f 6167//6085 6183//6085 6178//6085 6164//6085
f 6183//6086 6184//6086 6179//6086 6178//6086
f 6186//6087 6175//6087 6174//6087 6185//6087
f 6187//6088 6176//6088 6175//6088 6186//6088
f 6188//6089 6177//6089 6176//6089 6187//6089
f 6190//6090 6180//6090 6179//6090 6189//6090
f 6191//6091 6181//6091 6180//6091 6190//6091
f 6192//6092 6182//6092 6181//6092 6191//6092
f 6182//6093 6192//6093 6185//6093 6174//6093
f 6192//6094 6193//6094 6186//6094 6185//6094
f 6193//6095 6194//6095 6187//6095 6186//6095
f 6194//6096 6195//6096 6188//6096 6187//6096
f 6196//6097 6183//6097 5391//6097 5392//6097
f 6197//6098 6184//6098 6183//6098 6196//6098
f 6184//6099 6197//6099 6189//6099 6179//6099
f 6197//6100 6198//6100 6190//6100 6189//6100
f 6200//6101 6191//6101 6190//6101 6199//6101
f 6201//6102 6192//6102 6191//6102 6200//6102
f 6202//6103 6193//6103 6192//6103 6201//6103
f 6203//6104 6194//6104 6193//6104 6202//6104
f 6204//6105 6195//6105 6194//6105 6203//6105
f 6206//6106 6197//6106 6196//6106 6205//6106
f 6207//6107 6198//6107 6197//6107 6206//6107
f 6198//6108 6207//6108 6199//6108 6190//6108
f 6207//6109 6208//6109 6200//6109 6199//6109
f 6208//6110 6209//6110 6201//6110 6200//6110
f 6209//6111 6210//6111 6202//6111 6201//6111
f 6210//6112 6211//6112 6203//6112 6202//6112
f 6211//6113 6212//6113 6204//6113 6203//6113
f 6215//6114 6207//6114 6206//6114 6214//6114
f 6216//6115 6208//6115 6207//6115 6215//6115
f 6217//6116 6209//6116 6208//6116 6216//6116
f 6218//6117 6210//6117 6209//6117 6217//6117
f 6219//6118 6211//6118 6210//6118 6218//6118
f 6220//6119 6212//6119 6211//6119 6219//6119
f 6212//6120 6220//6120 6213//6120 6204//6120
f 6222//6121 6216//6121 6215//6121 6221//6121
f 6223//6122 6217//6122 6216//6122 6222//6122
f 6224//6123 6218//6123 6217//6123 6223//6123
f 6225//6124 6219//6124 6218//6124 6224//6124
f 6226//6125 6220//6125 6219//6125 6225//6125
f 6227//6126 5839//6126 5720//6126 6128//6126
f 6228//6127 5842//6127 5839//6127 6227//6127
f 6229//6128 5843//6128 5842//6128 6228//6128
f 6231//6129 5846//6129 5845//6129 6230//6129
f 6232//6130 5847//6130 5846//6130 6231//6130
f 6233//6131 5848//6131 5847//6131 6232//6131
f 6234//6132 5849//6132 5848//6132 6233//6132
f 6235//6133 5850//6133 5843//6133 6229//6133
f 6236//6134 5851//6134 5850//6134 6235//6134
f 6237//6135 5852//6135 5851//6135 6236//6135
f 5852//6136 6237//6136 6230//6136 5845//6136
f 6237//6137 6238//6137 6231//6137 6230//6137
f 6239//6138 6227//6138 6128//6138 6140//6138
f 6144//6139 6240//6139 6239//6139 6140//6139
f 6240//6140 6228//6140 6227//6140 6239//6140
f 6241//6141 6229//6141 6228//6141 6240//6141
f 6243//6142 6232//6142 6231//6142 6242//6142
f 6244//6143 6233//6143 6232//6143 6243//6143
f 6245//6144 6234//6144 6233//6144 6244//6144
f 6246//6145 6235//6145 6229//6145 6241//6145
f 6247//6146 6236//6146 6235//6146 6246//6146
f 6248//6147 6237//6147 6236//6147 6247//6147
f 6249//6148 6238//6148 6237//6148 6248//6148
f 6238//6149 6249//6149 6242//6149 6231//6149
f 6252//6150 6240//6150 6144//6150 6158//6150
f 6253//6151 6241//6151 6240//6151 6252//6151
f 6255//6152 6243//6152 6242//6152 6254//6152
f 6256//6153 6244//6153 6243//6153 6255//6153
f 6257//6154 6245//6154 6244//6154 6256//6154
f 6163//6155 6258//6155 6252//6155 6158//6155
f 6258//6156 6259//6156 6253//6156 6252//6156
f 6259//6157 6246//6157 6241//6157 6253//6157
f 6260//6158 6247//6158 6246//6158 6259//6158
f 6261//6159 6248//6159 6247//6159 6260//6159
f 6262//6160 6249//6160 6248//6160 6261//6160
f 6249//6161 6262//6161 6254//6161 6242//6161
f 6263//6162 6264//6162 6257//6162 6256//6162
f 6264//6163 6250//6163 6245//6163 6257//6163
f 6268//6164 6255//6164 6254//6164 6267//6164
f 6269//6165 6256//6165 6255//6165 6268//6165
f 6270//6166 6258//6166 6163//6166 6177//6166
f 6271//6167 6259//6167 6258//6167 6270//6167
f 6272//6168 6260//6168 6259//6168 6271//6168
f 6273//6169 6261//6169 6260//6169 6272//6169
f 6274//6170 6262//6170 6261//6170 6273//6170
f 6262//6171 6274//6171 6267//6171 6254//6171
f 6274//6172 6275//6172 6268//6172 6267//6172
f 6275//6173 6276//6173 6269//6173 6268//6173
f 6276//6174 6263//6174 6256//6174 6269//6174
f 6277//6175 6264//6175 6263//6175 6276//6175
f 6278//6176 6279//6176 6277//6176 6276//6176
f 6279//6177 6265//6177 6264//6177 6277//6177
f 6280//6178 6281//6178 6279//6178 6278//6178
f 6281//6179 6266//6179 6265//6179 6279//6179
f 6282//6180 6270//6180 6177//6180 6188//6180
f 6283//6181 6271//6181 6270//6181 6282//6181
f 6284//6182 6272//6182 6271//6182 6283//6182
f 6285//6183 6273//6183 6272//6183 6284//6183
f 6286//6184 6274//6184 6273//6184 6285//6184
f 6287//6185 6275//6185 6274//6185 6286//6185
f 6288//6186 6276//6186 6275//6186 6287//6186
f 6195//6187 6289//6187 6282//6187 6188//6187
f 6289//6188 6290//6188 6283//6188 6282//6188
f 6290//6189 6291//6189 6284//6189 6283//6189
f 6292//6190 6293//6190 6288//6190 6287//6190
f 6293//6191 6278//6191 6276//6191 6288//6191
f 6294//6192 6280//6192 6278//6192 6293//6192
f 6296//6193 6285//6193 6284//6193 6295//6193
f 6297//6194 6286//6194 6285//6194 6296//6194
f 6298//6195 6287//6195 6286//6195 6297//6195
f 6299//6196 6289//6196 6195//6196 6204//6196
f 6300//6197 6290//6197 6289//6197 6299//6197
f 6301//6198 6291//6198 6290//6198 6300//6198
f 6291//6199 6301//6199 6295//6199 6284//6199
f 6301//6200 6302//6200 6296//6200 6295//6200
f 6303//6201 6304//6201 6298//6201 6297//6201
f 6304//6202 6292//6202 6287//6202 6298//6202
f 6305//6203 6293//6203 6292//6203 6304//6203
f 6306//6204 6307//6204 6305//6204 6304//6204
f 6307//6205 6294//6205 6293//6205 6305//6205
f 6309//6206 6297//6206 6296//6206 6308//6206
f 6310//6207 6299//6207 6204//6207 6213//6207
f 6311//6208 6300//6208 6299//6208 6310//6208
f 6312//6209 6301//6209 6300//6209 6311//6209
f 6313//6210 6302//6210 6301//6210 6312//6210
f 6302//6211 6313//6211 6308//6211 6296//6211
f 6313//6212 6314//6212 6309//6212 6308//6212
f 6314//6213 6303//6213 6297//6213 6309//6213
f 6315//6214 6304//6214 6303//6214 6314//6214
f 6220//6215 6316//6215 6310//6215 6213//6215
f 6316//6216 6317//6216 6311//6216 6310//6216
f 6318//6217 6319//6217 6315//6217 6314//6217
f 6319//6218 6306//6218 6304//6218 6315//6218
f 6321//6219 6312//6219 6311//6219 6320//6219
f 6322//6220 6313//6220 6312//6220 6321//6220
f 6323//6221 6314//6221 6313//6221 6322//6221
f 6324//6222 6316//6222 6220//6222 6226//6222
f 6325//6223 6317//6223 6316//6223 6324//6223
f 6317//6224 6325//6224 6320//6224 6311//6224
f 6326//6225 6318//6225 6314//6225 6323//6225
f 6327//6226 6319//6226 6318//6226 6326//6226
f 6328//6227 5871//6227 5849//6227 6234//6227
f 6329//6228 5873//6228 5871//6228 6328//6228
f 6330//6229 5874//6229 5873//6229 6329//6229
f 6331//6230 6332//6230 6330//6230 6329//6230
f 6332//6231 5875//6231 5874//6231 6330//6231
f 6333//6232 6334//6232 6332//6232 6331//6232
f 5877//6233 6334//6233 6333//6233 5876//6233
f 6334//6234 5877//6234 5875//6234 6332//6234
f 6335//6235 6328//6235 6234//6235 6245//6235
f 6250//6236 6336//6236 6335//6236 6245//6236
f 6336//6237 6329//6237 6328//6237 6335//6237
f 6337//6238 6331//6238 6329//6238 6336//6238
f 6338//6239 6333//6239 6331//6239 6337//6239
f 6339//6240 6336//6240 6250//6240 6264//6240
f 6265//6241 6340//6241 6339//6241 6264//6241
f 6340//6242 6337//6242 6336//6242 6339//6242
f 6266//6243 6341//6243 6340//6243 6265//6243
f 6338//6244 6341//6244 6266//6244 6251//6244
f 6341//6245 6338//6245 6337//6245 6340//6245
f 5466//6246 6342//6246 6196//6246 5392//6246
f 6343//6247 6342//6247 5466//6247 5481//6247
f 6342//6248 6343//6248 6205//6248 6196//6248
f 6343//6249 6344//6249 6206//6249 6205//6249
f 5483//6250 6345//6250 6343//6250 5481//6250
f 6347//6251 6344//6251 6343//6251 6346//6251
f 6344//6252 6347//6252 6214//6252 6206//6252
f 6347//6253 6348//6253 6215//6253 6214//6253
f 6349//6254 6345//6254 5483//6254 5492//6254
f 6345//6255 6349//6255 6346//6255 6343//6255
f 5494//6256 6350//6256 6349//6256 5492//6256
f 6352//6257 6347//6257 6346//6257 6351//6257
f 6353//6258 6348//6258 6347//6258 6352//6258
f 6348//6259 6353//6259 6221//6259 6215//6259
f 6353//6260 6354//6260 6222//6260 6221//6260
f 6354//6261 6355//6261 6223//6261 6222//6261
f 6349//6262 6356//6262 6351//6262 6346//6262
f 6356//6263 6357//6263 6352//6263 6351//6263
f 6357//6264 6358//6264 6353//6264 6352//6264
f 6359//6265 6350//6265 5494//6265 5505//6265
f 6350//6266 6359//6266 6356//6266 6349//6266
f 5506//6267 6360//6267 6359//6267 5505//6267
f 5507//6268 6361//6268 6360//6268 5506//6268
f 5508//6269 6362//6269 6361//6269 5507//6269
f 5509//6270 6363//6270 6362//6270 5508//6270
f 5510//6271 6364//6271 6363//6271 5509//6271
f 5951//6272 6367//6272 6366//6272 5950//6272
f 5952//6273 6368//6273 6367//6273 5951//6273
f 6368//6274 5952//6274 5949//6274 6365//6274
f 6369//6275 5953//6275 5950//6275 6366//6275
f 6370//6276 5954//6276 5953//6276 6369//6276
f 6371//6277 5956//6277 5954//6277 6370//6277
f 6372//6278 5957//6278 5956//6278 6371//6278
f 6373//6279 5959//6279 5957//6279 6372//6279
f 6374//6280 5960//6280 5959//6280 6373//6280
f 6375//6281 5961//6281 5960//6281 6374//6281
f 6367//6282 6378//6282 6377//6282 6366//6282
f 6368//6283 6379//6283 6378//6283 6367//6283
f 6379//6284 6368//6284 6365//6284 6376//6284
f 6380//6285 6369//6285 6366//6285 6377//6285
f 6381//6286 6380//6286 6377//6286 6378//6286
f 6382//6287 6370//6287 6369//6287 6380//6287
f 6383//6288 6371//6288 6370//6288 6382//6288
f 6384//6289 6372//6289 6371//6289 6383//6289
f 6385//6290 6373//6290 6372//6290 6384//6290
f 6386//6291 6374//6291 6373//6291 6385//6291
f 6387//6292 6388//6292 6386//6292 6385//6292
f 6388//6293 6375//6293 6374//6293 6386//6293
f 6391//6294 6376//6294 6251//6294 6266//6294
f 6392//6295 6393//6295 6391//6295 6390//6295
f 6379//6296 6393//6296 6392//6296 6378//6296
f 6393//6297 6379//6297 6376//6297 6391//6297
f 6381//6298 6395//6298 6394//6298 6380//6298
f 6395//6299 6381//6299 6378//6299 6392//6299
f 6396//6300 6382//6300 6380//6300 6394//6300
f 6397//6301 6383//6301 6382//6301 6396//6301
f 6398//6302 6384//6302 6383//6302 6397//6302
f 6399//6303 6400//6303 6398//6303 6397//6303
f 6400//6304 6385//6304 6384//6304 6398//6304
f 6401//6305 6387//6305 6385//6305 6400//6305
f 6402//6306 6388//6306 6387//6306 6401//6306
f 6403//6307 6389//6307 6388//6307 6402//6307
f 6404//6308 6405//6308 6281//6308 6280//6308
f 6391//6309 6405//6309 6404//6309 6390//6309
f 6405//6310 6391//6310 6266//6310 6281//6310
f 6407//6311 6392//6311 6390//6311 6404//6311
f 6408//6312 6409//6312 6407//6312 6406//6312
f 6395//6313 6409//6313 6408//6313 6394//6313
f 6409//6314 6395//6314 6392//6314 6407//6314
f 6410//6315 6396//6315 6394//6315 6408//6315
f 6411//6316 6397//6316 6396//6316 6410//6316
f 6412//6317 6399//6317 6397//6317 6411//6317
f 6413//6318 6400//6318 6399//6318 6412//6318
f 6414//6319 6415//6319 6413//6319 6412//6319
f 6415//6320 6401//6320 6400//6320 6413//6320
f 6416//6321 6402//6321 6401//6321 6415//6321
f 6417//6322 6418//6322 6416//6322 6415//6322
f 6418//6323 6403//6323 6402//6323 6416//6323
f 6419//6324 6404//6324 6280//6324 6294//6324
f 6407//6325 6421//6325 6420//6325 6406//6325
f 6421//6326 6407//6326 6404//6326 6419//6326
f 6422//6327 6408//6327 6406//6327 6420//6327
f 6424//6328 6410//6328 6408//6328 6422//6328
f 6425//6329 6426//6329 6424//6329 6423//6329
f 6426//6330 6411//6330 6410//6330 6424//6330
f 6427//6331 6428//6331 6426//6331 6425//6331
f 6428//6332 6412//6332 6411//6332 6426//6332
f 6429//6333 6414//6333 6412//6333 6428//6333
f 6430//6334 6415//6334 6414//6334 6429//6334
f 6431//6335 6432//6335 6430//6335 6429//6335
f 6432//6336 6417//6336 6415//6336 6430//6336
f 6433//6337 6418//6337 6417//6337 6432//6337
f 6434//6338 6435//6338 6307//6338 6306//6338
f 6435//6339 6419//6339 6294//6339 6307//6339
f 6436//6340 6437//6340 6435//6340 6434//6340
f 6421//6341 6437//6341 6436//6341 6420//6341
f 6437//6342 6421//6342 6419//6342 6435//6342
f 6439//6343 6422//6343 6420//6343 6436//6343
f 6440//6344 6441//6344 6439//6344 6438//6344
f 6424//6345 6441//6345 6440//6345 6423//6345
f 6441//6346 6424//6346 6422//6346 6439//6346
f 6442//6347 6425//6347 6423//6347 6440//6347
f 6443//6348 6427//6348 6425//6348 6442//6348
f 6444//6349 6428//6349 6427//6349 6443//6349
f 6445//6350 6446//6350 6444//6350 6443//6350
f 6446//6351 6429//6351 6428//6351 6444//6351
f 6447//6352 6431//6352 6429//6352 6446//6352
f 6448//6353 6432//6353 6431//6353 6447//6353
f 6450//6354 6434//6354 6306//6354 6319//6354
f 6451//6355 6452//6355 6450//6355 6449//6355
f 6452//6356 6436//6356 6434//6356 6450//6356
f 6453//6357 6454//6357 6452//6357 6451//6357
f 6439//6358 6454//6358 6453//6358 6438//6358
f 6454//6359 6439//6359 6436//6359 6452//6359
f 6455//6360 6440//6360 6438//6360 6453//6360
f 6456//6361 6442//6361 6440//6361 6455//6361
f 6457//6362 6443//6362 6442//6362 6456//6362
f 6458//6363 6445//6363 6443//6363 6457//6363
f 6459//6364 6446//6364 6445//6364 6458//6364
f 6460//6365 6461//6365 6459//6365 6458//6365
f 6461//6366 6447//6366 6446//6366 6459//6366
f 6462//6367 6463//6367 6327//6367 6326//6367
f 6450//6368 6463//6368 6462//6368 6449//6368
f 6463//6369 6450//6369 6319//6369 6327//6369
f 6464//6370 6451//6370 6449//6370 6462//6370
f 6465//6371 6453//6371 6451//6371 6464//6371
f 6467//6372 6455//6372 6453//6372 6465//6372
f 6468//6373 6469//6373 6467//6373 6466//6373
f 6469//6374 6456//6374 6455//6374 6467//6374
f 6470//6375 6471//6375 6469//6375 6468//6375
f 6471//6376 6457//6376 6456//6376 6469//6376
f 6472//6377 6473//6377 6471//6377 6470//6377
f 6473//6378 6458//6378 6457//6378 6471//6378
f 6474//6379 6475//6379 6473//6379 6472//6379
f 6475//6380 6460//6380 6458//6380 6473//6380
f 6476//6381 6461//6381 6460//6381 6475//6381
f 6011//6382 6477//6382 6365//6382 5949//6382
f 6477//6383 6011//6383 5876//6383 6333//6383
f 6478//6384 6013//6384 5961//6384 6375//6384
f 6479//6385 6015//6385 6013//6385 6478//6385
f 6480//6386 6016//6386 6015//6386 6479//6386
f 6376//6387 6481//6387 6338//6387 6251//6387
f 6477//6388 6481//6388 6376//6388 6365//6388
f 6481//6389 6477//6389 6333//6389 6338//6389
f 6482//6390 6478//6390 6375//6390 6388//6390
f 6389//6391 6483//6391 6482//6391 6388//6391
f 6483//6392 6479//6392 6478//6392 6482//6392
f 6484//6393 6480//6393 6479//6393 6483//6393
f 6485//6394 6483//6394 6389//6394 6403//6394
f 6486//6395 6484//6395 6483//6395 6485//6395
f 6487//6396 6485//6396 6403//6396 6418//6396
f 5615//6397 6488//6397 6364//6397 5510//6397
f 6490//6398 6491//6398 6433//6398 6432//6398
f 6491//6399 6489//6399 6418//6399 6433//6399
f 6493//6400 6494//6400 6448//6400 6447//6400
f 6494//6401 6490//6401 6432//6401 6448//6401
f 6495//6402 6491//6402 6490//6402 6494//6402
f 6496//6403 6497//6403 6495//6403 6494//6403
f 6497//6404 6492//6404 6491//6404 6495//6404
f 6499//6405 6493//6405 6447//6405 6461//6405
f 6500//6406 6494//6406 6493//6406 6499//6406
f 6501//6407 6502//6407 6500//6407 6499//6407
f 6502//6408 6496//6408 6494//6408 6500//6408
f 6503//6409 6497//6409 6496//6409 6502//6409
f 6504//6410 6505//6410 6503//6410 6502//6410
f 6505//6411 6498//6411 6497//6411 6503//6411
f 6507//6412 6508//6412 6476//6412 6475//6412
f 6508//6413 6499//6413 6461//6413 6476//6413
f 6509//6414 6510//6414 6508//6414 6507//6414
f 6510//6415 6501//6415 6499//6415 6508//6415
f 6511//6416 6502//6416 6501//6416 6510//6416
f 6512//6417 6513//6417 6511//6417 6510//6417
f 6513//6418 6504//6418 6502//6418 6511//6418
f 6514//6419 6505//6419 6504//6419 6513//6419
f 6515//6420 6516//6420 6514//6420 6513//6420
f 6516//6421 6506//6421 6505//6421 6514//6421
f 6518//6422 6108//6422 6016//6422 6480//6422
f 6519//6423 6109//6423 6108//6423 6518//6423
f 6520//6424 6111//6424 6109//6424 6519//6424
f 6521//6425 6112//6425 6111//6425 6520//6425
f 6522//6426 6114//6426 6112//6426 6521//6426
f 6523//6427 6115//6427 6114//6427 6522//6427
f 6524//6428 6116//6428 6115//6428 6523//6428
f 6525//6429 6117//6429 6116//6429 6524//6429
f 6526//6430 6527//6430 6525//6430 6524//6430
f 6527//6431 6118//6431 6117//6431 6525//6431
f 6528//6432 6119//6432 6118//6432 6527//6432
f 6529//6433 6121//6433 6119//6433 6528//6433
f 6530//6434 6122//6434 6121//6434 6529//6434
f 6531//6435 6532//6435 6530//6435 6529//6435
f 6532//6436 6123//6436 6122//6436 6530//6436
f 6533//6437 6518//6437 6480//6437 6484//6437
f 6534//6438 6519//6438 6518//6438 6533//6438
f 6535//6439 6536//6439 6534//6439 6533//6439
f 6536//6440 6520//6440 6519//6440 6534//6440
f 6537//6441 6521//6441 6520//6441 6536//6441
f 6538//6442 6539//6442 6537//6442 6536//6442
f 6539//6443 6522//6443 6521//6443 6537//6443
f 6540//6444 6523//6444 6522//6444 6539//6444
f 6541//6445 6542//6445 6540//6445 6539//6445
f 6542//6446 6524//6446 6523//6446 6540//6446
f 6543//6447 6526//6447 6524//6447 6542//6447
f 6544//6448 6527//6448 6526//6448 6543//6448
f 6545//6449 6546//6449 6544//6449 6543//6449
f 6546//6450 6528//6450 6527//6450 6544//6450
f 6547//6451 6529//6451 6528//6451 6546//6451
f 6548//6452 6531//6452 6529//6452 6547//6452
f 6549//6453 6532//6453 6531//6453 6548//6453
f 6550//6454 6551//6454 6486//6454 6485//6454
f 6551//6455 6533//6455 6484//6455 6486//6455
f 6552//6456 6535//6456 6533//6456 6551//6456
f 6553//6457 6536//6457 6535//6457 6552//6457
f 6554//6458 6538//6458 6536//6458 6553//6458
f 6555//6459 6539//6459 6538//6459 6554//6459
f 6556//6460 6541//6460 6539//6460 6555//6460
f 6557//6461 6542//6461 6541//6461 6556//6461
f 6558//6462 6559//6462 6557//6462 6556//6462
f 6559//6463 6543//6463 6542//6463 6557//6463
f 6560//6464 6545//6464 6543//6464 6559//6464
f 6561//6465 6546//6465 6545//6465 6560//6465
f 6562//6466 6563//6466 6561//6466 6560//6466
f 6563//6467 6547//6467 6546//6467 6561//6467
f 6564//6468 6548//6468 6547//6468 6563//6468
f 6489//6469 6565//6469 6487//6469 6418//6469
f 6565//6470 6550//6470 6485//6470 6487//6470
f 6566//6471 6551//6471 6550//6471 6565//6471
f 6567//6472 6568//6472 6566//6472 6565//6472
f 6568//6473 6552//6473 6551//6473 6566//6473
f 6569//6474 6553//6474 6552//6474 6568//6474
f 6570//6475 6571//6475 6569//6475 6568//6475
f 6571//6476 6554//6476 6553//6476 6569//6476
f 6572//6477 6555//6477 6554//6477 6571//6477
f 6573//6478 6574//6478 6572//6478 6571//6478
f 6574//6479 6556//6479 6555//6479 6572//6479
f 6575//6480 6558//6480 6556//6480 6574//6480
f 6576//6481 6559//6481 6558//6481 6575//6481
f 6577//6482 6578//6482 6576//6482 6575//6482
f 6578//6483 6560//6483 6559//6483 6576//6483
f 6579//6484 6562//6484 6560//6484 6578//6484
f 6580//6485 6563//6485 6562//6485 6579//6485
f 6581//6486 6582//6486 6580//6486 6579//6486
f 6582//6487 6564//6487 6563//6487 6580//6487
f 6583//6488 6565//6488 6489//6488 6491//6488
f 6492//6489 6584//6489 6583//6489 6491//6489
f 6584//6490 6567//6490 6565//6490 6583//6490
f 6585//6491 6568//6491 6567//6491 6584//6491
f 6586//6492 6587//6492 6585//6492 6584//6492
f 6587//6493 6570//6493 6568//6493 6585//6493
f 6588//6494 6571//6494 6570//6494 6587//6494
f 6589//6495 6590//6495 6588//6495 6587//6495
f 6590//6496 6573//6496 6571//6496 6588//6496
f 6591//6497 6574//6497 6573//6497 6590//6497
f 6592//6498 6593//6498 6591//6498 6590//6498
f 6593//6499 6575//6499 6574//6499 6591//6499
f 6594//6500 6595//6500 6593//6500 6592//6500
f 6595//6501 6577//6501 6575//6501 6593//6501
f 6596//6502 6578//6502 6577//6502 6595//6502
f 6597//6503 6598//6503 6596//6503 6595//6503
f 6598//6504 6579//6504 6578//6504 6596//6504
f 6599//6505 6600//6505 6598//6505 6597//6505
f 6600//6506 6581//6506 6579//6506 6598//6506
f 6601//6507 6584//6507 6492//6507 6497//6507
f 6498//6508 6602//6508 6601//6508 6497//6508
f 6602//6509 6586//6509 6584//6509 6601//6509
f 6603//6510 6587//6510 6586//6510 6602//6510
f 6604//6511 6605//6511 6603//6511 6602//6511
f 6605//6512 6589//6512 6587//6512 6603//6512
f 6606//6513 6590//6513 6589//6513 6605//6513
f 6607//6514 6608//6514 6606//6514 6605//6514
f 6608//6515 6592//6515 6590//6515 6606//6515
f 6609//6516 6594//6516 6592//6516 6608//6516
f 6610//6517 6595//6517 6594//6517 6609//6517
f 6611//6518 6612//6518 6610//6518 6609//6518
f 6612//6519 6597//6519 6595//6519 6610//6519
f 6613//6520 6599//6520 6597//6520 6612//6520
f 6614//6521 6600//6521 6599//6521 6613//6521
f 6615//6522 6602//6522 6498//6522 6505//6522
f 6506//6523 6616//6523 6615//6523 6505//6523
f 6616//6524 6604//6524 6602//6524 6615//6524
f 6617//6525 6605//6525 6604//6525 6616//6525
f 6618//6526 6619//6526 6617//6526 6616//6526
f 6619//6527 6607//6527 6605//6527 6617//6527
f 6620//6528 6608//6528 6607//6528 6619//6528
f 6621//6529 6622//6529 6620//6529 6619//6529
f 6622//6530 6609//6530 6608//6530 6620//6530
f 6623//6531 6624//6531 6622//6531 6621//6531
f 6624//6532 6611//6532 6609//6532 6622//6532
f 6625//6533 6612//6533 6611//6533 6624//6533
f 6626//6534 6627//6534 6625//6534 6624//6534
f 6627//6535 6613//6535 6612//6535 6625//6535
f 6628//6536 6616//6536 6506//6536 6516//6536
f 6517//6537 6629//6537 6628//6537 6516//6537
f 6629//6538 6618//6538 6616//6538 6628//6538
f 6630//6539 6619//6539 6618//6539 6629//6539
f 6631//6540 6632//6540 6630//6540 6629//6540
f 6632//6541 6621//6541 6619//6541 6630//6541
f 6633//6542 6634//6542 6632//6542 6631//6542
f 6634//6543 6623//6543 6621//6543 6632//6543
f 6635//6544 6624//6544 6623//6544 6634//6544
f 6636//6545 6637//6545 6635//6545 6634//6545
f 6637//6546 6626//6546 6624//6546 6635//6546
f 6639//6547 6224//6547 6223//6547 6638//6547
f 6640//6548 6225//6548 6224//6548 6639//6548
f 6641//6549 6226//6549 6225//6549 6640//6549
f 6643//6550 6641//6550 6640//6550 6642//6550
f 6645//6551 6321//6551 6320//6551 6644//6551
f 6646//6552 6322//6552 6321//6552 6645//6552
f 6647//6553 6323//6553 6322//6553 6646//6553
f 6648//6554 6324//6554 6226//6554 6641//6554
f 6649//6555 6325//6555 6324//6555 6648//6555
f 6325//6556 6649//6556 6644//6556 6320//6556
f 6650//6557 6651//6557 6646//6557 6645//6557
f 6651//6558 6652//6558 6647//6558 6646//6558
f 6652//6559 6326//6559 6323//6559 6647//6559
f 6654//6560 6645//6560 6644//6560 6653//6560
f 6655//6561 6648//6561 6641//6561 6643//6561
f 6656//6562 6649//6562 6648//6562 6655//6562
f 6649//6563 6656//6563 6653//6563 6644//6563
f 6656//6564 6657//6564 6654//6564 6653//6564
f 6657//6565 6650//6565 6645//6565 6654//6565
f 6658//6566 6651//6566 6650//6566 6657//6566
f 6660//6567 6656//6567 6655//6567 6659//6567
f 6661//6568 6657//6568 6656//6568 6660//6568
f 6662//6569 6658//6569 6657//6569 6661//6569
f 6664//6570 6354//6570 6353//6570 6663//6570
f 6665//6571 6355//6571 6354//6571 6664//6571
f 6355//6572 6665//6572 6638//6572 6223//6572
f 6665//6573 6666//6573 6639//6573 6638//6573
f 6666//6574 6667//6574 6640//6574 6639//6574
f 6669//6575 6357//6575 6356//6575 6668//6575
f 6670//6576 6358//6576 6357//6576 6669//6576
f 6358//6577 6670//6577 6663//6577 6353//6577
f 6670//6578 6671//6578 6664//6578 6663//6578
f 6359//6579 6672//6579 6668//6579 6356//6579
f 6672//6580 6673//6580 6669//6580 6668//6580
f 6673//6581 6674//6581 6670//6581 6669//6581
f 6360//6582 6675//6582 6672//6582 6359//6582
f 6675//6583 6676//6583 6673//6583 6672//6583
f 6361//6584 6677//6584 6675//6584 6360//6584
f 6677//6585 6678//6585 6676//6585 6675//6585
f 6362//6586 6679//6586 6677//6586 6361//6586
f 6679//6587 6680//6587 6678//6587 6677//6587
f 6363//6588 6681//6588 6679//6588 6362//6588
f 6681//6589 6682//6589 6680//6589 6679//6589
f 6364//6590 6683//6590 6681//6590 6363//6590
f 6683//6591 6684//6591 6682//6591 6681//6591
f 6686//6592 6665//6592 6664//6592 6685//6592
f 6687//6593 6666//6593 6665//6593 6686//6593
f 6688//6594 6667//6594 6666//6594 6687//6594
f 6667//6595 6688//6595 6642//6595 6640//6595
f 6688//6596 6689//6596 6643//6596 6642//6596
f 6691//6597 6671//6597 6670//6597 6690//6597
f 6671//6598 6691//6598 6685//6598 6664//6598
f 6691//6599 6692//6599 6686//6599 6685//6599
f 6692//6600 6693//6600 6687//6600 6686//6600
f 6695//6601 6674//6601 6673//6601 6694//6601
f 6674//6602 6695//6602 6690//6602 6670//6602
f 6695//6603 6696//6603 6691//6603 6690//6603
f 6676//6604 6697//6604 6694//6604 6673//6604
f 6697//6605 6698//6605 6695//6605 6694//6605
f 6678//6606 6699//6606 6697//6606 6676//6606
f 6699//6607 6700//6607 6698//6607 6697//6607
f 6680//6608 6701//6608 6699//6608 6678//6608
f 6701//6609 6702//6609 6700//6609 6699//6609
f 6682//6610 6703//6610 6701//6610 6680//6610
f 6703//6611 6704//6611 6702//6611 6701//6611
f 6684//6612 6705//6612 6703//6612 6682//6612
f 6705//6613 6706//6613 6704//6613 6703//6613
f 6708//6614 6688//6614 6687//6614 6707//6614
f 6709//6615 6689//6615 6688//6615 6708//6615
f 6711//6616 6692//6616 6691//6616 6710//6616
f 6712//6617 6693//6617 6692//6617 6711//6617
f 6693//6618 6712//6618 6707//6618 6687//6618
f 6712//6619 6713//6619 6708//6619 6707//6619
f 6713//6620 6714//6620 6709//6620 6708//6620
f 6716//6621 6696//6621 6695//6621 6715//6621
f 6696//6622 6716//6622 6710//6622 6691//6622
f 6716//6623 6717//6623 6711//6623 6710//6623
f 6717//6624 6718//6624 6712//6624 6711//6624
f 6698//6625 6719//6625 6715//6625 6695//6625
f 6719//6626 6720//6626 6716//6626 6715//6626
f 6720//6627 6721//6627 6717//6627 6716//6627
f 6700//6628 6722//6628 6719//6628 6698//6628
f 6722//6629 6723//6629 6720//6629 6719//6629
f 6702//6630 6724//6630 6722//6630 6700//6630
f 6724//6631 6725//6631 6723//6631 6722//6631
f 6704//6632 6726//6632 6724//6632 6702//6632
f 6726//6633 6727//6633 6725//6633 6724//6633
f 6706//6634 6729//6634 6726//6634 6704//6634
f 6729//6635 6730//6635 6727//6635 6726//6635
f 6730//6636 6731//6636 6728//6636 6727//6636
f 6734//6637 6713//6637 6712//6637 6733//6637
f 6735//6638 6714//6638 6713//6638 6734//6638
f 6714//6639 6735//6639 6732//6639 6709//6639
f 6737//6640 6718//6640 6717//6640 6736//6640
f 6718//6641 6737//6641 6733//6641 6712//6641
f 6737//6642 6738//6642 6734//6642 6733//6642
f 6738//6643 6739//6643 6735//6643 6734//6643
f 6741//6644 6721//6644 6720//6644 6740//6644
f 6721//6645 6741//6645 6736//6645 6717//6645
f 6741//6646 6742//6646 6737//6646 6736//6646
f 6742//6647 6743//6647 6738//6647 6737//6647
f 6723//6648 6744//6648 6740//6648 6720//6648
f 6744//6649 6745//6649 6741//6649 6740//6649
f 6745//6650 6746//6650 6742//6650 6741//6650
f 6746//6651 6747//6651 6743//6651 6742//6651
f 6725//6652 6749//6652 6744//6652 6723//6652
f 6749//6653 6750//6653 6745//6653 6744//6653
f 6750//6654 6751//6654 6746//6654 6745//6654
f 6751//6655 6752//6655 6747//6655 6746//6655
f 6752//6656 6753//6656 6748//6656 6747//6656
f 6727//6657 6754//6657 6749//6657 6725//6657
f 6754//6658 6755//6658 6750//6658 6749//6658
f 6728//6659 6755//6659 6754//6659 6727//6659
f 6755//6660 6756//6660 6751//6660 6750//6660
f 6756//6661 6757//6661 6752//6661 6751//6661
f 6757//6662 6758//6662 6753//6662 6752//6662
f 6760//6663 6731//6663 6730//6663 6759//6663
f 6731//6664 6760//6664 6755//6664 6728//6664
f 6760//6665 6761//6665 6756//6665 6755//6665
f 6761//6666 6762//6666 6757//6666 6756//6666
f 6762//6667 6763//6667 6758//6667 6757//6667
f 6765//6668 6739//6668 6738//6668 6764//6668
f 6743//6669 6766//6669 6764//6669 6738//6669
f 6766//6670 6767//6670 6765//6670 6764//6670
f 6747//6671 6768//6671 6766//6671 6743//6671
f 6768//6672 6769//6672 6767//6672 6766//6672
f 6748//6673 6769//6673 6768//6673 6747//6673
f 6770//6674 6771//6674 6652//6674 6651//6674
f 6771//6675 6462//6675 6326//6675 6652//6675
f 6773//6676 6464//6676 6462//6676 6771//6676
f 6774//6677 6775//6677 6773//6677 6772//6677
f 6775//6678 6465//6678 6464//6678 6773//6678
f 6776//6679 6777//6679 6775//6679 6774//6679
f 6467//6680 6777//6680 6776//6680 6466//6680
f 6777//6681 6467//6681 6465//6681 6775//6681
f 6778//6682 6468//6682 6466//6682 6776//6682
f 6779//6683 6470//6683 6468//6683 6778//6683
f 6780//6684 6472//6684 6470//6684 6779//6684
f 6781//6685 6474//6685 6472//6685 6780//6685
f 6782//6686 6475//6686 6474//6686 6781//6686
f 6689//6687 6783//6687 6655//6687 6643//6687
f 6784//6688 6770//6688 6651//6688 6658//6688
f 6785//6689 6771//6689 6770//6689 6784//6689
f 6786//6690 6787//6690 6785//6690 6784//6690
f 6773//6691 6787//6691 6786//6691 6772//6691
f 6787//6692 6773//6692 6771//6692 6785//6692
f 6788//6693 6774//6693 6772//6693 6786//6693
f 6790//6694 6776//6694 6774//6694 6788//6694
f 6791//6695 6792//6695 6790//6695 6789//6695
f 6792//6696 6778//6696 6776//6696 6790//6696
f 6793//6697 6794//6697 6792//6697 6791//6697
f 6794//6698 6779//6698 6778//6698 6792//6698
f 6795//6699 6796//6699 6794//6699 6793//6699
f 6796//6700 6780//6700 6779//6700 6794//6700
f 6797//6701 6798//6701 6796//6701 6795//6701
f 6798//6702 6781//6702 6780//6702 6796//6702
f 6799//6703 6783//6703 6689//6703 6709//6703
f 6783//6704 6799//6704 6659//6704 6655//6704
f 6799//6705 6800//6705 6660//6705 6659//6705
f 6800//6706 6801//6706 6661//6706 6660//6706
f 6801//6707 6802//6707 6662//6707 6661//6707
f 6802//6708 6784//6708 6658//6708 6662//6708
f 6803//6709 6804//6709 6802//6709 6801//6709
f 6804//6710 6786//6710 6784//6710 6802//6710
f 6805//6711 6806//6711 6804//6711 6803//6711
f 6806//6712 6788//6712 6786//6712 6804//6712
f 6807//6713 6808//6713 6806//6713 6805//6713
f 6790//6714 6808//6714 6807//6714 6789//6714
f 6808//6715 6790//6715 6788//6715 6806//6715
f 6810//6716 6791//6716 6789//6716 6807//6716
f 6811//6717 6812//6717 6810//6717 6809//6717
f 6812//6718 6793//6718 6791//6718 6810//6718
f 6813//6719 6814//6719 6812//6719 6811//6719
f 6814//6720 6795//6720 6793//6720 6812//6720
f 6815//6721 6816//6721 6814//6721 6813//6721
f 6816//6722 6797//6722 6795//6722 6814//6722
f 6817//6723 6799//6723 6709//6723 6732//6723
f 6818//6724 6800//6724 6799//6724 6817//6724
f 6819//6725 6801//6725 6800//6725 6818//6725
f 6735//6726 6820//6726 6817//6726 6732//6726
f 6820//6727 6821//6727 6818//6727 6817//6727
f 6821//6728 6822//6728 6819//6728 6818//6728
f 6822//6729 6803//6729 6801//6729 6819//6729
f 6739//6730 6823//6730 6820//6730 6735//6730
f 6824//6731 6825//6731 6822//6731 6821//6731
f 6825//6732 6805//6732 6803//6732 6822//6732
f 6827//6733 6828//6733 6825//6733 6824//6733
f 6828//6734 6807//6734 6805//6734 6825//6734
f 6829//6735 6830//6735 6827//6735 6826//6735
f 6830//6736 6831//6736 6828//6736 6827//6736
f 6810//6737 6831//6737 6830//6737 6809//6737
f 6831//6738 6810//6738 6807//6738 6828//6738
f 6753//6739 6832//6739 6829//6739 6748//6739
f 6832//6740 6833//6740 6830//6740 6829//6740
f 6833//6741 6811//6741 6809//6741 6830//6741
f 6758//6742 6834//6742 6832//6742 6753//6742
f 6834//6743 6835//6743 6833//6743 6832//6743
f 6835//6744 6813//6744 6811//6744 6833//6744
f 6763//6745 6836//6745 6834//6745 6758//6745
f 6836//6746 6837//6746 6835//6746 6834//6746
f 6837//6747 6815//6747 6813//6747 6835//6747
f 6839//6748 6821//6748 6820//6748 6838//6748
f 6840//6749 6823//6749 6739//6749 6765//6749
f 6823//6750 6840//6750 6838//6750 6820//6750
f 6840//6751 6841//6751 6839//6751 6838//6751
f 6841//6752 6824//6752 6821//6752 6839//6752
f 6767//6753 6842//6753 6840//6753 6765//6753
f 6842//6754 6843//6754 6841//6754 6840//6754
f 6827//6755 6843//6755 6842//6755 6826//6755
f 6843//6756 6827//6756 6824//6756 6841//6756
f 6769//6757 6844//6757 6842//6757 6767//6757
f 6829//6758 6844//6758 6769//6758 6748//6758
f 6844//6759 6829//6759 6826//6759 6842//6759
f 6845//6760 6488//6760 5615//6760 5629//6760
f 6488//6761 6845//6761 6683//6761 6364//6761
f 6845//6762 6846//6762 6684//6762 6683//6762
f 5630//6763 6847//6763 6845//6763 5629//6763
f 5631//6764 6848//6764 6847//6764 5630//6764
f 5632//6765 6849//6765 6848//6765 5631//6765
f 6851//6766 6846//6766 6845//6766 6850//6766
f 6846//6767 6851//6767 6705//6767 6684//6767
f 6851//6768 6852//6768 6706//6768 6705//6768
f 6847//6769 6853//6769 6850//6769 6845//6769
f 6853//6770 6854//6770 6851//6770 6850//6770
f 6854//6771 6855//6771 6852//6771 6851//6771
f 6848//6772 6856//6772 6853//6772 6847//6772
f 6856//6773 6857//6773 6854//6773 6853//6773
f 6858//6774 6849//6774 5632//6774 5641//6774
f 6849//6775 6858//6775 6856//6775 6848//6775
f 6858//6776 6859//6776 6857//6776 6856//6776
f 5642//6777 6860//6777 6858//6777 5641//6777
f 6860//6778 6861//6778 6859//6778 6858//6778
f 5643//6779 6862//6779 6860//6779 5642//6779
f 5644//6780 6863//6780 6862//6780 5643//6780
f 5646//6781 6864//6781 6863//6781 5644//6781
f 6852//6782 6865//6782 6729//6782 6706//6782
f 6865//6783 6866//6783 6730//6783 6729//6783
f 6868//6784 6855//6784 6854//6784 6867//6784
f 6855//6785 6868//6785 6865//6785 6852//6785
f 6868//6786 6869//6786 6866//6786 6865//6786
f 6857//6787 6870//6787 6867//6787 6854//6787
f 6870//6788 6871//6788 6868//6788 6867//6788
f 6871//6789 6872//6789 6869//6789 6868//6789
f 6859//6790 6873//6790 6870//6790 6857//6790
f 6873//6791 6874//6791 6871//6791 6870//6791
f 6874//6792 6875//6792 6872//6792 6871//6792
f 6877//6793 6861//6793 6860//6793 6876//6793
f 6861//6794 6877//6794 6873//6794 6859//6794
f 6877//6795 6878//6795 6874//6795 6873//6795
f 6862//6796 6879//6796 6876//6796 6860//6796
f 6879//6797 6880//6797 6877//6797 6876//6797
f 6880//6798 6881//6798 6878//6798 6877//6798
f 6863//6799 6882//6799 6879//6799 6862//6799
f 6882//6800 6883//6800 6880//6800 6879//6800
f 6883//6801 6884//6801 6881//6801 6880//6801
f 6864//6802 6885//6802 6882//6802 6863//6802
f 6885//6803 6886//6803 6883//6803 6882//6803
f 6866//6804 6887//6804 6759//6804 6730//6804
f 6887//6805 6888//6805 6760//6805 6759//6805
f 6888//6806 6889//6806 6761//6806 6760//6806
f 6889//6807 6890//6807 6762//6807 6761//6807
f 6890//6808 6891//6808 6763//6808 6762//6808
f 6869//6809 6892//6809 6887//6809 6866//6809
f 6892//6810 6893//6810 6888//6810 6887//6810
f 6893//6811 6894//6811 6889//6811 6888//6811
f 6894//6812 6895//6812 6890//6812 6889//6812
f 6895//6813 6896//6813 6891//6813 6890//6813
f 6872//6814 6897//6814 6892//6814 6869//6814
f 6897//6815 6898//6815 6893//6815 6892//6815
f 6898//6816 6899//6816 6894//6816 6893//6816
f 6899//6817 6900//6817 6895//6817 6894//6817
f 6900//6818 6901//6818 6896//6818 6895//6818
f 6903//6819 6875//6819 6874//6819 6902//6819
f 6875//6820 6903//6820 6897//6820 6872//6820
f 6903//6821 6904//6821 6898//6821 6897//6821
f 6904//6822 6905//6822 6899//6822 6898//6822
f 6905//6823 6906//6823 6900//6823 6899//6823
f 6906//6824 6907//6824 6901//6824 6900//6824
f 6878//6825 6908//6825 6902//6825 6874//6825
f 6908//6826 6909//6826 6903//6826 6902//6826
f 6909//6827 6910//6827 6904//6827 6903//6827
f 6910//6828 6911//6828 6905//6828 6904//6828
f 6911//6829 6912//6829 6906//6829 6905//6829
f 6912//6830 6913//6830 6907//6830 6906//6830
f 6881//6831 6914//6831 6908//6831 6878//6831
f 6914//6832 6915//6832 6909//6832 6908//6832
f 6915//6833 6916//6833 6910//6833 6909//6833
f 6916//6834 6917//6834 6911//6834 6910//6834
f 6919//6835 6884//6835 6883//6835 6918//6835
f 6884//6836 6919//6836 6914//6836 6881//6836
f 6919//6837 6920//6837 6915//6837 6914//6837
f 6920//6838 6921//6838 6916//6838 6915//6838
f 6886//6839 6922//6839 6918//6839 6883//6839
f 6922//6840 6923//6840 6919//6840 6918//6840
f 6923//6841 6924//6841 6920//6841 6919//6841
f 6924//6842 6925//6842 6921//6842 6920//6842
f 6927//6843 6912//6843 6911//6843 6926//6843
f 6928//6844 6913//6844 6912//6844 6927//6844
f 6930//6845 6917//6845 6916//6845 6929//6845
f 6917//6846 6930//6846 6926//6846 6911//6846
f 6930//6847 6931//6847 6927//6847 6926//6847
f 6931//6848 6932//6848 6928//6848 6927//6848
f 6921//6849 6933//6849 6929//6849 6916//6849
f 6933//6850 6934//6850 6930//6850 6929//6850
f 6934//6851 6935//6851 6931//6851 6930//6851
f 6935//6852 6936//6852 6932//6852 6931//6852
f 6925//6853 6937//6853 6933//6853 6921//6853
f 6937//6854 6938//6854 6934//6854 6933//6854
f 6938//6855 6939//6855 6935//6855 6934//6855
f 6939//6856 6940//6856 6936//6856 6935//6856
f 6941//6857 6942//6857 6782//6857 6781//6857
f 6942//6858 6507//6858 6475//6858 6782//6858
f 6943//6859 6509//6859 6507//6859 6942//6859
f 6944//6860 6510//6860 6509//6860 6943//6860
f 6945//6861 6946//6861 6944//6861 6943//6861
f 6946//6862 6512//6862 6510//6862 6944//6862
f 6947//6863 6513//6863 6512//6863 6946//6863
f 6948//6864 6949//6864 6947//6864 6946//6864
f 6949//6865 6515//6865 6513//6865 6947//6865
f 6950//6866 6516//6866 6515//6866 6949//6866
f 6951//6867 6952//6867 6950//6867 6949//6867
f 6952//6868 6517//6868 6516//6868 6950//6868
f 6955//6869 6956//6869 6798//6869 6797//6869
f 6956//6870 6941//6870 6781//6870 6798//6870
f 6957//6871 6942//6871 6941//6871 6956//6871
f 6958//6872 6959//6872 6957//6872 6956//6872
f 6959//6873 6943//6873 6942//6873 6957//6873
f 6960//6874 6961//6874 6959//6874 6958//6874
f 6961//6875 6945//6875 6943//6875 6959//6875
f 6962//6876 6946//6876 6945//6876 6961//6876
f 6963//6877 6964//6877 6962//6877 6961//6877
f 6964//6878 6948//6878 6946//6878 6962//6878
f 6965//6879 6949//6879 6948//6879 6964//6879
f 6966//6880 6967//6880 6965//6880 6964//6880
f 6967//6881 6951//6881 6949//6881 6965//6881
f 6968//6882 6952//6882 6951//6882 6967//6882
f 6969//6883 6970//6883 6968//6883 6967//6883
f 6970//6884 6953//6884 6952//6884 6968//6884
f 6971//6885 6972//6885 6970//6885 6969//6885
f 6972//6886 6954//6886 6953//6886 6970//6886
f 6974//6887 6975//6887 6816//6887 6815//6887
f 6975//6888 6955//6888 6797//6888 6816//6888
f 6976//6889 6956//6889 6955//6889 6975//6889
f 6977//6890 6978//6890 6975//6890 6974//6890
f 6978//6891 6979//6891 6976//6891 6975//6891
f 6979//6892 6958//6892 6956//6892 6976//6892
f 6980//6893 6981//6893 6979//6893 6978//6893
f 6981//6894 6960//6894 6958//6894 6979//6894
f 6982//6895 6961//6895 6960//6895 6981//6895
f 6983//6896 6984//6896 6981//6896 6980//6896
f 6984//6897 6985//6897 6982//6897 6981//6897
f 6985//6898 6963//6898 6961//6898 6982//6898
f 6986//6899 6964//6899 6963//6899 6985//6899
f 6987//6900 6988//6900 6985//6900 6984//6900
f 6988//6901 6989//6901 6986//6901 6985//6901
f 6989//6902 6966//6902 6964//6902 6986//6902
f 6990//6903 6967//6903 6966//6903 6989//6903
f 6991//6904 6992//6904 6989//6904 6988//6904
f 6992//6905 6993//6905 6990//6905 6989//6905
f 6993//6906 6969//6906 6967//6906 6990//6906
f 6994//6907 6995//6907 6993//6907 6992//6907
f 6995//6908 6971//6908 6969//6908 6993//6908
f 6996//6909 6972//6909 6971//6909 6995//6909
f 6997//6910 6998//6910 6995//6910 6994//6910
f 6998//6911 6999//6911 6996//6911 6995//6911
f 6999//6912 6973//6912 6972//6912 6996//6912
f 6891//6913 7000//6913 6836//6913 6763//6913
f 7000//6914 7001//6914 6837//6914 6836//6914
f 7001//6915 6974//6915 6815//6915 6837//6915
f 6896//6916 7002//6916 7000//6916 6891//6916
f 7002//6917 7003//6917 7001//6917 7000//6917
f 7003//6918 6977//6918 6974//6918 7001//6918
f 7004//6919 6978//6919 6977//6919 7003//6919
f 6901//6920 7005//6920 7002//6920 6896//6920
f 7005//6921 7006//6921 7003//6921 7002//6921
f 7006//6922 7007//6922 7004//6922 7003//6922
f 7007//6923 6980//6923 6978//6923 7004//6923
f 6907//6924 7008//6924 7005//6924 6901//6924
f 7008//6925 7009//6925 7006//6925 7005//6925
f 7009//6926 7010//6926 7007//6926 7006//6926
f 7010//6927 6983//6927 6980//6927 7007//6927
f 7011//6928 6984//6928 6983//6928 7010//6928
f 6913//6929 7012//6929 7008//6929 6907//6929
f 7012//6930 7013//6930 7009//6930 7008//6930
f 7013//6931 7014//6931 7010//6931 7009//6931
f 7014//6932 7015//6932 7011//6932 7010//6932
f 7015//6933 6987//6933 6984//6933 7011//6933
f 7016//6934 6988//6934 6987//6934 7015//6934
f 7017//6935 7018//6935 7014//6935 7013//6935
f 7018//6936 7019//6936 7015//6936 7014//6936
f 7019//6937 7020//6937 7016//6937 7015//6937
f 7020//6938 6991//6938 6988//6938 7016//6938
f 7021//6939 6992//6939 6991//6939 7020//6939
f 7022//6940 7023//6940 7019//6940 7018//6940
f 7023//6941 7024//6941 7020//6941 7019//6941
f 7024//6942 7025//6942 7021//6942 7020//6942
f 7025//6943 6994//6943 6992//6943 7021//6943
f 7026//6944 7027//6944 7024//6944 7023//6944
f 7027//6945 7028//6945 7025//6945 7024//6945
f 7028//6946 6997//6946 6994//6946 7025//6946
f 7029//6947 6998//6947 6997//6947 7028//6947
f 7030//6948 7012//6948 6913//6948 6928//6948
f 7031//6949 7013//6949 7012//6949 7030//6949
f 6932//6950 7032//6950 7030//6950 6928//6950
f 7032//6951 7033//6951 7031//6951 7030//6951
f 7033//6952 7017//6952 7013//6952 7031//6952
f 7034//6953 7018//6953 7017//6953 7033//6953
f 6936//6954 7035//6954 7032//6954 6932//6954
f 7035//6955 7036//6955 7033//6955 7032//6955
f 7036//6956 7037//6956 7034//6956 7033//6956
f 7037//6957 7022//6957 7018//6957 7034//6957
f 7038//6958 7023//6958 7022//6958 7037//6958
f 6940//6959 7039//6959 7035//6959 6936//6959
f 7039//6960 7040//6960 7036//6960 7035//6960
f 7040//6961 7041//6961 7037//6961 7036//6961
f 7041//6962 7042//6962 7038//6962 7037//6962
f 7042//6963 7026//6963 7023//6963 7038//6963
f 7043//6964 6629//6964 6517//6964 6952//6964
f 6953//6965 7044//6965 7043//6965 6952//6965
f 7044//6966 6631//6966 6629//6966 7043//6966
f 6954//6967 7045//6967 7044//6967 6953//6967
f 7045//6968 6633//6968 6631//6968 7044//6968
f 7046//6969 6634//6969 6633//6969 7045//6969
f 7047//6970 7048//6970 7046//6970 7045//6970
f 7048//6971 6636//6971 6634//6971 7046//6971
f 7049//6972 7045//6972 6954//6972 6972//6972
f 6973//6973 7050//6973 7049//6973 6972//6973
f 7050//6974 7047//6974 7045//6974 7049//6974
f 2785//6975 7051//6975 5270//6975 959//6975
f 2787//6976 7053//6976 7051//6976 2785//6976
f 7053//6977 7054//6977 7052//6977 7051//6977
f 2788//6978 7054//6978 7053//6978 2787//6978
f 2789//6979 7055//6979 7054//6979 2788//6979
f 2790//6980 7056//6980 7055//6980 2789//6980
f 2791//6981 7057//6981 7056//6981 2790//6981
f 2793//6982 7059//6982 7057//6982 2791//6982
f 7059//6983 7060//6983 7058//6983 7057//6983
f 2794//6984 7060//6984 7059//6984 2793//6984
f 2795//6985 7061//6985 7060//6985 2794//6985
f 2796//6986 7062//6986 7061//6986 2795//6986
f 7051//6987 7063//6987 5282//6987 5270//6987
f 7063//6988 7064//6988 5283//6988 5282//6988
f 7052//6989 7064//6989 7063//6989 7051//6989
f 7054//6990 7065//6990 7064//6990 7052//6990
f 7055//6991 7066//6991 7065//6991 7054//6991
f 7056//6992 7067//6992 7066//6992 7055//6992
f 7057//6993 7068//6993 7067//6993 7056//6993
f 7058//6994 7069//6994 7068//6994 7057//6994
f 7060//6995 7070//6995 7069//6995 7058//6995
f 7061//6996 7071//6996 7070//6996 7060//6996
f 7062//6997 7072//6997 7071//6997 7061//6997
f 7064//6998 7073//6998 5297//6998 5283//6998
f 7065//6999 7074//6999 7073//6999 7064//6999
f 7066//7000 7075//7000 7074//7000 7065//7000
f 7067//7001 7076//7001 7075//7001 7066//7001
f 7068//7002 7078//7002 7076//7002 7067//7002
f 7078//7003 7079//7003 7077//7003 7076//7003
f 7069//7004 7079//7004 7078//7004 7068//7004
f 7070//7005 7080//7005 7079//7005 7069//7005
f 7071//7006 7081//7006 7080//7006 7070//7006
f 7072//7007 7082//7007 7081//7007 7071//7007
f 7073//7008 7083//7008 5313//7008 5297//7008
f 7074//7009 7084//7009 7083//7009 7073//7009
f 7075//7010 7085//7010 7084//7010 7074//7010
f 7076//7011 7087//7011 7085//7011 7075//7011
f 7087//7012 7088//7012 7086//7012 7085//7012
f 7077//7013 7088//7013 7087//7013 7076//7013
f 7079//7014 7089//7014 7088//7014 7077//7014
f 7080//7015 7090//7015 7089//7015 7079//7015
f 7081//7016 7091//7016 7090//7016 7080//7016
f 7082//7017 7092//7017 7091//7017 7081//7017
f 7083//7018 7093//7018 5327//7018 5313//7018
f 7093//7019 7094//7019 5328//7019 5327//7019
f 7084//7020 7095//7020 7093//7020 7083//7020
f 7095//7021 7096//7021 7094//7021 7093//7021
f 7085//7022 7097//7022 7095//7022 7084//7022
f 7097//7023 7098//7023 7096//7023 7095//7023
f 7086//7024 7098//7024 7097//7024 7085//7024
f 7088//7025 7099//7025 7098//7025 7086//7025
f 7089//7026 7100//7026 7099//7026 7088//7026
f 7090//7027 7101//7027 7100//7027 7089//7027
f 7091//7028 7102//7028 7101//7028 7090//7028
f 7094//7029 7103//7029 5342//7029 5328//7029
f 7096//7030 7104//7030 7103//7030 7094//7030
f 7098//7031 7105//7031 7104//7031 7096//7031
f 7099//7032 7106//7032 7105//7032 7098//7032
f 7100//7033 7107//7033 7106//7033 7099//7033
f 7103//7034 7108//7034 5350//7034 5342//7034
f 7104//7035 7109//7035 7108//7035 7103//7035
f 7105//7036 7110//7036 7109//7036 7104//7036
f 7111//7037 7112//7037 7082//7037 7072//7037
f 7092//7038 7114//7038 7113//7038 7091//7038
f 7112//7039 7114//7039 7092//7039 7082//7039
f 7101//7040 7116//7040 7115//7040 7100//7040
f 7102//7041 7117//7041 7116//7041 7101//7041
f 7113//7042 7117//7042 7102//7042 7091//7042
f 7114//7043 7118//7043 7117//7043 7113//7043
f 7106//7044 7120//7044 7119//7044 7105//7044
f 7107//7045 7121//7045 7120//7045 7106//7045
f 7115//7046 7121//7046 7107//7046 7100//7046
f 7116//7047 7122//7047 7121//7047 7115//7047
f 7117//7048 7123//7048 7122//7048 7116//7048
f 7118//7049 7124//7049 7123//7049 7117//7049
f 7108//7050 7126//7050 5361//7050 5350//7050
f 7109//7051 7127//7051 7126//7051 7108//7051
f 7110//7052 7128//7052 7127//7052 7109//7052
f 7119//7053 7128//7053 7110//7053 7105//7053
f 7120//7054 7129//7054 7128//7054 7119//7054
f 7121//7055 7130//7055 7129//7055 7120//7055
f 7122//7056 7131//7056 7130//7056 7121//7056
f 7123//7057 7133//7057 7131//7057 7122//7057
f 7133//7058 7134//7058 7132//7058 7131//7058
f 7124//7059 7135//7059 7133//7059 7123//7059
f 7135//7060 7136//7060 7134//7060 7133//7060
f 7125//7061 7136//7061 7135//7061 7124//7061
f 7126//7062 7137//7062 5377//7062 5361//7062
f 7137//7063 7138//7063 5378//7063 5377//7063
f 7127//7064 7139//7064 7137//7064 7126//7064
f 7139//7065 7140//7065 7138//7065 7137//7065
f 7128//7066 7141//7066 7139//7066 7127//7066
f 7141//7067 7142//7067 7140//7067 7139//7067
f 7129//7068 7143//7068 7141//7068 7128//7068
f 7143//7069 7144//7069 7142//7069 7141//7069
f 7130//7070 7145//7070 7143//7070 7129//7070
f 7145//7071 7146//7071 7144//7071 7143//7071
f 7131//7072 7147//7072 7145//7072 7130//7072
f 7147//7073 7148//7073 7146//7073 7145//7073
f 7132//7074 7148//7074 7147//7074 7131//7074
f 7134//7075 7149//7075 7148//7075 7132//7075
f 7136//7076 7151//7076 7149//7076 7134//7076
f 7151//7077 7152//7077 7150//7077 7149//7077
f 2840//7078 7153//7078 7062//7078 2796//7078
f 7153//7079 7154//7079 7072//7079 7062//7079
f 2955//7080 7155//7080 7153//7080 2840//7080
f 2956//7081 7156//7081 7155//7081 2955//7081
f 2957//7082 7157//7082 7156//7082 2956//7082
f 2958//7083 7158//7083 7157//7083 2957//7083
f 2959//7084 7159//7084 7158//7084 2958//7084
f 2960//7085 7160//7085 7159//7085 2959//7085
f 2961//7086 7161//7086 7160//7086 2960//7086
f 2962//7087 7162//7087 7161//7087 2961//7087
f 2963//7088 7163//7088 7162//7088 2962//7088
f 2964//7089 7164//7089 7163//7089 2963//7089
f 2965//7090 7165//7090 7164//7090 2964//7090
f 2966//7091 7166//7091 7165//7091 2965//7091
f 7154//7092 7168//7092 7111//7092 7072//7092
f 7155//7093 7168//7093 7154//7093 7153//7093
f 7156//7094 7169//7094 7168//7094 7155//7094
f 7157//7095 7170//7095 7169//7095 7156//7095
f 7158//7096 7171//7096 7170//7096 7157//7096
f 7159//7097 7172//7097 7171//7097 7158//7097
f 7160//7098 7173//7098 7172//7098 7159//7098
f 7161//7099 7174//7099 7173//7099 7160//7099
f 7162//7100 7175//7100 7174//7100 7161//7100
f 7163//7101 7176//7101 7175//7101 7162//7101
f 7164//7102 7177//7102 7176//7102 7163//7102
f 7165//7103 7179//7103 7177//7103 7164//7103
f 7179//7104 7180//7104 7178//7104 7177//7104
f 7166//7105 7180//7105 7179//7105 7165//7105
f 7167//7106 7181//7106 7180//7106 7166//7106
f 7168//7107 7182//7107 7112//7107 7111//7107
f 7169//7108 7183//7108 7182//7108 7168//7108
f 7170//7109 7185//7109 7183//7109 7169//7109
f 7185//7110 7186//7110 7184//7110 7183//7110
f 7171//7111 7186//7111 7185//7111 7170//7111
f 7172//7112 7187//7112 7186//7112 7171//7112
f 7173//7113 7189//7113 7187//7113 7172//7113
f 7189//7114 7190//7114 7188//7114 7187//7114
f 7174//7115 7190//7115 7189//7115 7173//7115
f 7175//7116 7191//7116 7190//7116 7174//7116
f 7176//7117 7192//7117 7191//7117 7175//7117
f 7177//7118 7193//7118 7192//7118 7176//7118
f 7178//7119 7194//7119 7193//7119 7177//7119
f 7180//7120 7195//7120 7194//7120 7178//7120
f 7181//7121 7196//7121 7195//7121 7180//7121
f 7182//7122 7197//7122 7114//7122 7112//7122
f 7183//7123 7198//7123 7197//7123 7182//7123
f 7184//7124 7199//7124 7198//7124 7183//7124
f 7186//7125 7200//7125 7199//7125 7184//7125
f 7187//7126 7201//7126 7200//7126 7186//7126
f 7188//7127 7202//7127 7201//7127 7187//7127
f 7190//7128 7203//7128 7202//7128 7188//7128
f 7191//7129 7205//7129 7203//7129 7190//7129
f 7205//7130 7206//7130 7204//7130 7203//7130
f 7192//7131 7206//7131 7205//7131 7191//7131
f 7193//7132 7207//7132 7206//7132 7192//7132
f 7194//7133 7208//7133 7207//7133 7193//7133
f 7195//7134 7209//7134 7208//7134 7194//7134
f 7196//7135 7210//7135 7209//7135 7195//7135
f 7197//7136 7211//7136 7118//7136 7114//7136
f 7198//7137 7213//7137 7211//7137 7197//7137
f 7213//7138 7214//7138 7212//7138 7211//7138
f 7199//7139 7214//7139 7213//7139 7198//7139
f 7200//7140 7215//7140 7214//7140 7199//7140
f 7201//7141 7217//7141 7215//7141 7200//7141
f 7217//7142 7218//7142 7216//7142 7215//7142
f 7202//7143 7218//7143 7217//7143 7201//7143
f 7203//7144 7219//7144 7218//7144 7202//7144
f 7204//7145 7220//7145 7219//7145 7203//7145
f 7206//7146 7221//7146 7220//7146 7204//7146
f 7207//7147 7223//7147 7221//7147 7206//7147
f 7223//7148 7224//7148 7222//7148 7221//7148
f 7208//7149 7224//7149 7223//7149 7207//7149
f 7209//7150 7226//7150 7224//7150 7208//7150
f 7226//7151 7227//7151 7225//7151 7224//7151
f 7210//7152 7227//7152 7226//7152 7209//7152
f 7211//7153 7229//7153 7124//7153 7118//7153
f 7229//7154 7230//7154 7125//7154 7124//7154
f 7212//7155 7230//7155 7229//7155 7211//7155
f 7214//7156 7231//7156 7230//7156 7212//7156
f 7215//7157 7233//7157 7231//7157 7214//7157
f 7233//7158 7234//7158 7232//7158 7231//7158
f 7216//7159 7234//7159 7233//7159 7215//7159
f 7218//7160 7235//7160 7234//7160 7216//7160
f 7219//7161 7237//7161 7235//7161 7218//7161
f 7237//7162 7238//7162 7236//7162 7235//7162
f 7220//7163 7238//7163 7237//7163 7219//7163
f 7221//7164 7239//7164 7238//7164 7220//7164
f 7222//7165 7240//7165 7239//7165 7221//7165
f 7224//7166 7241//7166 7240//7166 7222//7166
f 7225//7167 7242//7167 7241//7167 7224//7167
f 7227//7168 7243//7168 7242//7168 7225//7168
f 7228//7169 7244//7169 7243//7169 7227//7169
f 7230//7170 7246//7170 7136//7170 7125//7170
f 7231//7171 7248//7171 7246//7171 7230//7171
f 7248//7172 7249//7172 7247//7172 7246//7172
f 7232//7173 7249//7173 7248//7173 7231//7173
f 7234//7174 7250//7174 7249//7174 7232//7174
f 7235//7175 7252//7175 7250//7175 7234//7175
f 7252//7176 7253//7176 7251//7176 7250//7176
f 7236//7177 7253//7177 7252//7177 7235//7177
f 7238//7178 7254//7178 7253//7178 7236//7178
f 7239//7179 7256//7179 7254//7179 7238//7179
f 7256//7180 7257//7180 7255//7180 7254//7180
f 7240//7181 7257//7181 7256//7181 7239//7181
f 7241//7182 7259//7182 7257//7182 7240//7182
f 7259//7183 7260//7183 7258//7183 7257//7183
f 7242//7184 7260//7184 7259//7184 7241//7184
f 7243//7185 7262//7185 7260//7185 7242//7185
f 7262//7186 7263//7186 7261//7186 7260//7186
f 7244//7187 7263//7187 7262//7187 7243//7187
f 7245//7188 7264//7188 7263//7188 7244//7188
f 7246//7189 7265//7189 7151//7189 7136//7189
f 7265//7190 7266//7190 7152//7190 7151//7190
f 7247//7191 7266//7191 7265//7191 7246//7191
f 7249//7192 7267//7192 7266//7192 7247//7192
f 7250//7193 7269//7193 7267//7193 7249//7193
f 7269//7194 7270//7194 7268//7194 7267//7194
f 7251//7195 7270//7195 7269//7195 7250//7195
f 7253//7196 7271//7196 7270//7196 7251//7196
f 7254//7197 7273//7197 7271//7197 7253//7197
f 7273//7198 7274//7198 7272//7198 7271//7198
f 7255//7199 7274//7199 7273//7199 7254//7199
f 7257//7200 7275//7200 7274//7200 7255//7200
f 7258//7201 7276//7201 7275//7201 7257//7201
f 7260//7202 7277//7202 7276//7202 7258//7202
f 7261//7203 7278//7203 7277//7203 7260//7203
f 7263//7204 7280//7204 7278//7204 7261//7204
f 7280//7205 7281//7205 7279//7205 7278//7205
f 7264//7206 7281//7206 7280//7206 7263//7206
f 2988//7207 7282//7207 7166//7207 2966//7207
f 7282//7208 7283//7208 7167//7208 7166//7208
f 2989//7209 7283//7209 7282//7209 2988//7209
f 2990//7210 7284//7210 7283//7210 2989//7210
f 2991//7211 7285//7211 7284//7211 2990//7211
f 2992//7212 7286//7212 7285//7212 2991//7212
f 7283//7213 7287//7213 7181//7213 7167//7213
f 7284//7214 7288//7214 7287//7214 7283//7214
f 7285//7215 7289//7215 7288//7215 7284//7215
f 7286//7216 7290//7216 7289//7216 7285//7216
f 7287//7217 7291//7217 7196//7217 7181//7217
f 7288//7218 7292//7218 7291//7218 7287//7218
f 7289//7219 7294//7219 7292//7219 7288//7219
f 7294//7220 7295//7220 7293//7220 7292//7220
f 7290//7221 7295//7221 7294//7221 7289//7221
f 7291//7222 7296//7222 7210//7222 7196//7222
f 7292//7223 7297//7223 7296//7223 7291//7223
f 7293//7224 7298//7224 7297//7224 7292//7224
f 7295//7225 7299//7225 7298//7225 7293//7225
f 7296//7226 7300//7226 7227//7226 7210//7226
f 7300//7227 7301//7227 7228//7227 7227//7227
f 7297//7228 7301//7228 7300//7228 7296//7228
f 7298//7229 7302//7229 7301//7229 7297//7229
f 7299//7230 7303//7230 7302//7230 7298//7230
f 7301//7231 7304//7231 7244//7231 7228//7231
f 7304//7232 7305//7232 7245//7232 7244//7232
f 7302//7233 7305//7233 7304//7233 7301//7233
f 7305//7234 7306//7234 7264//7234 7245//7234
f 7138//7235 7307//7235 5526//7235 5378//7235
f 7140//7236 7308//7236 7307//7236 7138//7236
f 7142//7237 7309//7237 7308//7237 7140//7237
f 7144//7238 7311//7238 7309//7238 7142//7238
f 7311//7239 7312//7239 7310//7239 7309//7239
f 7146//7240 7313//7240 7311//7240 7144//7240
f 7313//7241 7314//7241 7312//7241 7311//7241
f 7148//7242 7315//7242 7313//7242 7146//7242
f 7315//7243 7316//7243 7314//7243 7313//7243
f 7149//7244 7317//7244 7315//7244 7148//7244
f 7317//7245 7318//7245 7316//7245 7315//7245
f 7150//7246 7318//7246 7317//7246 7149//7246
f 7152//7247 7319//7247 7318//7247 7150//7247
f 7307//7248 7321//7248 5541//7248 5526//7248
f 7321//7249 7322//7249 5542//7249 5541//7249
f 7308//7250 7323//7250 7321//7250 7307//7250
f 7323//7251 7324//7251 7322//7251 7321//7251
f 7309//7252 7325//7252 7323//7252 7308//7252
f 7325//7253 7326//7253 7324//7253 7323//7253
f 7310//7254 7326//7254 7325//7254 7309//7254
f 7312//7255 7327//7255 7326//7255 7310//7255
f 7314//7256 7328//7256 7327//7256 7312//7256
f 7316//7257 7329//7257 7328//7257 7314//7257
f 7318//7258 7331//7258 7329//7258 7316//7258
f 7331//7259 7332//7259 7330//7259 7329//7259
f 7319//7260 7333//7260 7331//7260 7318//7260
f 7333//7261 7334//7261 7332//7261 7331//7261
f 7320//7262 7334//7262 7333//7262 7319//7262
f 7322//7263 7335//7263 5556//7263 5542//7263
f 7335//7264 7336//7264 5557//7264 5556//7264
f 7324//7265 7337//7265 7335//7265 7322//7265
f 7337//7266 7338//7266 7336//7266 7335//7266
f 7326//7267 7339//7267 7337//7267 7324//7267
f 7339//7268 7340//7268 7338//7268 7337//7268
f 7327//7269 7341//7269 7339//7269 7326//7269
f 7341//7270 7342//7270 7340//7270 7339//7270
f 7328//7271 7343//7271 7341//7271 7327//7271
f 7343//7272 7344//7272 7342//7272 7341//7272
f 7329//7273 7345//7273 7343//7273 7328//7273
f 7345//7274 7346//7274 7344//7274 7343//7274
f 7330//7275 7346//7275 7345//7275 7329//7275
f 7332//7276 7347//7276 7346//7276 7330//7276
f 7334//7277 7349//7277 7347//7277 7332//7277
f 7349//7278 7350//7278 7348//7278 7347//7278
f 7336//7279 7351//7279 5571//7279 5557//7279
f 7351//7280 7352//7280 5572//7280 5571//7280
f 7338//7281 7353//7281 7351//7281 7336//7281
f 7340//7282 7355//7282 7353//7282 7338//7282
f 7355//7283 7356//7283 7354//7283 7353//7283
f 7342//7284 7357//7284 7355//7284 7340//7284
f 7357//7285 7358//7285 7356//7285 7355//7285
f 7344//7286 7359//7286 7357//7286 7342//7286
f 7359//7287 7360//7287 7358//7287 7357//7287
f 7346//7288 7361//7288 7359//7288 7344//7288
f 7361//7289 7362//7289 7360//7289 7359//7289
f 7347//7290 7363//7290 7361//7290 7346//7290
f 7363//7291 7364//7291 7362//7291 7361//7291
f 7348//7292 7364//7292 7363//7292 7347//7292
f 7350//7293 7365//7293 7364//7293 7348//7293
f 7368//7294 7352//7294 7351//7294 7367//7294
f 7352//7295 7368//7295 5584//7295 5572//7295
f 7353//7296 7369//7296 7367//7296 7351//7296
f 7369//7297 7370//7297 7368//7297 7367//7297
f 7354//7298 7370//7298 7369//7298 7353//7298
f 7356//7299 7371//7299 7370//7299 7354//7299
f 7358//7300 7372//7300 7371//7300 7356//7300
f 7360//7301 7373//7301 7372//7301 7358//7301
f 7362//7302 7374//7302 7373//7302 7360//7302
f 7364//7303 7376//7303 7374//7303 7362//7303
f 7376//7304 7377//7304 7375//7304 7374//7304
f 7365//7305 7378//7305 7376//7305 7364//7305
f 7378//7306 7379//7306 7377//7306 7376//7306
f 7366//7307 7379//7307 7378//7307 7365//7307
f 7368//7308 7380//7308 5598//7308 5584//7308
f 7380//7309 7381//7309 5599//7309 5598//7309
f 7370//7310 7382//7310 7380//7310 7368//7310
f 7371//7311 7384//7311 7382//7311 7370//7311
f 7384//7312 7385//7312 7383//7312 7382//7312
f 7372//7313 7386//7313 7384//7313 7371//7313
f 7386//7314 7387//7314 7385//7314 7384//7314
f 7373//7315 7388//7315 7386//7315 7372//7315
f 7388//7316 7389//7316 7387//7316 7386//7316
f 7374//7317 7390//7317 7388//7317 7373//7317
f 7390//7318 7391//7318 7389//7318 7388//7318
f 7375//7319 7391//7319 7390//7319 7374//7319
f 7377//7320 7392//7320 7391//7320 7375//7320
f 7379//7321 7393//7321 7392//7321 7377//7321
f 7396//7322 7381//7322 7380//7322 7395//7322
f 7381//7323 7396//7323 5614//7323 5599//7323
f 7382//7324 7397//7324 7395//7324 7380//7324
f 7397//7325 7398//7325 7396//7325 7395//7325
f 7383//7326 7398//7326 7397//7326 7382//7326
f 7385//7327 7399//7327 7398//7327 7383//7327
f 7387//7328 7400//7328 7399//7328 7385//7328
f 7389//7329 7401//7329 7400//7329 7387//7329
f 7391//7330 7402//7330 7401//7330 7389//7330
f 7392//7331 7403//7331 7402//7331 7391//7331
f 7393//7332 7405//7332 7403//7332 7392//7332
f 7405//7333 7406//7333 7404//7333 7403//7333
f 7394//7334 7406//7334 7405//7334 7393//7334
f 7396//7335 7407//7335 5627//7335 5614//7335
f 7407//7336 7408//7336 5628//7336 5627//7336
f 7398//7337 7409//7337 7407//7337 7396//7337
f 7409//7338 7410//7338 7408//7338 7407//7338
f 7399//7339 7411//7339 7409//7339 7398//7339
f 7400//7340 7412//7340 7411//7340 7399//7340
f 7401//7341 7413//7341 7412//7341 7400//7341
f 7402//7342 7414//7342 7413//7342 7401//7342
f 7403//7343 7415//7343 7414//7343 7402//7343
f 7404//7344 7416//7344 7415//7344 7403//7344
f 7406//7345 7417//7345 7416//7345 7404//7345
f 7266//7346 7418//7346 7319//7346 7152//7346
f 7418//7347 7419//7347 7320//7347 7319//7347
f 7267//7348 7420//7348 7418//7348 7266//7348
f 7420//7349 7421//7349 7419//7349 7418//7349
f 7268//7350 7421//7350 7420//7350 7267//7350
f 7270//7351 7422//7351 7421//7351 7268//7351
f 7271//7352 7424//7352 7422//7352 7270//7352
f 7424//7353 7425//7353 7423//7353 7422//7353
f 7272//7354 7425//7354 7424//7354 7271//7354
f 7274//7355 7427//7355 7425//7355 7272//7355
f 7427//7356 7428//7356 7426//7356 7425//7356
f 7275//7357 7429//7357 7427//7357 7274//7357
f 7429//7358 7430//7358 7428//7358 7427//7358
f 7276//7359 7430//7359 7429//7359 7275//7359
f 7277//7360 7432//7360 7430//7360 7276//7360
f 7432//7361 7433//7361 7431//7361 7430//7361
f 7278//7362 7433//7362 7432//7362 7277//7362
f 7279//7363 7434//7363 7433//7363 7278//7363
f 7281//7364 7435//7364 7434//7364 7279//7364
f 7419//7365 7436//7365 7334//7365 7320//7365
f 7421//7366 7438//7366 7436//7366 7419//7366
f 7438//7367 7439//7367 7437//7367 7436//7367
f 7422//7368 7440//7368 7438//7368 7421//7368
f 7440//7369 7441//7369 7439//7369 7438//7369
f 7423//7370 7441//7370 7440//7370 7422//7370
f 7425//7371 7443//7371 7441//7371 7423//7371
f 7443//7372 7444//7372 7442//7372 7441//7372
f 7426//7373 7444//7373 7443//7373 7425//7373
f 7428//7374 7445//7374 7444//7374 7426//7374
f 7430//7375 7447//7375 7445//7375 7428//7375
f 7447//7376 7448//7376 7446//7376 7445//7376
f 7431//7377 7448//7377 7447//7377 7430//7377
f 7433//7378 7450//7378 7448//7378 7431//7378
f 7450//7379 7451//7379 7449//7379 7448//7379
f 7434//7380 7451//7380 7450//7380 7433//7380
f 7436//7381 7452//7381 7349//7381 7334//7381
f 7452//7382 7453//7382 7350//7382 7349//7382
f 7437//7383 7453//7383 7452//7383 7436//7383
f 7439//7384 7455//7384 7453//7384 7437//7384
f 7455//7385 7456//7385 7454//7385 7453//7385
f 7441//7386 7457//7386 7455//7386 7439//7386
f 7457//7387 7458//7387 7456//7387 7455//7387
f 7442//7388 7458//7388 7457//7388 7441//7388
f 7444//7389 7460//7389 7458//7389 7442//7389
f 7460//7390 7461//7390 7459//7390 7458//7390
f 7445//7391 7462//7391 7460//7391 7444//7391
f 7462//7392 7463//7392 7461//7392 7460//7392
f 7446//7393 7463//7393 7462//7393 7445//7393
f 7448//7394 7465//7394 7463//7394 7446//7394
f 7465//7395 7466//7395 7464//7395 7463//7395
f 7449//7396 7466//7396 7465//7396 7448//7396
f 7451//7397 7467//7397 7466//7397 7449//7397
f 7453//7398 7468//7398 7365//7398 7350//7398
f 7468//7399 7469//7399 7366//7399 7365//7399
f 7454//7400 7469//7400 7468//7400 7453//7400
f 7456//7401 7470//7401 7469//7401 7454//7401
f 7458//7402 7472//7402 7470//7402 7456//7402
f 7472//7403 7473//7403 7471//7403 7470//7403
f 7459//7404 7473//7404 7472//7404 7458//7404
f 7461//7405 7475//7405 7473//7405 7459//7405
f 7475//7406 7476//7406 7474//7406 7473//7406
f 7463//7407 7477//7407 7475//7407 7461//7407
f 7477//7408 7478//7408 7476//7408 7475//7408
f 7464//7409 7478//7409 7477//7409 7463//7409
f 7466//7410 7479//7410 7478//7410 7464//7410
f 7469//7411 7480//7411 7379//7411 7366//7411
f 7470//7412 7482//7412 7480//7412 7469//7412
f 7482//7413 7483//7413 7481//7413 7480//7413
f 7471//7414 7483//7414 7482//7414 7470//7414
f 7473//7415 7485//7415 7483//7415 7471//7415
f 7485//7416 7486//7416 7484//7416 7483//7416
f 7474//7417 7486//7417 7485//7417 7473//7417
f 7476//7418 7487//7418 7486//7418 7474//7418
f 7478//7419 7488//7419 7487//7419 7476//7419
f 7480//7420 7489//7420 7393//7420 7379//7420
f 7489//7421 7490//7421 7394//7421 7393//7421
f 7481//7422 7490//7422 7489//7422 7480//7422
f 7483//7423 7491//7423 7490//7423 7481//7423
f 7484//7424 7492//7424 7491//7424 7483//7424
f 7486//7425 7493//7425 7492//7425 7484//7425
f 7487//7426 7494//7426 7493//7426 7486//7426
f 7490//7427 7495//7427 7406//7427 7394//7427
f 7491//7428 7497//7428 7495//7428 7490//7428
f 7497//7429 7498//7429 7496//7429 7495//7429
f 7492//7430 7498//7430 7497//7430 7491//7430
f 7493//7431 7499//7431 7498//7431 7492//7431
f 7495//7432 7500//7432 7417//7432 7406//7432
f 7496//7433 7501//7433 7500//7433 7495//7433
f 7498//7434 7502//7434 7501//7434 7496//7434
f 7408//7435 7503//7435 5639//7435 5628//7435
f 7505//7436 7410//7436 7409//7436 7504//7436
f 7410//7437 7505//7437 7503//7437 7408//7437
f 7411//7438 7506//7438 7504//7438 7409//7438
f 7506//7439 7507//7439 7505//7439 7504//7439
f 7412//7440 7508//7440 7506//7440 7411//7440
f 7508//7441 7509//7441 7507//7441 7506//7441
f 7413//7442 7510//7442 7508//7442 7412//7442
f 7414//7443 7511//7443 7510//7443 7413//7443
f 7415//7444 7512//7444 7511//7444 7414//7444
f 7416//7445 7513//7445 7512//7445 7415//7445
f 7417//7446 7514//7446 7513//7446 7416//7446
f 7503//7447 7515//7447 5645//7447 5639//7447
f 7515//7448 7516//7448 5646//7448 5645//7448
f 7505//7449 7517//7449 7515//7449 7503//7449
f 7517//7450 7518//7450 7516//7450 7515//7450
f 7507//7451 7519//7451 7517//7451 7505//7451
f 7519//7452 7520//7452 7518//7452 7517//7452
f 7522//7453 7509//7453 7508//7453 7521//7453
f 7509//7454 7522//7454 7519//7454 7507//7454
f 7522//7455 7523//7455 7520//7455 7519//7455
f 7510//7456 7524//7456 7521//7456 7508//7456
f 7511//7457 7525//7457 7524//7457 7510//7457
f 7512//7458 7526//7458 7525//7458 7511//7458
f 7513//7459 7527//7459 7526//7459 7512//7459
f 7514//7460 7528//7460 7527//7460 7513//7460
f 7518//7461 7530//7461 7529//7461 7516//7461
f 7520//7462 7531//7462 7530//7462 7518//7462
f 7533//7463 7522//7463 7521//7463 7532//7463
f 7534//7464 7523//7464 7522//7464 7533//7464
f 7523//7465 7534//7465 7531//7465 7520//7465
f 7524//7466 7535//7466 7532//7466 7521//7466
f 7535//7467 7536//7467 7533//7467 7532//7467
f 7536//7468 7537//7468 7534//7468 7533//7468
f 7525//7469 7538//7469 7535//7469 7524//7469
f 7526//7470 7539//7470 7538//7470 7525//7470
f 7527//7471 7540//7471 7539//7471 7526//7471
f 7542//7472 7541//7472 7539//7472 7540//7472
f 7528//7473 7542//7473 7540//7473 7527//7473
f 7544//7474 7536//7474 7535//7474 7543//7474
f 7545//7475 7537//7475 7536//7475 7544//7475
f 7538//7476 7546//7476 7543//7476 7535//7476
f 7539//7477 7548//7477 7546//7477 7538//7477
f 7541//7478 7549//7478 7548//7478 7539//7478
f 7542//7479 7550//7479 7549//7479 7541//7479
f 7552//7480 7544//7480 7543//7480 7551//7480
f 7553//7481 7545//7481 7544//7481 7552//7481
f 7546//7482 7554//7482 7551//7482 7543//7482
f 7555//7483 7556//7483 7553//7483 7552//7483
f 7556//7484 7547//7484 7545//7484 7553//7484
f 7548//7485 7557//7485 7554//7485 7546//7485
f 7549//7486 7559//7486 7557//7486 7548//7486
f 7550//7487 7560//7487 7559//7487 7549//7487
f 7562//7488 7552//7488 7551//7488 7561//7488
f 7554//7489 7563//7489 7561//7489 7551//7489
f 7563//7490 7564//7490 7562//7490 7561//7490
f 7564//7491 7555//7491 7552//7491 7562//7491
f 7565//7492 7556//7492 7555//7492 7564//7492
f 7557//7493 7566//7493 7563//7493 7554//7493
f 7567//7494 7558//7494 7556//7494 7565//7494
f 7559//7495 7568//7495 7566//7495 7557//7495
f 7560//7496 7569//7496 7568//7496 7559//7496
f 7572//7497 7564//7497 7563//7497 7571//7497
f 7573//7498 7565//7498 7564//7498 7572//7498
f 7566//7499 7574//7499 7571//7499 7563//7499
f 7575//7500 7567//7500 7565//7500 7573//7500
f 7568//7501 7576//7501 7574//7501 7566//7501
f 7577//7502 7570//7502 7567//7502 7575//7502
f 7579//7503 7572//7503 7571//7503 7578//7503
f 7580//7504 7573//7504 7572//7504 7579//7504
f 7574//7505 7581//7505 7578//7505 7571//7505
f 7581//7506 7582//7506 7579//7506 7578//7506
f 7582//7507 7583//7507 7580//7507 7579//7507
f 7583//7508 7575//7508 7573//7508 7580//7508
f 7576//7509 7584//7509 7581//7509 7574//7509
f 7585//7510 7577//7510 7575//7510 7583//7510
f 7500//7511 7586//7511 7514//7511 7417//7511
f 7501//7512 7587//7512 7586//7512 7500//7512
f 7502//7513 7588//7513 7587//7513 7501//7513
f 7586//7514 7589//7514 7528//7514 7514//7514
f 7587//7515 7590//7515 7589//7515 7586//7515
f 7588//7516 7591//7516 7590//7516 7587//7516
f 7589//7517 7592//7517 7542//7517 7528//7517
f 7590//7518 7593//7518 7592//7518 7589//7518
f 7592//7519 7594//7519 7550//7519 7542//7519
f 7593//7520 7595//7520 7594//7520 7592//7520
f 7594//7521 7596//7521 7560//7521 7550//7521
f 7595//7522 7597//7522 7596//7522 7594//7522
f 7599//7523 7598//7523 7568//7523 7569//7523
f 7596//7524 7599//7524 7569//7524 7560//7524
f 7597//7525 7600//7525 7599//7525 7596//7525
f 7598//7526 7602//7526 7576//7526 7568//7526
f 7599//7527 7603//7527 7602//7527 7598//7527
f 7600//7528 7604//7528 7603//7528 7599//7528
f 7606//7529 7605//7529 7603//7529 7604//7529
f 7601//7530 7606//7530 7604//7530 7600//7530
f 7602//7531 7607//7531 7584//7531 7576//7531
f 7603//7532 7608//7532 7607//7532 7602//7532
f 7605//7533 7609//7533 7608//7533 7603//7533
f 7606//7534 7610//7534 7609//7534 7605//7534
f 7613//7535 7582//7535 7581//7535 7612//7535
f 7614//7536 7583//7536 7582//7536 7613//7536
f 7584//7537 7615//7537 7612//7537 7581//7537
f 7615//7538 7616//7538 7613//7538 7612//7538
f 7616//7539 7617//7539 7614//7539 7613//7539
f 7617//7540 7585//7540 7583//7540 7614//7540
f 7619//7541 7617//7541 7616//7541 7618//7541
f 7621//7542 7619//7542 7618//7542 7620//7542
f 7607//7543 7622//7543 7615//7543 7584//7543
f 7622//7544 7623//7544 7616//7544 7615//7544
f 7608//7545 7623//7545 7622//7545 7607//7545
f 7609//7546 7625//7546 7623//7546 7608//7546
f 7610//7547 7626//7547 7625//7547 7609//7547
f 7611//7548 7627//7548 7626//7548 7610//7548
f 7623//7549 7628//7549 7618//7549 7616//7549
f 7629//7550 7624//7550 7617//7550 7619//7550
f 7625//7551 7630//7551 7628//7551 7623//7551
f 7626//7552 7631//7552 7630//7552 7625//7552
f 7633//7553 7632//7553 7630//7553 7631//7553
f 7627//7554 7633//7554 7631//7554 7626//7554
f 7628//7555 7634//7555 7620//7555 7618//7555
f 7634//7556 7635//7556 7621//7556 7620//7556
f 7635//7557 7629//7557 7619//7557 7621//7557
f 7630//7558 7636//7558 7634//7558 7628//7558
f 7632//7559 7637//7559 7636//7559 7630//7559
f 7633//7560 7638//7560 7637//7560 7632//7560
f 7640//7561 7635//7561 7634//7561 7639//7561
f 7636//7562 7641//7562 7639//7562 7634//7562
f 7641//7563 7642//7563 7640//7563 7639//7563
f 7637//7564 7643//7564 7641//7564 7636//7564
f 7643//7565 7644//7565 7642//7565 7641//7565
f 7638//7566 7644//7566 7643//7566 7637//7566
f 7644//7567 7647//7567 7646//7567 7642//7567
f 7645//7568 7648//7568 7647//7568 7644//7568
f 7647//7569 7650//7569 7649//7569 7646//7569
f 7648//7570 7651//7570 7650//7570 7647//7570
f 7652//7571 4322//7571 2391//7571 6029//7571
f 7653//7572 4323//7572 4322//7572 7652//7572
f 7654//7573 4324//7573 4323//7573 7653//7573
f 7655//7574 4325//7574 4324//7574 7654//7574
f 7656//7575 4326//7575 4325//7575 7655//7575
f 7658//7576 4328//7576 4326//7576 7656//7576
f 7659//7577 7660//7577 7658//7577 7657//7577
f 4330//7578 7660//7578 7659//7578 4329//7578
f 7660//7579 4330//7579 4328//7579 7658//7579
f 7661//7580 4331//7580 4329//7580 7659//7580
f 7662//7581 7652//7581 6029//7581 6043//7581
f 7663//7582 7653//7582 7652//7582 7662//7582
f 7664//7583 7654//7583 7653//7583 7663//7583
f 7665//7584 7655//7584 7654//7584 7664//7584
f 7666//7585 7656//7585 7655//7585 7665//7585
f 7658//7586 7668//7586 7667//7586 7657//7586
f 7668//7587 7658//7587 7656//7587 7666//7587
f 7669//7588 7659//7588 7657//7588 7667//7588
f 7670//7589 7661//7589 7659//7589 7669//7589
f 7671//7590 7662//7590 6043//7590 6056//7590
f 7672//7591 7663//7591 7662//7591 7671//7591
f 7673//7592 7664//7592 7663//7592 7672//7592
f 7674//7593 7665//7593 7664//7593 7673//7593
f 7676//7594 7666//7594 7665//7594 7674//7594
f 7677//7595 7678//7595 7676//7595 7675//7595
f 7668//7596 7678//7596 7677//7596 7667//7596
f 7678//7597 7668//7597 7666//7597 7676//7597
f 7679//7598 7669//7598 7667//7598 7677//7598
f 7680//7599 7670//7599 7669//7599 7679//7599
f 7681//7600 7682//7600 6068//7600 6067//7600
f 7682//7601 7671//7601 6056//7601 6068//7601
f 7683//7602 7672//7602 7671//7602 7682//7602
f 7684//7603 7673//7603 7672//7603 7683//7603
f 7685//7604 7674//7604 7673//7604 7684//7604
f 7676//7605 7687//7605 7686//7605 7675//7605
f 7687//7606 7676//7606 7674//7606 7685//7606
f 7688//7607 7677//7607 7675//7607 7686//7607
f 7689//7608 7679//7608 7677//7608 7688//7608
f 7690//7609 7680//7609 7679//7609 7689//7609
f 7691//7610 7681//7610 6067//7610 6081//7610
f 7692//7611 7682//7611 7681//7611 7691//7611
f 7693//7612 7683//7612 7682//7612 7692//7612
f 7694//7613 7684//7613 7683//7613 7693//7613
f 7696//7614 7685//7614 7684//7614 7694//7614
f 7697//7615 7698//7615 7696//7615 7695//7615
f 7687//7616 7698//7616 7697//7616 7686//7616
f 7698//7617 7687//7617 7685//7617 7696//7617
f 7699//7618 7688//7618 7686//7618 7697//7618
f 7700//7619 7689//7619 7688//7619 7699//7619
f 7701//7620 7690//7620 7689//7620 7700//7620
f 7702//7621 7691//7621 6081//7621 6093//7621
f 7703//7622 7692//7622 7691//7622 7702//7622
f 7704//7623 7705//7623 7703//7623 7702//7623
f 7705//7624 7693//7624 7692//7624 7703//7624
f 7707//7625 7694//7625 7693//7625 7705//7625
f 7708//7626 7709//7626 7707//7626 7706//7626
f 7696//7627 7709//7627 7708//7627 7695//7627
f 7709//7628 7696//7628 7694//7628 7707//7628
f 7710//7629 7697//7629 7695//7629 7708//7629
f 7711//7630 7699//7630 7697//7630 7710//7630
f 7712//7631 7700//7631 7699//7631 7711//7631
f 7714//7632 7701//7632 7700//7632 7712//7632
f 7715//7633 7702//7633 6093//7633 6107//7633
f 7716//7634 7704//7634 7702//7634 7715//7634
f 7717//7635 7705//7635 7704//7635 7716//7635
f 7718//7636 7719//7636 7717//7636 7716//7636
f 7707//7637 7719//7637 7718//7637 7706//7637
f 7719//7638 7707//7638 7705//7638 7717//7638
f 7720//7639 7708//7639 7706//7639 7718//7639
f 7721//7640 7710//7640 7708//7640 7720//7640
f 7722//7641 7711//7641 7710//7641 7721//7641
f 7723//7642 7712//7642 7711//7642 7722//7642
f 7714//7643 7725//7643 7724//7643 7713//7643
f 7725//7644 7714//7644 7712//7644 7723//7644
f 7726//7645 7715//7645 6107//7645 6123//7645
f 7727//7646 7716//7646 7715//7646 7726//7646
f 7728//7647 7718//7647 7716//7647 7727//7647
f 7729//7648 7720//7648 7718//7648 7728//7648
f 7730//7649 7721//7649 7720//7649 7729//7649
f 7731//7650 7722//7650 7721//7650 7730//7650
f 7733//7651 7723//7651 7722//7651 7731//7651
f 7734//7652 7735//7652 7733//7652 7732//7652
f 7725//7653 7735//7653 7734//7653 7724//7653
f 7735//7654 7725//7654 7723//7654 7733//7654
f 7736//7655 7737//7655 7281//7655 7264//7655
f 7742//7656 7746//7656 7745//7656 7741//7656
f 7747//7657 4452//7657 4331//7657 7661//7657
f 4454//7658 7749//7658 7748//7658 4453//7658
f 7749//7659 4454//7659 4452//7659 7747//7659
f 7750//7660 4455//7660 4453//7660 7748//7660
f 4457//7661 7752//7661 7751//7661 4456//7661
f 7752//7662 4457//7662 4455//7662 7750//7662
f 4459//7663 7754//7663 7753//7663 4458//7663
f 7754//7664 4459//7664 4456//7664 7751//7664
f 7756//7663 4461//7663 4458//7663 7753//7663
f 7757//7665 7758//7665 7756//7665 7755//7665
f 4463//7666 7758//7666 7757//7666 4462//7666
f 7758//7667 4463//7667 4461//7667 7756//7667
f 4466//7668 7761//7668 7760//7668 4465//7668
f 7761//7669 4466//7669 4462//7669 7757//7669
f 7763//7670 7747//7670 7661//7670 7670//7670
f 7764//7671 7765//7671 7763//7671 7762//7671
f 7749//7672 7765//7672 7764//7672 7748//7672
f 7765//7673 7749//7673 7747//7673 7763//7673
f 7766//7674 7750//7674 7748//7674 7764//7674
f 7752//7675 7768//7675 7767//7675 7751//7675
f 7768//7676 7752//7676 7750//7676 7766//7676
f 7754//7677 7770//7677 7769//7677 7753//7677
f 7770//7678 7754//7678 7751//7678 7767//7678
f 7756//7679 7772//7679 7771//7679 7755//7679
f 7772//7680 7756//7680 7753//7680 7769//7680
f 7774//7681 7757//7681 7755//7681 7771//7681
f 7760//7682 7776//7682 7775//7682 7759//7682
f 7776//7683 7777//7683 7774//7683 7773//7683
f 7761//7684 7777//7684 7776//7684 7760//7684
f 7777//7685 7761//7685 7757//7685 7774//7685
f 7763//7686 7779//7686 7778//7686 7762//7686
f 7779//7687 7763//7687 7670//7687 7680//7687
f 7780//7688 7764//7688 7762//7688 7778//7688
f 7781//7689 7766//7689 7764//7689 7780//7689
f 7768//7690 7783//7690 7782//7690 7767//7690
f 7783//7691 7768//7691 7766//7691 7781//7691
f 7770//7692 7785//7692 7784//7692 7769//7692
f 7785//7693 7770//7693 7767//7693 7782//7693
f 7772//7694 7787//7694 7786//7694 7771//7694
f 7787//7695 7772//7695 7769//7695 7784//7695
f 7774//7696 7789//7696 7788//7696 7773//7696
f 7789//7697 7774//7697 7771//7697 7786//7697
f 7776//7698 7791//7698 7790//7698 7775//7698
f 7791//7699 7776//7699 7773//7699 7788//7699
f 7779//7700 7793//7700 7792//7700 7778//7700
f 7793//7701 7779//7701 7680//7701 7690//7701
f 7794//7702 7780//7702 7778//7702 7792//7702
f 7796//7703 7781//7703 7780//7703 7794//7703
f 7797//7704 7798//7704 7796//7704 7795//7704
f 7783//7705 7798//7705 7797//7705 7782//7705
f 7798//7706 7783//7706 7781//7706 7796//7706
f 7785//7707 7800//7707 7799//7707 7784//7707
f 7800//7708 7785//7708 7782//7708 7797//7708
f 7787//7709 7802//7709 7801//7709 7786//7709
f 7802//7710 7787//7710 7784//7710 7799//7710
f 7789//7711 7804//7711 7803//7711 7788//7711
f 7804//7712 7789//7712 7786//7712 7801//7712
f 7791//7713 7806//7713 7805//7713 7790//7713
f 7806//7714 7791//7714 7788//7714 7803//7714
f 7793//7715 7808//7715 7807//7715 7792//7715
f 7808//7716 7793//7716 7690//7716 7701//7716
f 7809//7717 7794//7717 7792//7717 7807//7717
f 7796//7718 7811//7718 7810//7718 7795//7718
f 7811//7719 7796//7719 7794//7719 7809//7719
f 7812//7720 7797//7720 7795//7720 7810//7720
f 7800//7721 7814//7721 7813//7721 7799//7721
f 7814//7722 7800//7722 7797//7722 7812//7722
f 7802//7723 7816//7723 7815//7723 7801//7723
f 7816//7724 7802//7724 7799//7724 7813//7724
f 7804//7725 7818//7725 7817//7725 7803//7725
f 7818//7726 7804//7726 7801//7726 7815//7726
f 7806//7727 7820//7727 7819//7727 7805//7727
f 7820//7728 7806//7728 7803//7728 7817//7728
f 7821//7729 7822//7729 7714//7729 7713//7729
f 7808//7730 7822//7730 7821//7730 7807//7730
f 7822//7731 7808//7731 7701//7731 7714//7731
f 7823//7732 7809//7732 7807//7732 7821//7732
f 7811//7733 7825//7733 7824//7733 7810//7733
f 7825//7734 7811//7734 7809//7734 7823//7734
f 7827//7735 7812//7735 7810//7735 7824//7735
f 7829//7736 7830//7736 7827//7736 7826//7736
f 7814//7737 7830//7737 7829//7737 7813//7737
f 7830//7738 7814//7738 7812//7738 7827//7738
f 7832//7739 7833//7739 7829//7739 7828//7739
f 7816//7740 7833//7740 7832//7740 7815//7740
f 7833//7741 7816//7741 7813//7741 7829//7741
f 7835//7742 7836//7742 7832//7742 7831//7742
f 7818//7743 7836//7743 7835//7743 7817//7743
f 7836//7744 7818//7744 7815//7744 7832//7744
f 7819//7745 7837//7745 7740//7745 7739//7745
f 7837//7746 7838//7746 7835//7746 7834//7746
f 7820//7747 7838//7747 7837//7747 7819//7747
f 7838//7748 7820//7748 7817//7748 7835//7748
f 7839//7749 7821//7749 7713//7749 7724//7749
f 7841//7750 7823//7750 7821//7750 7839//7750
f 7842//7751 7843//7751 7841//7751 7840//7751
f 7825//7752 7843//7752 7842//7752 7824//7752
f 7843//7753 7825//7753 7823//7753 7841//7753
f 7827//7754 7845//7754 7844//7754 7826//7754
f 7845//7755 7827//7755 7824//7755 7842//7755
f 7829//7756 7847//7756 7846//7756 7828//7756
f 7847//7757 7829//7757 7826//7757 7844//7757
f 7832//7758 7849//7758 7848//7758 7831//7758
f 7849//7759 7832//7759 7828//7759 7846//7759
f 7835//7760 7851//7760 7850//7760 7834//7760
f 7851//7761 7835//7761 7831//7761 7848//7761
f 7837//7762 7852//7762 7742//7762 7740//7762
f 7852//7763 7837//7763 7834//7763 7850//7763
f 7854//7764 7839//7764 7724//7764 7734//7764
f 7855//7765 7856//7765 7854//7765 7853//7765
f 7841//7766 7856//7766 7855//7766 7840//7766
f 7856//7767 7841//7767 7839//7767 7854//7767
f 7858//7768 7842//7768 7840//7768 7855//7768
f 7860//7769 7861//7769 7858//7769 7857//7769
f 7845//7770 7861//7770 7860//7770 7844//7770
f 7861//7771 7845//7771 7842//7771 7858//7771
f 7863//7772 7864//7772 7860//7772 7859//7772
f 7847//7773 7864//7773 7863//7773 7846//7773
f 7864//7774 7847//7774 7844//7774 7860//7774
f 7866//7775 7867//7775 7863//7775 7862//7775
f 7849//7776 7867//7776 7866//7776 7848//7776
f 7867//7777 7849//7777 7846//7777 7863//7777
f 7868//7778 7869//7778 7866//7778 7865//7778
f 7851//7779 7869//7779 7868//7779 7850//7779
f 7869//7780 7851//7780 7848//7780 7866//7780
f 7746//7781 7870//7781 7868//7781 7743//7781
f 7852//7782 7870//7782 7746//7782 7742//7782
f 7870//7783 7852//7783 7850//7783 7868//7783
f 4548//7784 7871//7784 7286//7784 2992//7784
f 4549//7785 7872//7785 7871//7785 4548//7785
f 4550//7786 7873//7786 7872//7786 4549//7786
f 4551//7787 7874//7787 7873//7787 4550//7787
f 4552//7788 7875//7788 7874//7788 4551//7788
f 4555//7789 7878//7789 7875//7789 4552//7789
f 7878//7790 7879//7790 7876//7790 7875//7790
f 4556//7791 7879//7791 7878//7791 4555//7791
f 7879//7792 7880//7792 7877//7792 7876//7792
f 4557//7793 7880//7793 7879//7793 4556//7793
f 4558//7794 7881//7794 7880//7794 4557//7794
f 4559//7795 7882//7795 7881//7795 4558//7795
f 7871//7796 7883//7796 7290//7796 7286//7796
f 7872//7797 7885//7797 7883//7797 7871//7797
f 7885//7798 7886//7798 7884//7798 7883//7798
f 7873//7799 7886//7799 7885//7799 7872//7799
f 7874//7800 7887//7800 7886//7800 7873//7800
f 7875//7801 7888//7801 7887//7801 7874//7801
f 7876//7802 7889//7802 7888//7802 7875//7802
f 7877//7803 7890//7803 7889//7803 7876//7803
f 7880//7804 7892//7804 7890//7804 7877//7804
f 7892//7805 7893//7805 7891//7805 7890//7805
f 7881//7806 7893//7806 7892//7806 7880//7806
f 7882//7807 7894//7807 7893//7807 7881//7807
f 7883//7808 7895//7808 7295//7808 7290//7808
f 7884//7809 7896//7809 7895//7809 7883//7809
f 7886//7810 7897//7810 7896//7810 7884//7810
f 7887//7811 7898//7811 7897//7811 7886//7811
f 7888//7812 7899//7812 7898//7812 7887//7812
f 7889//7813 7900//7813 7899//7813 7888//7813
f 7890//7814 7901//7814 7900//7814 7889//7814
f 7891//7815 7902//7815 7901//7815 7890//7815
f 7893//7816 7904//7816 7902//7816 7891//7816
f 7904//7817 7905//7817 7903//7817 7902//7817
f 7894//7818 7905//7818 7904//7818 7893//7818
f 7895//7819 7906//7819 7299//7819 7295//7819
f 7896//7820 7907//7820 7906//7820 7895//7820
f 7897//7821 7909//7821 7907//7821 7896//7821
f 7909//7822 7910//7822 7908//7822 7907//7822
f 7898//7823 7910//7823 7909//7823 7897//7823
f 7899//7824 7911//7824 7910//7824 7898//7824
f 7900//7825 7912//7825 7911//7825 7899//7825
f 7901//7826 7913//7826 7912//7826 7900//7826
f 7902//7827 7914//7827 7913//7827 7901//7827
f 7903//7828 7915//7828 7914//7828 7902//7828
f 7303//7829 7917//7829 7916//7829 7302//7829
f 7906//7830 7917//7830 7303//7830 7299//7830
f 7907//7831 7918//7831 7917//7831 7906//7831
f 7908//7832 7919//7832 7918//7832 7907//7832
f 7910//7833 7921//7833 7919//7833 7908//7833
f 7921//7834 7922//7834 7920//7834 7919//7834
f 7911//7835 7922//7835 7921//7835 7910//7835
f 7912//7836 7923//7836 7922//7836 7911//7836
f 7913//7837 7924//7837 7923//7837 7912//7837
f 7914//7838 7925//7838 7924//7838 7913//7838
f 7915//7839 7926//7839 7925//7839 7914//7839
f 7916//7840 7927//7840 7305//7840 7302//7840
f 7917//7841 7929//7841 7927//7841 7916//7841
f 7929//7842 7930//7842 7928//7842 7927//7842
f 7918//7843 7930//7843 7929//7843 7917//7843
f 7919//7844 7931//7844 7930//7844 7918//7844
f 7920//7845 7932//7845 7931//7845 7919//7845
f 7922//7846 7935//7846 7932//7846 7920//7846
f 7935//7847 7936//7847 7933//7847 7932//7847
f 7923//7848 7936//7848 7935//7848 7922//7848
f 7936//7849 7937//7849 7934//7849 7933//7849
f 7924//7850 7937//7850 7936//7850 7923//7850
f 7925//7851 7938//7851 7937//7851 7924//7851
f 7926//7852 7939//7852 7938//7852 7925//7852
f 7306//7853 7940//7853 7736//7853 7264//7853
f 7927//7854 7940//7854 7306//7854 7305//7854
f 7928//7855 7941//7855 7940//7855 7927//7855
f 7930//7856 7943//7856 7941//7856 7928//7856
f 7943//7857 7944//7857 7942//7857 7941//7857
f 7931//7858 7944//7858 7943//7858 7930//7858
f 7932//7859 7945//7859 7944//7859 7931//7859
f 7933//7860 7946//7860 7945//7860 7932//7860
f 7934//7861 7947//7861 7946//7861 7933//7861
f 7937//7862 7950//7862 7947//7862 7934//7862
f 7950//7863 7951//7863 7948//7863 7947//7863
f 7938//7864 7951//7864 7950//7864 7937//7864
f 7951//7865 7952//7865 7949//7865 7948//7865
f 7939//7866 7952//7866 7951//7866 7938//7866
f 7940//7867 7953//7867 7737//7867 7736//7867
f 7953//7868 7954//7868 7738//7868 7737//7868
f 7941//7869 7954//7869 7953//7869 7940//7869
f 7942//7870 7955//7870 7954//7870 7941//7870
f 7944//7871 7958//7871 7955//7871 7942//7871
f 7958//7872 7959//7872 7956//7872 7955//7872
f 7945//7873 7959//7873 7958//7873 7944//7873
f 7959//7874 7960//7874 7957//7874 7956//7874
f 7946//7875 7960//7875 7959//7875 7945//7875
f 7947//7876 7961//7876 7960//7876 7946//7876
f 7948//7877 7962//7877 7961//7877 7947//7877
f 7949//7878 7963//7878 7962//7878 7948//7878
f 4642//7879 7966//7879 7965//7879 4641//7879
f 4643//7880 7967//7880 7966//7880 4642//7880
f 7967//7881 4643//7881 4640//7881 7964//7881
f 4646//7882 7970//7882 7969//7882 4645//7882
f 4647//7883 7971//7883 7970//7883 4646//7883
f 4648//7884 7972//7884 7971//7884 4647//7884
f 7972//7885 4648//7885 4641//7885 7965//7885
f 4649//7886 7973//7886 7882//7886 4559//7886
f 4650//7887 7974//7887 7973//7887 4649//7887
f 7974//7888 7975//7888 7969//7888 7968//7888
f 4651//7889 7975//7889 7974//7889 4650//7889
f 7975//7890 4651//7890 4645//7890 7969//7890
f 7966//7891 7979//7891 7978//7891 7965//7891
f 7979//7892 7980//7892 7977//7892 7976//7892
f 7967//7893 7980//7893 7979//7893 7966//7893
f 7980//7894 7967//7894 7964//7894 7977//7894
f 7969//7895 7983//7895 7982//7895 7968//7895
f 7970//7896 7984//7896 7983//7896 7969//7896
f 7971//7897 7985//7897 7984//7897 7970//7897
f 7972//7898 7986//7898 7985//7898 7971//7898
f 7986//7899 7972//7899 7965//7899 7978//7899
f 7973//7900 7987//7900 7894//7900 7882//7900
f 7987//7901 7988//7901 7982//7901 7981//7901
f 7974//7902 7988//7902 7987//7902 7973//7902
f 7988//7903 7974//7903 7968//7903 7982//7903
f 7977//7904 7990//7904 7989//7904 7976//7904
f 7979//7905 7993//7905 7992//7905 7978//7905
f 7993//7906 7979//7906 7976//7906 7989//7906
f 7982//7907 7995//7907 7994//7907 7981//7907
f 7983//7908 7996//7908 7995//7908 7982//7908
f 7984//7909 7997//7909 7996//7909 7983//7909
f 7985//7910 7998//7910 7997//7910 7984//7910
f 7998//7911 7999//7911 7992//7911 7991//7911
f 7986//7912 7999//7912 7998//7912 7985//7912
f 7999//7913 7986//7913 7978//7913 7992//7913
f 7905//7914 8000//7914 7994//7914 7903//7914
f 7987//7915 8000//7915 7905//7915 7894//7915
f 8000//7916 7987//7916 7981//7916 7994//7916
f 7990//7917 8002//7917 8001//7917 7989//7917
f 7992//7918 8004//7918 8003//7918 7991//7918
f 7993//7919 8005//7919 8004//7919 7992//7919
f 8005//7920 7993//7920 7989//7920 8001//7920
f 7994//7921 8006//7921 7915//7921 7903//7921
f 7995//7922 8007//7922 8006//7922 7994//7922
f 7996//7923 8008//7923 8007//7923 7995//7923
f 7997//7924 8009//7924 8008//7924 7996//7924
f 7998//7925 8010//7925 8009//7925 7997//7925
f 8010//7926 7998//7926 7991//7926 8003//7926
f 8002//7927 8013//7927 8012//7927 8001//7927
f 8004//7928 8016//7928 8015//7928 8003//7928
f 8016//7929 8017//7929 8012//7929 8011//7929
f 8005//7930 8017//7930 8016//7930 8004//7930
f 8017//7931 8005//7931 8001//7931 8012//7931
f 8006//7932 8018//7932 7926//7932 7915//7932
f 8007//7933 8019//7933 8018//7933 8006//7933
f 8008//7934 8020//7934 8019//7934 8007//7934
f 8009//7935 8021//7935 8020//7935 8008//7935
f 8021//7936 8022//7936 8015//7936 8014//7936
f 8010//7937 8022//7937 8021//7937 8009//7937
f 8022//7938 8010//7938 8003//7938 8015//7938
f 8012//7939 8024//7939 8023//7939 8011//7939
f 8013//7940 8025//7940 8024//7940 8012//7940
f 8025//7941 8013//7941 7739//7941 7740//7941
f 8015//7942 8030//7942 8029//7942 8014//7942
f 8016//7943 8031//7943 8030//7943 8015//7943
f 8031//7944 8016//7944 8011//7944 8023//7944
f 8018//7945 8032//7945 7939//7945 7926//7945
f 8032//7946 8033//7946 8027//7946 8026//7946
f 8019//7947 8033//7947 8032//7947 8018//7947
f 8033//7948 8034//7948 8028//7948 8027//7948
f 8020//7949 8034//7949 8033//7949 8019//7949
f 8034//7950 8035//7950 8029//7950 8028//7950
f 8021//7951 8035//7951 8034//7951 8020//7951
f 8035//7952 8021//7952 8014//7952 8029//7952
f 8024//7953 8038//7953 8037//7953 8023//7953
f 8038//7954 8039//7954 7742//7954 7741//7954
f 8025//7955 8039//7955 8038//7955 8024//7955
f 8039//7956 8025//7956 7740//7956 7742//7956
f 8027//7957 8041//7957 8040//7957 8026//7957
f 8028//7958 8042//7958 8041//7958 8027//7958
f 8029//7959 8043//7959 8042//7959 8028//7959
f 8030//7960 8044//7960 8043//7960 8029//7960
f 8044//7961 8045//7961 8037//7961 8036//7961
f 8031//7962 8045//7962 8044//7962 8030//7962
f 8045//7963 8031//7963 8023//7963 8037//7963
f 7952//7964 8046//7964 8040//7964 7949//7964
f 8032//7965 8046//7965 7952//7965 7939//7965
f 8046//7966 8032//7966 8026//7966 8040//7966
f 8037//7967 8049//7967 8048//7967 8036//7967
f 8049//7968 8050//7968 7745//7968 7744//7968
f 8038//7969 8050//7969 8049//7969 8037//7969
f 8050//7970 8038//7970 7741//7970 7745//7970
f 8040//7971 8051//7971 7963//7971 7949//7971
f 8041//7972 8052//7972 8051//7972 8040//7972
f 8042//7973 8053//7973 8052//7973 8041//7973
f 8043//7974 8054//7974 8053//7974 8042//7974
f 8054//7975 8055//7975 8048//7975 8047//7975
f 8044//7976 8055//7976 8054//7976 8043//7976
f 8055//7977 8044//7977 8036//7977 8048//7977
f 4656//7978 8056//7978 7964//7978 4640//7978
f 8056//7979 8057//7979 7760//7979 7759//7979
f 4657//7980 8057//7980 8056//7980 4656//7980
f 8057//7981 4657//7981 4465//7981 7760//7981
f 8056//7982 8058//7982 7977//7982 7964//7982
f 8058//7983 8056//7983 7759//7983 7775//7983
f 8058//7984 8059//7984 7990//7984 7977//7984
f 8059//7985 8058//7985 7775//7985 7790//7985
f 8059//7986 8060//7986 8002//7986 7990//7986
f 8060//7987 8059//7987 7790//7987 7805//7987
f 8013//7988 8061//7988 7819//7988 7739//7988
f 8060//7989 8061//7989 8013//7989 8002//7989
f 8061//7990 8060//7990 7805//7990 7819//7990
f 8062//7991 7726//7991 6123//7991 6532//7991
f 8063//7992 7727//7992 7726//7992 8062//7992
f 8064//7993 7728//7993 7727//7993 8063//7993
f 8065//7994 7729//7994 7728//7994 8064//7994
f 8066//7995 7730//7995 7729//7995 8065//7995
f 8068//7996 7731//7996 7730//7996 8066//7996
f 8069//7997 8070//7997 8068//7997 8067//7997
f 7733//7998 8070//7998 8069//7998 7732//7998
f 8070//7999 7733//7999 7731//7999 8068//7999
f 8071//8000 7734//8000 7732//8000 8069//8000
f 8072//8001 8073//8001 6549//8001 6548//8001
f 8073//8002 8062//8002 6532//8002 6549//8002
f 8074//8003 8075//8003 8073//8003 8072//8003
f 8075//8004 8063//8004 8062//8004 8073//8004
f 8076//8005 8064//8005 8063//8005 8075//8005
f 8078//8006 8065//8006 8064//8006 8076//8006
f 8079//8007 8080//8007 8078//8007 8077//8007
f 8080//8008 8066//8008 8065//8008 8078//8008
f 8081//8009 8082//8009 8080//8009 8079//8009
f 8068//8010 8082//8010 8081//8010 8067//8010
f 8082//8011 8068//8011 8066//8011 8080//8011
f 8083//8012 8069//8012 8067//8012 8081//8012
f 8085//8013 8071//8013 8069//8013 8083//8013
f 8086//8014 8072//8014 6548//8014 6564//8014
f 8087//8015 8074//8015 8072//8015 8086//8015
f 8088//8016 8075//8016 8074//8016 8087//8016
f 8089//8017 8090//8017 8088//8017 8087//8017
f 8090//8018 8076//8018 8075//8018 8088//8018
f 8091//8019 8092//8019 8090//8019 8089//8019
f 8078//8020 8092//8020 8091//8020 8077//8020
f 8092//8021 8078//8021 8076//8021 8090//8021
f 8093//8022 8079//8022 8077//8022 8091//8022
f 8094//8023 8081//8023 8079//8023 8093//8023
f 8096//8024 8083//8024 8081//8024 8094//8024
f 8097//8025 8098//8025 8096//8025 8095//8025
f 8085//8026 8098//8026 8097//8026 8084//8026
f 8098//8027 8085//8027 8083//8027 8096//8027
f 8099//8028 8100//8028 6582//8028 6581//8028
f 8100//8029 8086//8029 6564//8029 6582//8029
f 8101//8030 8102//8030 8100//8030 8099//8030
f 8102//8031 8087//8031 8086//8031 8100//8031
f 8103//8032 8089//8032 8087//8032 8102//8032
f 8104//8033 8091//8033 8089//8033 8103//8033
f 8106//8034 8093//8034 8091//8034 8104//8034
f 8107//8035 8108//8035 8106//8035 8105//8035
f 8108//8036 8094//8036 8093//8036 8106//8036
f 8109//8037 8110//8037 8108//8037 8107//8037
f 8096//8038 8110//8038 8109//8038 8095//8038
f 8110//8039 8096//8039 8094//8039 8108//8039
f 8112//8040 8097//8040 8095//8040 8109//8040
f 8113//8041 8099//8041 6581//8041 6600//8041
f 8114//8042 8101//8042 8099//8042 8113//8042
f 8115//8043 8102//8043 8101//8043 8114//8043
f 8116//8044 8117//8044 8115//8044 8114//8044
f 8117//8045 8103//8045 8102//8045 8115//8045
f 8118//8046 8119//8046 8117//8046 8116//8046
f 8119//8047 8104//8047 8103//8047 8117//8047
f 8120//8048 8121//8048 8119//8048 8118//8048
f 8106//8049 8121//8049 8120//8049 8105//8049
f 8121//8050 8106//8050 8104//8050 8119//8050
f 8122//8051 8107//8051 8105//8051 8120//8051
f 8123//8052 8109//8052 8107//8052 8122//8052
f 8112//8053 8125//8053 8124//8053 8111//8053
f 8125//8054 8112//8054 8109//8054 8123//8054
f 8126//8055 8127//8055 6614//8055 6613//8055
f 8127//8056 8113//8056 6600//8056 6614//8056
f 8128//8057 8129//8057 8127//8057 8126//8057
f 8129//8058 8114//8058 8113//8058 8127//8058
f 8130//8059 8131//8059 8129//8059 8128//8059
f 8131//8060 8116//8060 8114//8060 8129//8060
f 8132//8061 8133//8061 8131//8061 8130//8061
f 8133//8062 8118//8062 8116//8062 8131//8062
f 8134//8063 8135//8063 8133//8063 8132//8063
f 8135//8064 8120//8064 8118//8064 8133//8064
f 8136//8065 8137//8065 8135//8065 8134//8065
f 8137//8066 8122//8066 8120//8066 8135//8066
f 8138//8067 8139//8067 8137//8067 8136//8067
f 8139//8068 8123//8068 8122//8068 8137//8068
f 8141//8069 8142//8069 8139//8069 8138//8069
f 8125//8070 8142//8070 8141//8070 8124//8070
f 8142//8071 8125//8071 8123//8071 8139//8071
f 8143//8072 8144//8072 6627//8072 6626//8072
f 8144//8073 8126//8073 6613//8073 6627//8073
f 8145//8074 8146//8074 8144//8074 8143//8074
f 8146//8075 8128//8075 8126//8075 8144//8075
f 8147//8076 8148//8076 8146//8076 8145//8076
f 8148//8077 8130//8077 8128//8077 8146//8077
f 8149//8078 8132//8078 8130//8078 8148//8078
f 8151//8079 8134//8079 8132//8079 8149//8079
f 8152//8080 8153//8080 8151//8080 8150//8080
f 8153//8081 8136//8081 8134//8081 8151//8081
f 8154//8082 8155//8082 8153//8082 8152//8082
f 8155//8083 8138//8083 8136//8083 8153//8083
f 8156//8084 8157//8084 8155//8084 8154//8084
f 8141//8085 8157//8085 8156//8085 8140//8085
f 8157//8086 8141//8086 8138//8086 8155//8086
f 8158//8087 8159//8087 6637//8087 6636//8087
f 8159//8088 8143//8088 6626//8088 6637//8088
f 8160//8089 8145//8089 8143//8089 8159//8089
f 8161//8090 8147//8090 8145//8090 8160//8090
f 8162//8091 8148//8091 8147//8091 8161//8091
f 8163//8092 8164//8092 8162//8092 8161//8092
f 8164//8093 8149//8093 8148//8093 8162//8093
f 8165//8094 8166//8094 8164//8094 8163//8094
f 8151//8095 8166//8095 8165//8095 8150//8095
f 8166//8096 8151//8096 8149//8096 8164//8096
f 8168//8097 8152//8097 8150//8097 8165//8097
f 8169//8098 8170//8098 8168//8098 8167//8098
f 8170//8099 8154//8099 8152//8099 8168//8099
f 8171//8100 8172//8100 8170//8100 8169//8100
f 8172//8101 8156//8101 8154//8101 8170//8101
f 7435//8102 8174//8102 8173//8102 7434//8102
f 7737//8103 8174//8103 7435//8103 7281//8103
f 7738//8104 8175//8104 8174//8104 7737//8104
f 8173//8105 8177//8105 7451//8105 7434//8105
f 8174//8106 8179//8106 8177//8106 8173//8106
f 8179//8107 8180//8107 8178//8107 8177//8107
f 8175//8108 8180//8108 8179//8108 8174//8108
f 8176//8109 8181//8109 8180//8109 8175//8109
f 7467//8110 8185//8110 8184//8110 7466//8110
f 8177//8111 8185//8111 7467//8111 7451//8111
f 8178//8112 8186//8112 8185//8112 8177//8112
f 8180//8113 8188//8113 8186//8113 8178//8113
f 8188//8114 8189//8114 8187//8114 8186//8114
f 8181//8115 8189//8115 8188//8115 8180//8115
f 8182//8116 8190//8116 8189//8116 8181//8116
f 8183//8117 8191//8117 8190//8117 8182//8117
f 7479//8118 8196//8118 8195//8118 7478//8118
f 8184//8119 8196//8119 7479//8119 7466//8119
f 8185//8120 8199//8120 8196//8120 8184//8120
f 8199//8121 8200//8121 8197//8121 8196//8121
f 8186//8122 8200//8122 8199//8122 8185//8122
f 8200//8123 8201//8123 8198//8123 8197//8123
f 8187//8124 8201//8124 8200//8124 8186//8124
f 8189//8125 8204//8125 8201//8125 8187//8125
f 8204//8126 8205//8126 8202//8126 8201//8126
f 8190//8127 8205//8127 8204//8127 8189//8127
f 8205//8128 8206//8128 8203//8128 8202//8128
f 8191//8129 8206//8129 8205//8129 8190//8129
f 8192//8130 8207//8130 8206//8130 8191//8130
f 8193//8131 8208//8131 8207//8131 8192//8131
f 8194//8132 8209//8132 8208//8132 8193//8132
f 7488//8133 8211//8133 8210//8133 7487//8133
f 8195//8134 8211//8134 7488//8134 7478//8134
f 8196//8135 8214//8135 8211//8135 8195//8135
f 8214//8136 8215//8136 8212//8136 8211//8136
f 8197//8137 8215//8137 8214//8137 8196//8137
f 8215//8138 8216//8138 8213//8138 8212//8138
f 8198//8139 8216//8139 8215//8139 8197//8139
f 8201//8140 8218//8140 8216//8140 8198//8140
f 8218//8141 8219//8141 8217//8141 8216//8141
f 8202//8142 8219//8142 8218//8142 8201//8142
f 8203//8143 8220//8143 8219//8143 8202//8143
f 8206//8144 8224//8144 8220//8144 8203//8144
f 8224//8145 8225//8145 8221//8145 8220//8145
f 8207//8146 8225//8146 8224//8146 8206//8146
f 8225//8147 8226//8147 8222//8147 8221//8147
f 8208//8148 8226//8148 8225//8148 8207//8148
f 8226//8149 8227//8149 8223//8149 8222//8149
f 8209//8150 8227//8150 8226//8150 8208//8150
f 7494//8151 8229//8151 8228//8151 7493//8151
f 8210//8152 8229//8152 7494//8152 7487//8152
f 8211//8153 8231//8153 8229//8153 8210//8153
f 8231//8154 8232//8154 8230//8154 8229//8154
f 8212//8155 8232//8155 8231//8155 8211//8155
f 8213//8156 8233//8156 8232//8156 8212//8156
f 8216//8157 8235//8157 8233//8157 8213//8157
f 8235//8158 8236//8158 8234//8158 8233//8158
f 8217//8159 8236//8159 8235//8159 8216//8159
f 8219//8160 8240//8160 8236//8160 8217//8160
f 8240//8161 8241//8161 8237//8161 8236//8161
f 8220//8162 8241//8162 8240//8162 8219//8162
f 8241//8163 8242//8163 8238//8163 8237//8163
f 8221//8164 8242//8164 8241//8164 8220//8164
f 8242//8165 8243//8165 8239//8165 8238//8165
f 8222//8166 8243//8166 8242//8166 8221//8166
f 8223//8167 8244//8167 8243//8167 8222//8167
f 7499//8168 8246//8168 8245//8168 7498//8168
f 8228//8169 8246//8169 7499//8169 7493//8169
f 8229//8170 8248//8170 8246//8170 8228//8170
f 8248//8171 8249//8171 8247//8171 8246//8171
f 8230//8172 8249//8172 8248//8172 8229//8172
f 8232//8173 8251//8173 8249//8173 8230//8173
f 8251//8174 8252//8174 8250//8174 8249//8174
f 8233//8175 8252//8175 8251//8175 8232//8175
f 8234//8176 8253//8176 8252//8176 8233//8176
f 8236//8177 8255//8177 8253//8177 8234//8177
f 8255//8178 8256//8178 8254//8178 8253//8178
f 8237//8179 8256//8179 8255//8179 8236//8179
f 8238//8180 8257//8180 8256//8180 8237//8180
f 8239//8181 8258//8181 8257//8181 8238//8181
f 8243//8182 8260//8182 8258//8182 8239//8182
f 8260//8183 8261//8183 8259//8183 8258//8183
f 8244//8184 8261//8184 8260//8184 8243//8184
f 8245//8185 8262//8185 7502//8185 7498//8185
f 8246//8186 8263//8186 8262//8186 8245//8186
f 8247//8187 8264//8187 8263//8187 8246//8187
f 8249//8188 8266//8188 8264//8188 8247//8188
f 8266//8189 8267//8189 8265//8189 8264//8189
f 8250//8190 8267//8190 8266//8190 8249//8190
f 8252//8191 8269//8191 8267//8191 8250//8191
f 8269//8192 8270//8192 8268//8192 8267//8192
f 8253//8193 8270//8193 8269//8193 8252//8193
f 8254//8194 8271//8194 8270//8194 8253//8194
f 8256//8195 8275//8195 8271//8195 8254//8195
f 8275//8196 8276//8196 8272//8196 8271//8196
f 8257//8197 8276//8197 8275//8197 8256//8197
f 8276//8198 8277//8198 8273//8198 8272//8198
f 8258//8199 8277//8199 8276//8199 8257//8199
f 8277//8200 8278//8200 8274//8200 8273//8200
f 8259//8201 8278//8201 8277//8201 8258//8201
f 7745//8202 8283//8202 8282//8202 7744//8202
f 8283//8203 8284//8203 8280//8203 8279//8203
f 7746//8204 8284//8204 8283//8204 7745//8204
f 8284//8205 7746//8205 7743//8205 8280//8205
f 8280//8206 8288//8206 8287//8206 8279//8206
f 8282//8207 8291//8207 8290//8207 8281//8207
f 8291//8208 8292//8208 8287//8208 8286//8208
f 8283//8209 8292//8209 8291//8209 8282//8209
f 8292//8210 8283//8210 8279//8210 8287//8210
f 8287//8211 8297//8211 8296//8211 8286//8211
f 8297//8212 8298//8212 8294//8212 8293//8212
f 8288//8213 8298//8213 8297//8213 8287//8213
f 8298//8214 8288//8214 8285//8214 8294//8214
f 8290//8215 8303//8215 8302//8215 8289//8215
f 8303//8216 8304//8216 8296//8216 8295//8216
f 8291//8217 8304//8217 8303//8217 8290//8217
f 8304//8218 8291//8218 8286//8218 8296//8218
f 8294//8219 8308//8219 8307//8219 8293//8219
f 8296//8220 8311//8220 8310//8220 8295//8220
f 8311//8221 8312//8221 8307//8221 8306//8221
f 8297//8222 8312//8222 8311//8222 8296//8222
f 8312//8223 8297//8223 8293//8223 8307//8223
f 8299//8224 8313//8224 8209//8224 8194//8224
f 8300//8225 8314//8225 8313//8225 8299//8225
f 8301//8226 8315//8226 8314//8226 8300//8226
f 8302//8227 8316//8227 8315//8227 8301//8227
f 8316//8228 8317//8228 8310//8228 8309//8228
f 8303//8229 8317//8229 8316//8229 8302//8229
f 8317//8230 8303//8230 8295//8230 8310//8230
f 8307//8231 8323//8231 8322//8231 8306//8231
f 8323//8232 8324//8232 8320//8232 8319//8232
f 8308//8233 8324//8233 8323//8233 8307//8233
f 8324//8234 8308//8234 8305//8234 8320//8234
f 8310//8235 8329//8235 8328//8235 8309//8235
f 8329//8236 8330//8236 8322//8236 8321//8236
f 8311//8237 8330//8237 8329//8237 8310//8237
f 8330//8238 8311//8238 8306//8238 8322//8238
f 8227//8239 8331//8239 8325//8239 8223//8239
f 8313//8240 8331//8240 8227//8240 8209//8240
f 8331//8241 8332//8241 8326//8241 8325//8241
f 8314//8242 8332//8242 8331//8242 8313//8242
f 8332//8243 8333//8243 8327//8243 8326//8243
f 8315//8244 8333//8244 8332//8244 8314//8244
f 8333//8245 8334//8245 8328//8245 8327//8245
f 8316//8246 8334//8246 8333//8246 8315//8246
f 8334//8247 8316//8247 8309//8247 8328//8247
f 8320//8248 8338//8248 8337//8248 8319//8248
f 8338//8249 8320//8249 8318//8249 8335//8249
f 8322//8250 8342//8250 8341//8250 8321//8250
f 8342//8251 8343//8251 8337//8251 8336//8251
f 8323//8252 8343//8252 8342//8252 8322//8252
f 8343//8253 8323//8253 8319//8253 8337//8253
f 8325//8254 8344//8254 8244//8254 8223//8254
f 8326//8255 8345//8255 8344//8255 8325//8255
f 8327//8256 8346//8256 8345//8256 8326//8256
f 8346//8257 8347//8257 8340//8257 8339//8257
f 8328//8258 8347//8258 8346//8258 8327//8258
f 8347//8259 8348//8259 8341//8259 8340//8259
f 8329//8260 8348//8260 8347//8260 8328//8260
f 8348//8261 8329//8261 8321//8261 8341//8261
f 8355//8262 8356//8262 8351//8262 8350//8262
f 8337//8263 8356//8263 8355//8263 8336//8263
f 8356//8264 8357//8264 8352//8264 8351//8264
f 8338//8265 8357//8265 8356//8265 8337//8265
f 8357//8266 8338//8266 8335//8266 8352//8266
f 8340//8267 8361//8267 8360//8267 8339//8267
f 8361//8268 8362//8268 8354//8268 8353//8268
f 8341//8269 8362//8269 8361//8269 8340//8269
f 8362//8270 8363//8270 8355//8270 8354//8270
f 8342//8271 8363//8271 8362//8271 8341//8271
f 8363//8272 8342//8272 8336//8272 8355//8272
f 8261//8273 8364//8273 8358//8273 8259//8273
f 8344//8274 8364//8274 8261//8274 8244//8274
f 8364//8275 8365//8275 8359//8275 8358//8275
f 8345//8276 8365//8276 8364//8276 8344//8276
f 8365//8277 8366//8277 8360//8277 8359//8277
f 8346//8278 8366//8278 8365//8278 8345//8278
f 8366//8279 8346//8279 8339//8279 8360//8279
f 8351//8280 8372//8280 8371//8280 8350//8280
f 8372//8281 8373//8281 8369//8281 8368//8281
f 8352//8282 8373//8282 8372//8282 8351//8282
f 8373//8283 8352//8283 8349//8283 8369//8283
f 8354//8284 8378//8284 8377//8284 8353//8284
f 8378//8285 8379//8285 8371//8285 8370//8285
f 8355//8286 8379//8286 8378//8286 8354//8286
f 8379//8287 8355//8287 8350//8287 8371//8287
f 8278//8288 8380//8288 8374//8288 8274//8288
f 8358//8289 8380//8289 8278//8289 8259//8289
f 8380//8290 8381//8290 8375//8290 8374//8290
f 8359//8291 8381//8291 8380//8291 8358//8291
f 8381//8292 8382//8292 8376//8292 8375//8292
f 8360//8293 8382//8293 8381//8293 8359//8293
f 8382//8294 8383//8294 8377//8294 8376//8294
f 8361//8295 8383//8295 8382//8295 8360//8295
f 8383//8296 8361//8296 8353//8296 8377//8296
f 7854//8297 8385//8297 8384//8297 7853//8297
f 8385//8298 7854//8298 7734//8298 8071//8298
f 8386//8299 7855//8299 7853//8299 8384//8299
f 7858//8300 8388//8300 8387//8300 7857//8300
f 8388//8301 7858//8301 7855//8301 8386//8301
f 7860//8302 8390//8302 8389//8302 7859//8302
f 8390//8303 7860//8303 7857//8303 8387//8303
f 7863//8304 8392//8304 8391//8304 7862//8304
f 8392//8305 7863//8305 7859//8305 8389//8305
f 7866//8306 8394//8306 8393//8306 7865//8306
f 8394//8307 7866//8307 7862//8307 8391//8307
f 7868//8308 8395//8308 8280//8308 7743//8308
f 8395//8309 7868//8309 7865//8309 8393//8309
f 8396//8310 8397//8310 8085//8310 8084//8310
f 8385//8311 8397//8311 8396//8311 8384//8311
f 8397//8312 8385//8312 8071//8312 8085//8312
f 8399//8313 8386//8313 8384//8313 8396//8313
f 8400//8314 8401//8314 8399//8314 8398//8314
f 8388//8315 8401//8315 8400//8315 8387//8315
f 8401//8316 8388//8316 8386//8316 8399//8316
f 8390//8317 8404//8317 8403//8317 8389//8317
f 8404//8318 8390//8318 8387//8318 8400//8318
f 8406//8319 8407//8319 8403//8319 8402//8319
f 8392//8320 8407//8320 8406//8320 8391//8320
f 8407//8321 8392//8321 8389//8321 8403//8321
f 8408//8322 8409//8322 8406//8322 8405//8322
f 8394//8323 8409//8323 8408//8323 8393//8323
f 8409//8324 8394//8324 8391//8324 8406//8324
f 8288//8325 8410//8325 8408//8325 8285//8325
f 8395//8326 8410//8326 8288//8326 8280//8326
f 8410//8327 8395//8327 8393//8327 8408//8327
f 8412//8328 8396//8328 8084//8328 8097//8328
f 8413//8329 8414//8329 8412//8329 8411//8329
f 8399//8330 8414//8330 8413//8330 8398//8330
f 8414//8331 8399//8331 8396//8331 8412//8331
f 8416//8332 8400//8332 8398//8332 8413//8332
f 8403//8333 8418//8333 8417//8333 8402//8333
f 8418//8334 8419//8334 8416//8334 8415//8334
f 8404//8335 8419//8335 8418//8335 8403//8335
f 8419//8336 8404//8336 8400//8336 8416//8336
f 8406//8337 8421//8337 8420//8337 8405//8337
f 8421//8338 8406//8338 8402//8338 8417//8338
f 8408//8339 8422//8339 8294//8339 8285//8339
f 8422//8340 8408//8340 8405//8340 8420//8340
f 8423//8341 8424//8341 8112//8341 8111//8341
f 8412//8342 8424//8342 8423//8342 8411//8342
f 8424//8343 8412//8343 8097//8343 8112//8343
f 8426//8344 8413//8344 8411//8344 8423//8344
f 8428//8345 8429//8345 8426//8345 8425//8345
f 8416//8346 8429//8346 8428//8346 8415//8346
f 8429//8347 8416//8347 8413//8347 8426//8347
f 8431//8348 8432//8348 8428//8348 8427//8348
f 8418//8349 8432//8349 8431//8349 8417//8349
f 8432//8350 8418//8350 8415//8350 8428//8350
f 8433//8351 8434//8351 8431//8351 8430//8351
f 8421//8352 8434//8352 8433//8352 8420//8352
f 8434//8353 8421//8353 8417//8353 8431//8353
f 8308//8354 8435//8354 8433//8354 8305//8354
f 8422//8355 8435//8355 8308//8355 8294//8355
f 8435//8356 8422//8356 8420//8356 8433//8356
f 8437//8357 8423//8357 8111//8357 8124//8357
f 8438//8358 8439//8358 8437//8358 8436//8358
f 8426//8359 8439//8359 8438//8359 8425//8359
f 8439//8360 8426//8360 8423//8360 8437//8360
f 8428//8361 8441//8361 8440//8361 8427//8361
f 8441//8362 8428//8362 8425//8362 8438//8362
f 8431//8363 8443//8363 8442//8363 8430//8363
f 8443//8364 8431//8364 8427//8364 8440//8364
f 8320//8365 8444//8365 8442//8365 8318//8365
f 8433//8366 8444//8366 8320//8366 8305//8366
f 8444//8367 8433//8367 8430//8367 8442//8367
f 8445//8368 8446//8368 8141//8368 8140//8368
f 8437//8369 8446//8369 8445//8369 8436//8369
f 8446//8370 8437//8370 8124//8370 8141//8370
f 8448//8371 8438//8371 8436//8371 8445//8371
f 8450//8372 8451//8372 8448//8372 8447//8372
f 8441//8373 8451//8373 8450//8373 8440//8373
f 8451//8374 8441//8374 8438//8374 8448//8374
f 8442//8375 8452//8375 8335//8375 8318//8375
f 8452//8376 8453//8376 8450//8376 8449//8376
f 8443//8377 8453//8377 8452//8377 8442//8377
f 8453//8378 8443//8378 8440//8378 8450//8378
f 8455//8379 8445//8379 8140//8379 8156//8379
f 8457//8380 8458//8380 8455//8380 8454//8380
f 8448//8381 8458//8381 8457//8381 8447//8381
f 8458//8382 8448//8382 8445//8382 8455//8382
f 8459//8383 8460//8383 8457//8383 8456//8383
f 8450//8384 8460//8384 8459//8384 8449//8384
f 8460//8385 8450//8385 8447//8385 8457//8385
f 8352//8386 8461//8386 8459//8386 8349//8386
f 8452//8387 8461//8387 8352//8387 8335//8387
f 8461//8388 8452//8388 8449//8388 8459//8388
f 8463//8389 8464//8389 8172//8389 8171//8389
f 8455//8390 8464//8390 8463//8390 8454//8390
f 8464//8391 8455//8391 8156//8391 8172//8391
f 8465//8392 8466//8392 8463//8392 8462//8392
f 8457//8393 8466//8393 8465//8393 8456//8393
f 8466//8394 8457//8394 8454//8394 8463//8394
f 8369//8395 8467//8395 8465//8395 8367//8395
f 8459//8396 8467//8396 8369//8396 8349//8396
f 8467//8397 8459//8397 8456//8397 8465//8397
f 7954//8398 8468//8398 8175//8398 7738//8398
f 8468//8399 8469//8399 8176//8399 8175//8399
f 7955//8400 8469//8400 8468//8400 7954//8400
f 7956//8401 8470//8401 8469//8401 7955//8401
f 7957//8402 8471//8402 8470//8402 7956//8402
f 7960//8403 8475//8403 8471//8403 7957//8403
f 8475//8404 8476//8404 8472//8404 8471//8404
f 7961//8405 8476//8405 8475//8405 7960//8405
f 8476//8406 8477//8406 8473//8406 8472//8406
f 7962//8407 8477//8407 8476//8407 7961//8407
f 8477//8408 8478//8408 8474//8408 8473//8408
f 7963//8409 8478//8409 8477//8409 7962//8409
f 8469//8410 8479//8410 8181//8410 8176//8410
f 8479//8411 8480//8411 8182//8411 8181//8411
f 8470//8412 8480//8412 8479//8412 8469//8412
f 8480//8413 8481//8413 8183//8413 8182//8413
f 8471//8414 8481//8414 8480//8414 8470//8414
f 8472//8415 8482//8415 8481//8415 8471//8415
f 8473//8416 8483//8416 8482//8416 8472//8416
f 8474//8417 8484//8417 8483//8417 8473//8417
f 8481//8418 8485//8418 8191//8418 8183//8418
f 8485//8419 8486//8419 8192//8419 8191//8419
f 8482//8420 8486//8420 8485//8420 8481//8420
f 8486//8421 8487//8421 8193//8421 8192//8421
f 8483//8422 8487//8422 8486//8422 8482//8422
f 8487//8423 8488//8423 8194//8423 8193//8423
f 8484//8424 8488//8424 8487//8424 8483//8424
f 8048//8425 8493//8425 8492//8425 8047//8425
f 8493//8426 8494//8426 8282//8426 8281//8426
f 8049//8427 8494//8427 8493//8427 8048//8427
f 8494//8428 8049//8428 7744//8428 8282//8428
f 8478//8429 8495//8429 8489//8429 8474//8429
f 8051//8430 8495//8430 8478//8430 7963//8430
f 8495//8431 8496//8431 8490//8431 8489//8431
f 8052//8432 8496//8432 8495//8432 8051//8432
f 8496//8433 8497//8433 8491//8433 8490//8433
f 8053//8434 8497//8434 8496//8434 8052//8434
f 8497//8435 8498//8435 8492//8435 8491//8435
f 8054//8436 8498//8436 8497//8436 8053//8436
f 8498//8437 8054//8437 8047//8437 8492//8437
f 8489//8438 8499//8438 8484//8438 8474//8438
f 8490//8439 8500//8439 8499//8439 8489//8439
f 8491//8440 8501//8440 8500//8440 8490//8440
f 8492//8441 8502//8441 8501//8441 8491//8441
f 8502//8442 8503//8442 8290//8442 8289//8442
f 8493//8443 8503//8443 8502//8443 8492//8443
f 8503//8444 8493//8444 8281//8444 8290//8444
f 8488//8445 8504//8445 8299//8445 8194//8445
f 8499//8446 8504//8446 8488//8446 8484//8446
f 8504//8447 8505//8447 8300//8447 8299//8447
f 8500//8448 8505//8448 8504//8448 8499//8448
f 8505//8449 8506//8449 8301//8449 8300//8449
f 8501//8450 8506//8450 8505//8450 8500//8450
f 8506//8451 8507//8451 8302//8451 8301//8451
f 8502//8452 8507//8452 8506//8452 8501//8452
f 8507//8453 8502//8453 8289//8453 8302//8453
f 7516//8454 8508//8454 6864//8454 5646//8454
f 8509//8455 8508//8455 7516//8455 7529//8455
f 8508//8456 8509//8456 6885//8456 6864//8456
f 8509//8457 8510//8457 6886//8457 6885//8457
f 7530//8458 8511//8458 8509//8458 7529//8458
f 8511//8459 8512//8459 8510//8459 8509//8459
f 7531//8460 8514//8460 8511//8460 7530//8460
f 8514//8461 8515//8461 8512//8461 8511//8461
f 8515//8462 8516//8462 8513//8462 8512//8462
f 7534//8463 8517//8463 8514//8463 7531//8463
f 8517//8464 8518//8464 8515//8464 8514//8464
f 8518//8465 8519//8465 8516//8465 8515//8465
f 7537//8466 8520//8466 8517//8466 7534//8466
f 8520//8467 8521//8467 8518//8467 8517//8467
f 8521//8468 8522//8468 8519//8468 8518//8468
f 8523//8469 8524//8469 8521//8469 8520//8469
f 8524//8470 8525//8470 8522//8470 8521//8470
f 8510//8471 8526//8471 6922//8471 6886//8471
f 8526//8472 8527//8472 6923//8472 6922//8472
f 8527//8473 8528//8473 6924//8473 6923//8473
f 8528//8474 8529//8474 6925//8474 6924//8474
f 8512//8475 8530//8475 8526//8475 8510//8475
f 8530//8476 8531//8476 8527//8476 8526//8476
f 8513//8477 8531//8477 8530//8477 8512//8477
f 8531//8478 8532//8478 8528//8478 8527//8478
f 8532//8479 8533//8479 8529//8479 8528//8479
f 8516//8480 8535//8480 8531//8480 8513//8480
f 8535//8481 8536//8481 8532//8481 8531//8481
f 8536//8482 8537//8482 8533//8482 8532//8482
f 8537//8483 8538//8483 8534//8483 8533//8483
f 8519//8484 8539//8484 8535//8484 8516//8484
f 8539//8485 8540//8485 8536//8485 8535//8485
f 8540//8486 8541//8486 8537//8486 8536//8486
f 8541//8487 8542//8487 8538//8487 8537//8487
f 8543//8488 8520//8488 7537//8488 7545//8488
f 8522//8489 8544//8489 8539//8489 8519//8489
f 8544//8490 8545//8490 8540//8490 8539//8490
f 8545//8491 8546//8491 8541//8491 8540//8491
f 7547//8492 8547//8492 8543//8492 7545//8492
f 8547//8493 8523//8493 8520//8493 8543//8493
f 8548//8494 8524//8494 8523//8494 8547//8494
f 8549//8495 8525//8495 8524//8495 8548//8495
f 8525//8496 8549//8496 8544//8496 8522//8496
f 8549//8497 8550//8497 8545//8497 8544//8497
f 8550//8498 8551//8498 8546//8498 8545//8498
f 8552//8499 8553//8499 8548//8499 8547//8499
f 8553//8500 8554//8500 8549//8500 8548//8500
f 8554//8501 8555//8501 8550//8501 8549//8501
f 8556//8502 8557//8502 8555//8502 8554//8502
f 8529//8503 8558//8503 6937//8503 6925//8503
f 8558//8504 8559//8504 6938//8504 6937//8504
f 8559//8505 8560//8505 6939//8505 6938//8505
f 8560//8506 8561//8506 6940//8506 6939//8506
f 8533//8507 8562//8507 8558//8507 8529//8507
f 8562//8508 8563//8508 8559//8508 8558//8508
f 8534//8509 8563//8509 8562//8509 8533//8509
f 8563//8510 8564//8510 8560//8510 8559//8510
f 8564//8511 8565//8511 8561//8511 8560//8511
f 8538//8512 8566//8512 8563//8512 8534//8512
f 8566//8513 8567//8513 8564//8513 8563//8513
f 8567//8514 8568//8514 8565//8514 8564//8514
f 8570//8515 8542//8515 8541//8515 8569//8515
f 8542//8516 8570//8516 8566//8516 8538//8516
f 8570//8517 8571//8517 8567//8517 8566//8517
f 8571//8518 8572//8518 8568//8518 8567//8518
f 8546//8519 8573//8519 8569//8519 8541//8519
f 8573//8520 8574//8520 8570//8520 8569//8520
f 8574//8521 8575//8521 8571//8521 8570//8521
f 8575//8522 8576//8522 8572//8522 8571//8522
f 8577//8523 8547//8523 7547//8523 7556//8523
f 8579//8524 8551//8524 8550//8524 8578//8524
f 8551//8525 8579//8525 8573//8525 8546//8525
f 8579//8526 8580//8526 8574//8526 8573//8526
f 8580//8527 8581//8527 8575//8527 8574//8527
f 7558//8528 8582//8528 8577//8528 7556//8528
f 8582//8529 8552//8529 8547//8529 8577//8529
f 8583//8530 8553//8530 8552//8530 8582//8530
f 8584//8531 8554//8531 8553//8531 8583//8531
f 8555//8532 8585//8532 8578//8532 8550//8532
f 8585//8533 8586//8533 8579//8533 8578//8533
f 8586//8534 8587//8534 8580//8534 8579//8534
f 8588//8535 8589//8535 8583//8535 8582//8535
f 8589//8536 8590//8536 8584//8536 8583//8536
f 8590//8537 8556//8537 8554//8537 8584//8537
f 8591//8538 8557//8538 8556//8538 8590//8538
f 8557//8539 8591//8539 8585//8539 8555//8539
f 8591//8540 8592//8540 8586//8540 8585//8540
f 8594//8541 8576//8541 8575//8541 8593//8541
f 8596//8542 8581//8542 8580//8542 8595//8542
f 8581//8543 8596//8543 8593//8543 8575//8543
f 8596//8544 8597//8544 8594//8544 8593//8544
f 8598//8545 8582//8545 7558//8545 7567//8545
f 8600//8546 8587//8546 8586//8546 8599//8546
f 8587//8547 8600//8547 8595//8547 8580//8547
f 8600//8548 8601//8548 8596//8548 8595//8548
f 8601//8549 8602//8549 8597//8549 8596//8549
f 7570//8550 8603//8550 8598//8550 7567//8550
f 8603//8551 8588//8551 8582//8551 8598//8551
f 8604//8552 8589//8552 8588//8552 8603//8552
f 8605//8553 8590//8553 8589//8553 8604//8553
f 8606//8554 8591//8554 8590//8554 8605//8554
f 8607//8555 8592//8555 8591//8555 8606//8555
f 8592//8556 8607//8556 8599//8556 8586//8556
f 8607//8557 8608//8557 8600//8557 8599//8557
f 8611//8558 8601//8558 8600//8558 8610//8558
f 8612//8559 8602//8559 8601//8559 8611//8559
f 8602//8560 8612//8560 8609//8560 8597//8560
f 8613//8561 8603//8561 7570//8561 7577//8561
f 8615//8562 8608//8562 8607//8562 8614//8562
f 8608//8563 8615//8563 8610//8563 8600//8563
f 8615//8564 8616//8564 8611//8564 8610//8564
f 8616//8565 8617//8565 8612//8565 8611//8565
f 8619//8566 8613//8566 7577//8566 7585//8566
f 8621//8567 8616//8567 8615//8567 8620//8567
f 8622//8568 8617//8568 8616//8568 8621//8568
f 8617//8569 8622//8569 8618//8569 8612//8569
f 8628//8570 8629//8570 6999//8570 6998//8570
f 8629//8571 8623//8571 6973//8571 6999//8571
f 8630//8572 8631//8572 8629//8572 8628//8572
f 8632//8573 8633//8573 8631//8573 8630//8573
f 8634//8574 8635//8574 8633//8574 8632//8574
f 8636//8575 8637//8575 8635//8575 8634//8575
f 8638//8576 8639//8576 8637//8576 8636//8576
f 8641//8577 8642//8577 8639//8577 8638//8577
f 8642//8578 8625//8578 8624//8578 8639//8578
f 8644//8579 8645//8579 8641//8579 8640//8579
f 8645//8580 8646//8580 8642//8580 8641//8580
f 8627//8581 8646//8581 8645//8581 8626//8581
f 8646//8582 8627//8582 8625//8582 8642//8582
f 8647//8583 8648//8583 7027//8583 7026//8583
f 8648//8584 8649//8584 7028//8584 7027//8584
f 8649//8585 8650//8585 7029//8585 7028//8585
f 8650//8586 8628//8586 6998//8586 7029//8586
f 8651//8587 8652//8587 8649//8587 8648//8587
f 8652//8588 8653//8588 8650//8588 8649//8588
f 8653//8589 8630//8589 8628//8589 8650//8589
f 8654//8590 8655//8590 8652//8590 8651//8590
f 8655//8591 8656//8591 8653//8591 8652//8591
f 8656//8592 8632//8592 8630//8592 8653//8592
f 8658//8593 8659//8593 8655//8593 8654//8593
f 8659//8594 8660//8594 8656//8594 8655//8594
f 8660//8595 8634//8595 8632//8595 8656//8595
f 8661//8596 8662//8596 8658//8596 8657//8596
f 8662//8597 8663//8597 8659//8597 8658//8597
f 8663//8598 8664//8598 8660//8598 8659//8598
f 8664//8599 8636//8599 8634//8599 8660//8599
f 8666//8600 8667//8600 8662//8600 8661//8600
f 8667//8601 8668//8601 8663//8601 8662//8601
f 8668//8602 8669//8602 8664//8602 8663//8602
f 8669//8603 8638//8603 8636//8603 8664//8603
f 8671//8604 8672//8604 8666//8604 8665//8604
f 8672//8605 8673//8605 8667//8605 8666//8605
f 8673//8606 8674//8606 8668//8606 8667//8606
f 8674//8607 8675//8607 8669//8607 8668//8607
f 8641//8608 8675//8608 8674//8608 8640//8608
f 8675//8609 8641//8609 8638//8609 8669//8609
f 8676//8610 8677//8610 8671//8610 8670//8610
f 8677//8611 8678//8611 8672//8611 8671//8611
f 8678//8612 8679//8612 8673//8612 8672//8612
f 8679//8613 8680//8613 8674//8613 8673//8613
f 8644//8614 8680//8614 8679//8614 8643//8614
f 8680//8615 8644//8615 8640//8615 8674//8615
f 8561//8616 8681//8616 7039//8616 6940//8616
f 8681//8617 8682//8617 7040//8617 7039//8617
f 8682//8618 8683//8618 7041//8618 7040//8618
f 8683//8619 8684//8619 7042//8619 7041//8619
f 8684//8620 8647//8620 7026//8620 7042//8620
f 8685//8621 8648//8621 8647//8621 8684//8621
f 8565//8622 8686//8622 8681//8622 8561//8622
f 8686//8623 8687//8623 8682//8623 8681//8623
f 8687//8624 8688//8624 8683//8624 8682//8624
f 8688//8625 8689//8625 8684//8625 8683//8625
f 8689//8626 8690//8626 8685//8626 8684//8626
f 8690//8627 8651//8627 8648//8627 8685//8627
f 8568//8628 8691//8628 8686//8628 8565//8628
f 8691//8629 8692//8629 8687//8629 8686//8629
f 8692//8630 8693//8630 8688//8630 8687//8630
f 8693//8631 8694//8631 8689//8631 8688//8631
f 8694//8632 8695//8632 8690//8632 8689//8632
f 8695//8633 8654//8633 8651//8633 8690//8633
f 8572//8634 8696//8634 8691//8634 8568//8634
f 8696//8635 8697//8635 8692//8635 8691//8635
f 8697//8636 8698//8636 8693//8636 8692//8636
f 8698//8637 8699//8637 8694//8637 8693//8637
f 8699//8638 8700//8638 8695//8638 8694//8638
f 8658//8639 8700//8639 8699//8639 8657//8639
f 8700//8640 8658//8640 8654//8640 8695//8640
f 8576//8641 8701//8641 8696//8641 8572//8641
f 8701//8642 8702//8642 8697//8642 8696//8642
f 8702//8643 8703//8643 8698//8643 8697//8643
f 8703//8644 8704//8644 8699//8644 8698//8644
f 8704//8645 8661//8645 8657//8645 8699//8645
f 8705//8646 8706//8646 8703//8646 8702//8646
f 8706//8647 8707//8647 8704//8647 8703//8647
f 8666//8648 8707//8648 8706//8648 8665//8648
f 8707//8649 8666//8649 8661//8649 8704//8649
f 8709//8650 8710//8650 8706//8650 8705//8650
f 8671//8651 8710//8651 8709//8651 8670//8651
f 8710//8652 8671//8652 8665//8652 8706//8652
f 8711//8653 8712//8653 8709//8653 8708//8653
f 8712//8654 8676//8654 8670//8654 8709//8654
f 8713//8655 8701//8655 8576//8655 8594//8655
f 8714//8656 8702//8656 8701//8656 8713//8656
f 8597//8657 8715//8657 8713//8657 8594//8657
f 8715//8658 8716//8658 8714//8658 8713//8658
f 8716//8659 8705//8659 8702//8659 8714//8659
f 8709//8660 8718//8660 8717//8660 8708//8660
f 8718//8661 8709//8661 8705//8661 8716//8661
f 8719//8662 8711//8662 8708//8662 8717//8662
f 8720//8663 8719//8663 8717//8663 8718//8663
f 8721//8664 8715//8664 8597//8664 8609//8664
f 8722//8665 8716//8665 8715//8665 8721//8665
f 8612//8666 8723//8666 8721//8666 8609//8666
f 8723//8667 8724//8667 8722//8667 8721//8667
f 8724//8668 8718//8668 8716//8668 8722//8668
f 8726//8669 8720//8669 8718//8669 8724//8669
f 8727//8670 8726//8670 8724//8670 8725//8670
f 8728//8671 8723//8671 8612//8671 8618//8671
f 8729//8672 8724//8672 8723//8672 8728//8672
f 8730//8673 8725//8673 8724//8673 8729//8673
f 8622//8674 8731//8674 8728//8674 8618//8674
f 8727//8675 8733//8675 8732//8675 8726//8675
f 8733//8676 8727//8676 8725//8676 8730//8676
f 8734//8677 8735//8677 7048//8677 7047//8677
f 8735//8678 8158//8678 6636//8678 7048//8678
f 8736//8679 8159//8679 8158//8679 8735//8679
f 8737//8680 8738//8680 8736//8680 8735//8680
f 8738//8681 8160//8681 8159//8681 8736//8681
f 8739//8682 8740//8682 8738//8682 8737//8682
f 8740//8683 8161//8683 8160//8683 8738//8683
f 8741//8684 8742//8684 8740//8684 8739//8684
f 8742//8685 8163//8685 8161//8685 8740//8685
f 8743//8686 8744//8686 8742//8686 8741//8686
f 8744//8687 8165//8687 8163//8687 8742//8687
f 8746//8688 8747//8688 8744//8688 8743//8688
f 8168//8689 8747//8689 8746//8689 8167//8689
f 8747//8690 8168//8690 8165//8690 8744//8690
f 8748//8691 8749//8691 8746//8691 8745//8691
f 8749//8692 8169//8692 8167//8692 8746//8692
f 8750//8693 8751//8693 8749//8693 8748//8693
f 8751//8694 8171//8694 8169//8694 8749//8694
f 8623//8695 8752//8695 7050//8695 6973//8695
f 8752//8696 8734//8696 7047//8696 7050//8696
f 8753//8697 8735//8697 8734//8697 8752//8697
f 8754//8698 8755//8698 8753//8698 8752//8698
f 8755//8699 8737//8699 8735//8699 8753//8699
f 8756//8700 8757//8700 8755//8700 8754//8700
f 8757//8701 8739//8701 8737//8701 8755//8701
f 8758//8702 8759//8702 8757//8702 8756//8702
f 8759//8703 8741//8703 8739//8703 8757//8703
f 8760//8704 8761//8704 8759//8704 8758//8704
f 8761//8705 8743//8705 8741//8705 8759//8705
f 8762//8706 8763//8706 8761//8706 8760//8706
f 8746//8707 8763//8707 8762//8707 8745//8707
f 8763//8708 8746//8708 8743//8708 8761//8708
f 8625//8709 8764//8709 8762//8709 8624//8709
f 8764//8710 8748//8710 8745//8710 8762//8710
f 8627//8711 8765//8711 8764//8711 8625//8711
f 8765//8712 8750//8712 8748//8712 8764//8712
f 8766//8713 8752//8713 8623//8713 8629//8713
f 8631//8714 8767//8714 8766//8714 8629//8714
f 8767//8715 8754//8715 8752//8715 8766//8715
f 8633//8716 8768//8716 8767//8716 8631//8716
f 8768//8717 8756//8717 8754//8717 8767//8717
f 8635//8718 8769//8718 8768//8718 8633//8718
f 8769//8719 8758//8719 8756//8719 8768//8719
f 8637//8720 8770//8720 8769//8720 8635//8720
f 8770//8721 8760//8721 8758//8721 8769//8721
f 8639//8722 8771//8722 8770//8722 8637//8722
f 8762//8723 8771//8723 8639//8723 8624//8723
f 8771//8724 8762//8724 8760//8724 8770//8724
f 8262//8725 8772//8725 7588//8725 7502//8725
f 8263//8726 8774//8726 8772//8726 8262//8726
f 8774//8727 8775//8727 8773//8727 8772//8727
f 8264//8728 8775//8728 8774//8728 8263//8728
f 8265//8729 8776//8729 8775//8729 8264//8729
f 8267//8730 8778//8730 8776//8730 8265//8730
f 8778//8731 8779//8731 8777//8731 8776//8731
f 8268//8732 8779//8732 8778//8732 8267//8732
f 8270//8733 8784//8733 8779//8733 8268//8733
f 8784//8734 8785//8734 8780//8734 8779//8734
f 8271//8735 8785//8735 8784//8735 8270//8735
f 8785//8736 8786//8736 8781//8736 8780//8736
f 8272//8737 8786//8737 8785//8737 8271//8737
f 8786//8738 8787//8738 8782//8738 8781//8738
f 8273//8739 8787//8739 8786//8739 8272//8739
f 8787//8740 8788//8740 8783//8740 8782//8740
f 8274//8741 8788//8741 8787//8741 8273//8741
f 7591//8742 8790//8742 8789//8742 7590//8742
f 8772//8743 8790//8743 7591//8743 7588//8743
f 8773//8744 8791//8744 8790//8744 8772//8744
f 8775//8745 8793//8745 8791//8745 8773//8745
f 8793//8746 8794//8746 8792//8746 8791//8746
f 8776//8747 8794//8747 8793//8747 8775//8747
f 8777//8748 8795//8748 8794//8748 8776//8748
f 8779//8749 8799//8749 8795//8749 8777//8749
f 8799//8750 8800//8750 8796//8750 8795//8750
f 8780//8751 8800//8751 8799//8751 8779//8751
f 8800//8752 8801//8752 8797//8752 8796//8752
f 8781//8753 8801//8753 8800//8753 8780//8753
f 8801//8754 8802//8754 8798//8754 8797//8754
f 8782//8755 8802//8755 8801//8755 8781//8755
f 8783//8756 8803//8756 8802//8756 8782//8756
f 8788//8757 8804//8757 8803//8757 8783//8757
f 8789//8758 8805//8758 7593//8758 7590//8758
f 8790//8759 8806//8759 8805//8759 8789//8759
f 8791//8760 8807//8760 8806//8760 8790//8760
f 8792//8761 8808//8761 8807//8761 8791//8761
f 8794//8762 8811//8762 8808//8762 8792//8762
f 8811//8763 8812//8763 8809//8763 8808//8763
f 8795//8764 8812//8764 8811//8764 8794//8764
f 8796//8765 8813//8765 8812//8765 8795//8765
f 8797//8766 8814//8766 8813//8766 8796//8766
f 8798//8767 8815//8767 8814//8767 8797//8767
f 8802//8768 8817//8768 8815//8768 8798//8768
f 8817//8769 8818//8769 8816//8769 8815//8769
f 8803//8770 8818//8770 8817//8770 8802//8770
f 8805//8771 8819//8771 7595//8771 7593//8771
f 8806//8772 8821//8772 8819//8772 8805//8772
f 8807//8773 8822//8773 8821//8773 8806//8773
f 8808//8774 8823//8774 8822//8774 8807//8774
f 8809//8775 8824//8775 8823//8775 8808//8775
f 8812//8776 8829//8776 8824//8776 8809//8776
f 8829//8777 8830//8777 8825//8777 8824//8777
f 8813//8778 8830//8778 8829//8778 8812//8778
f 8830//8779 8831//8779 8826//8779 8825//8779
f 8814//8780 8831//8780 8830//8780 8813//8780
f 8831//8781 8832//8781 8827//8781 8826//8781
f 8815//8782 8832//8782 8831//8782 8814//8782
f 8832//8783 8833//8783 8828//8783 8827//8783
f 8816//8784 8833//8784 8832//8784 8815//8784
f 8833//8785 8816//8785 8810//8785 8828//8785
f 8819//8786 8834//8786 7597//8786 7595//8786
f 8821//8787 8836//8787 8834//8787 8819//8787
f 8822//8788 8837//8788 8836//8788 8821//8788
f 8823//8789 8838//8789 8837//8789 8822//8789
f 8824//8790 8839//8790 8838//8790 8823//8790
f 8825//8791 8840//8791 8839//8791 8824//8791
f 8826//8792 8841//8792 8840//8792 8825//8792
f 8827//8793 8842//8793 8841//8793 8826//8793
f 8828//8794 8843//8794 8842//8794 8827//8794
f 8843//8795 8828//8795 8820//8795 8835//8795
f 8834//8796 8845//8796 7600//8796 7597//8796
f 8844//8797 8846//8797 8604//8797 8603//8797
f 8846//8798 8847//8798 8605//8798 8604//8798
f 8847//8799 8848//8799 8606//8799 8605//8799
f 8848//8800 8849//8800 8607//8800 8606//8800
f 8851//8801 7601//8801 7600//8801 8845//8801
f 8836//8802 8851//8802 8845//8802 8834//8802
f 8837//8803 8852//8803 8851//8803 8836//8803
f 8838//8804 8853//8804 8852//8804 8837//8804
f 8839//8805 8854//8805 8853//8805 8838//8805
f 8840//8806 8855//8806 8854//8806 8839//8806
f 8841//8807 8856//8807 8855//8807 8840//8807
f 8842//8808 8857//8808 8856//8808 8841//8808
f 8843//8809 8858//8809 8857//8809 8842//8809
f 8858//8810 8843//8810 8835//8810 8850//8810
f 8859//8811 8844//8811 8603//8811 8613//8811
f 8860//8812 8846//8812 8844//8812 8859//8812
f 8861//8813 8847//8813 8846//8813 8860//8813
f 8862//8814 8848//8814 8847//8814 8861//8814
f 8863//8815 8849//8815 8848//8815 8862//8815
f 8849//8816 8863//8816 8614//8816 8607//8816
f 8863//8817 8864//8817 8615//8817 8614//8817
f 8851//8818 8865//8818 7606//8818 7601//8818
f 8852//8819 8866//8819 8865//8819 8851//8819
f 8853//8820 8867//8820 8866//8820 8852//8820
f 8854//8821 8868//8821 8867//8821 8853//8821
f 8855//8822 8869//8822 8868//8822 8854//8822
f 8856//8823 8870//8823 8869//8823 8855//8823
f 8857//8824 8871//8824 8870//8824 8856//8824
f 8858//8825 8872//8825 8871//8825 8857//8825
f 8874//8826 8873//8826 8866//8826 8867//8826
f 8875//8827 8874//8827 8867//8827 8868//8827
f 8876//8828 8875//8828 8868//8828 8869//8828
f 8877//8829 8876//8829 8869//8829 8870//8829
f 8878//8830 8877//8830 8870//8830 8871//8830
f 8879//8831 8878//8831 8871//8831 8872//8831
f 8880//8832 8859//8832 8613//8832 8619//8832
f 8881//8833 8860//8833 8859//8833 8880//8833
f 8882//8834 8861//8834 8860//8834 8881//8834
f 8883//8835 8862//8835 8861//8835 8882//8835
f 8884//8836 8863//8836 8862//8836 8883//8836
f 8885//8837 8864//8837 8863//8837 8884//8837
f 8864//8838 8885//8838 8620//8838 8615//8838
f 8885//8839 8886//8839 8621//8839 8620//8839
f 8886//8840 8887//8840 8622//8840 8621//8840
f 8865//8841 8888//8841 7610//8841 7606//8841
f 8866//8842 8889//8842 8888//8842 8865//8842
f 8891//8843 7611//8843 7610//8843 8888//8843
f 8892//8844 8891//8844 8888//8844 8889//8844
f 8873//8845 8892//8845 8889//8845 8866//8845
f 8874//8846 8893//8846 8892//8846 8873//8846
f 8875//8847 8894//8847 8893//8847 8874//8847
f 8876//8848 8895//8848 8894//8848 8875//8848
f 8877//8849 8896//8849 8895//8849 8876//8849
f 8878//8850 8897//8850 8896//8850 8877//8850
f 8879//8851 8898//8851 8897//8851 8878//8851
f 8898//8852 8879//8852 8872//8852 8890//8852
f 8904//8853 8905//8853 8901//8853 8900//8853
f 8369//8854 8905//8854 8904//8854 8368//8854
f 8905//8855 8369//8855 8367//8855 8901//8855
f 8910//8856 8911//8856 8903//8856 8902//8856
f 8371//8857 8911//8857 8910//8857 8370//8857
f 8911//8858 8912//8858 8904//8858 8903//8858
f 8372//8859 8912//8859 8911//8859 8371//8859
f 8912//8860 8372//8860 8368//8860 8904//8860
f 8374//8861 8913//8861 8788//8861 8274//8861
f 8913//8862 8914//8862 8907//8862 8906//8862
f 8375//8863 8914//8863 8913//8863 8374//8863
f 8914//8864 8915//8864 8908//8864 8907//8864
f 8376//8865 8915//8865 8914//8865 8375//8865
f 8915//8866 8916//8866 8909//8866 8908//8866
f 8377//8867 8916//8867 8915//8867 8376//8867
f 8916//8868 8917//8868 8910//8868 8909//8868
f 8378//8869 8917//8869 8916//8869 8377//8869
f 8917//8870 8378//8870 8370//8870 8910//8870
f 8918//8871 8919//8871 8627//8871 8626//8871
f 8922//8872 8923//8872 8919//8872 8918//8872
f 8901//8873 8923//8873 8922//8873 8900//8873
f 8923//8874 8901//8874 8899//8874 8919//8874
f 8928//8875 8929//8875 8921//8875 8920//8875
f 8903//8876 8929//8876 8928//8876 8902//8876
f 8929//8877 8930//8877 8922//8877 8921//8877
f 8904//8878 8930//8878 8929//8878 8903//8878
f 8930//8879 8904//8879 8900//8879 8922//8879
f 8931//8880 8932//8880 8925//8880 8924//8880
f 8907//8881 8932//8881 8931//8881 8906//8881
f 8932//8882 8933//8882 8926//8882 8925//8882
f 8908//8883 8933//8883 8932//8883 8907//8883
f 8933//8884 8934//8884 8927//8884 8926//8884
f 8909//8885 8934//8885 8933//8885 8908//8885
f 8934//8886 8935//8886 8928//8886 8927//8886
f 8910//8887 8935//8887 8934//8887 8909//8887
f 8935//8888 8910//8888 8902//8888 8928//8888
f 8804//8889 8936//8889 8931//8889 8803//8889
f 8913//8890 8936//8890 8804//8890 8788//8890
f 8936//8891 8913//8891 8906//8891 8931//8891
f 8938//8892 8939//8892 8644//8892 8643//8892
f 8939//8893 8940//8893 8645//8893 8644//8893
f 8940//8894 8918//8894 8626//8894 8645//8894
f 8944//8895 8945//8895 8938//8895 8937//8895
f 8945//8896 8946//8896 8939//8896 8938//8896
f 8921//8897 8946//8897 8945//8897 8920//8897
f 8946//8898 8947//8898 8940//8898 8939//8898
f 8922//8899 8947//8899 8946//8899 8921//8899
f 8947//8900 8922//8900 8918//8900 8940//8900
f 8816//8901 8948//8901 8941//8901 8810//8901
f 8948//8902 8949//8902 8942//8902 8941//8902
f 8925//8903 8949//8903 8948//8903 8924//8903
f 8949//8904 8950//8904 8943//8904 8942//8904
f 8926//8905 8950//8905 8949//8905 8925//8905
f 8950//8906 8951//8906 8944//8906 8943//8906
f 8927//8907 8951//8907 8950//8907 8926//8907
f 8951//8908 8952//8908 8945//8908 8944//8908
f 8928//8909 8952//8909 8951//8909 8927//8909
f 8952//8910 8928//8910 8920//8910 8945//8910
f 8818//8911 8953//8911 8948//8911 8816//8911
f 8931//8912 8953//8912 8818//8912 8803//8912
f 8953//8913 8931//8913 8924//8913 8948//8913
f 8955//8914 8956//8914 8677//8914 8676//8914
f 8956//8915 8957//8915 8678//8915 8677//8915
f 8957//8916 8958//8916 8679//8916 8678//8916
f 8938//8917 8958//8917 8957//8917 8937//8917
f 8958//8918 8938//8918 8643//8918 8679//8918
f 8828//8919 8959//8919 8954//8919 8820//8919
f 8941//8920 8959//8920 8828//8920 8810//8920
f 8959//8921 8960//8921 8955//8921 8954//8921
f 8942//8922 8960//8922 8959//8922 8941//8922
f 8960//8923 8961//8923 8956//8923 8955//8923
f 8943//8924 8961//8924 8960//8924 8942//8924
f 8961//8925 8962//8925 8957//8925 8956//8925
f 8944//8926 8962//8926 8961//8926 8943//8926
f 8962//8927 8944//8927 8937//8927 8957//8927
f 8954//8928 8963//8928 8835//8928 8820//8928
f 8963//8929 8964//8929 8712//8929 8711//8929
f 8955//8930 8964//8930 8963//8930 8954//8930
f 8964//8931 8955//8931 8676//8931 8712//8931
f 8963//8932 8965//8932 8850//8932 8835//8932
f 8965//8933 8963//8933 8711//8933 8719//8933
f 8966//8934 8965//8934 8719//8934 8720//8934
f 8967//8935 8858//8935 8850//8935 8965//8935
f 8966//8936 8969//8936 8968//8936 8965//8936
f 8969//8937 8966//8937 8720//8937 8726//8937
f 8967//8938 8970//8938 8872//8938 8858//8938
f 8970//8939 8967//8939 8965//8939 8968//8939
f 8971//8940 8970//8940 8968//8940 8969//8940
f 8972//8941 8969//8941 8726//8941 8732//8941
f 8973//8942 8972//8942 8732//8942 8733//8942
f 8970//8943 8974//8943 8890//8943 8872//8943
f 8971//8944 8975//8944 8974//8944 8970//8944
f 8975//8945 8971//8945 8969//8945 8972//8945
f 8976//8946 8975//8946 8972//8946 8973//8946
f 8977//8947 8898//8947 8890//8947 8974//8947
f 8978//8948 8979//8948 8751//8948 8750//8948
f 8463//8949 8979//8949 8978//8949 8462//8949
f 8979//8950 8463//8950 8171//8950 8751//8950
f 8901//8951 8980//8951 8978//8951 8899//8951
f 8465//8952 8980//8952 8901//8952 8367//8952
f 8980//8953 8465//8953 8462//8953 8978//8953
f 8919//8954 8981//8954 8765//8954 8627//8954
f 8978//8955 8981//8955 8919//8955 8899//8955
f 8981//8956 8978//8956 8750//8956 8765//8956
f 8982//8957 8619//8957 7585//8957 7617//8957
f 8985//8958 8729//8958 8728//8958 8984//8958
f 8986//8959 8730//8959 8729//8959 8985//8959
f 8987//8960 8731//8960 8622//8960 8983//8960
f 8731//8961 8987//8961 8984//8961 8728//8961
f 8987//8962 8988//8962 8985//8962 8984//8962
f 8988//8963 8989//8963 8986//8963 8985//8963
f 8989//8964 8733//8964 8730//8964 8986//8964
f 8991//8965 8988//8965 8987//8965 8990//8965
f 8992//8966 8989//8966 8988//8966 8991//8966
f 8995//8967 8993//8967 8992//8967 8994//8967
f 7624//8968 8996//8968 8982//8968 7617//8968
f 8996//8969 8880//8969 8619//8969 8982//8969
f 8997//8970 8881//8970 8880//8970 8996//8970
f 8998//8971 8882//8971 8881//8971 8997//8971
f 8999//8972 8883//8972 8882//8972 8998//8972
f 9000//8973 8884//8973 8883//8973 8999//8973
f 9001//8974 8885//8974 8884//8974 9000//8974
f 9002//8975 8886//8975 8885//8975 9001//8975
f 9003//8976 8887//8976 8886//8976 9002//8976
f 8887//8977 9003//8977 8983//8977 8622//8977
f 9004//8978 9005//8978 8997//8978 8996//8978
f 9005//8979 9006//8979 8998//8979 8997//8979
f 9006//8980 9007//8980 8999//8980 8998//8980
f 9007//8981 9008//8981 9000//8981 8999//8981
f 9008//8982 9009//8982 9001//8982 9000//8982
f 9009//8983 9010//8983 9002//8983 9001//8983
f 9010//8984 9011//8984 9003//8984 9002//8984
f 8891//8985 9012//8985 7627//8985 7611//8985
f 8892//8986 9013//8986 9012//8986 8891//8986
f 8893//8987 9014//8987 9013//8987 8892//8987
f 8894//8988 9015//8988 9014//8988 8893//8988
f 8895//8989 9016//8989 9015//8989 8894//8989
f 8896//8990 9017//8990 9016//8990 8895//8990
f 8897//8991 9018//8991 9017//8991 8896//8991
f 8898//8992 9019//8992 9018//8992 8897//8992
f 9021//8993 9020//8993 9014//8993 9015//8993
f 9022//8994 9021//8994 9015//8994 9016//8994
f 9023//8995 9022//8995 9016//8995 9017//8995
f 9024//8996 9023//8996 9017//8996 9018//8996
f 9025//8997 8996//8997 7624//8997 7629//8997
f 9027//8998 9004//8998 8996//8998 9025//8998
f 9028//8999 9005//8999 9004//8999 9027//8999
f 9029//9000 9006//9000 9005//9000 9028//9000
f 9030//9001 9007//9001 9006//9001 9029//9001
f 9031//9002 9008//9002 9007//9002 9030//9002
f 9032//9003 9009//9003 9008//9003 9031//9003
f 9033//9004 9010//9004 9009//9004 9032//9004
f 9034//9005 9011//9005 9010//9005 9033//9005
f 9011//9006 9034//9006 9026//9006 9003//9006
f 9012//9007 9035//9007 7633//9007 7627//9007
f 9013//9008 9036//9008 9035//9008 9012//9008
f 9014//9009 9037//9009 9036//9009 9013//9009
f 9019//9010 9039//9010 9038//9010 9018//9010
f 9041//9011 9040//9011 9035//9011 9036//9011
f 9042//9012 9041//9012 9036//9012 9037//9012
f 9020//9013 9042//9013 9037//9013 9014//9013
f 9021//9014 9043//9014 9042//9014 9020//9014
f 9022//9015 9044//9015 9043//9015 9021//9015
f 9023//9016 9045//9016 9044//9016 9022//9016
f 9024//9017 9046//9017 9045//9017 9023//9017
f 9046//9018 9024//9018 9018//9018 9038//9018
f 9047//9019 9046//9019 9038//9019 9039//9019
f 9048//9020 9025//9020 7629//9020 7635//9020
f 9049//9021 9027//9021 9025//9021 9048//9021
f 9050//9022 9028//9022 9027//9022 9049//9022
f 9051//9023 9029//9023 9028//9023 9050//9023
f 9052//9024 9030//9024 9029//9024 9051//9024
f 9053//9025 9031//9025 9030//9025 9052//9025
f 9054//9026 9032//9026 9031//9026 9053//9026
f 9055//9027 9033//9027 9032//9027 9054//9027
f 9056//9028 9034//9028 9033//9028 9055//9028
f 9035//9029 9057//9029 7638//9029 7633//9029
f 9058//9030 9059//9030 9051//9030 9050//9030
f 9059//9031 9060//9031 9052//9031 9051//9031
f 9060//9032 9061//9032 9053//9032 9052//9032
f 9062//9033 9063//9033 9056//9033 9055//9033
f 9040//9034 9064//9034 9057//9034 9035//9034
f 9041//9035 9065//9035 9064//9035 9040//9035
f 9042//9036 9066//9036 9065//9036 9041//9036
f 9043//9037 9067//9037 9066//9037 9042//9037
f 9044//9038 9068//9038 9067//9038 9043//9038
f 9045//9039 9069//9039 9068//9039 9044//9039
f 9046//9040 9070//9040 9069//9040 9045//9040
f 9047//9041 9071//9041 9070//9041 9046//9041
f 9073//9042 9072//9042 9068//9042 9069//9042
f 9074//9043 9048//9043 7635//9043 7640//9043
f 7642//9044 9075//9044 9074//9044 7640//9044
f 9075//9045 9049//9045 9048//9045 9074//9045
f 9076//9046 9050//9046 9049//9046 9075//9046
f 9078//9047 9054//9047 9053//9047 9077//9047
f 9079//9048 9055//9048 9054//9048 9078//9048
f 9057//9049 9080//9049 7644//9049 7638//9049
f 9081//9050 9058//9050 9050//9050 9076//9050
f 9082//9051 9059//9051 9058//9051 9081//9051
f 9083//9052 9060//9052 9059//9052 9082//9052
f 9084//9053 9061//9053 9060//9053 9083//9053
f 9061//9054 9084//9054 9077//9054 9053//9054
f 9084//9055 9085//9055 9078//9055 9077//9055
f 9085//9056 9086//9056 9079//9056 9078//9056
f 9086//9057 9062//9057 9055//9057 9079//9057
f 9087//9058 9063//9058 9062//9058 9086//9058
f 9088//9059 7645//9059 7644//9059 9080//9059
f 9064//9060 9088//9060 9080//9060 9057//9060
f 9065//9061 9089//9061 9088//9061 9064//9061
f 9066//9062 9090//9062 9089//9062 9065//9062
f 9067//9063 9091//9063 9090//9063 9066//9063
f 9068//9064 9092//9064 9091//9064 9067//9064
f 9070//9065 9094//9065 9093//9065 9069//9065
f 9071//9066 9095//9066 9094//9066 9070//9066
f 9097//9067 9096//9067 9090//9067 9091//9067
f 9098//9068 9097//9068 9091//9068 9092//9068
f 9072//9069 9098//9069 9092//9069 9068//9069
f 9073//9070 9099//9070 9098//9070 9072//9070
f 9099//9071 9073//9071 9069//9071 9093//9071
f 9100//9072 9099//9072 9093//9072 9094//9072
f 9101//9073 9100//9073 9094//9073 9095//9073
f 9102//9074 9075//9074 7642//9074 7646//9074
f 9103//9075 9076//9075 9075//9075 9102//9075
f 9104//9076 9081//9076 9076//9076 9103//9076
f 9105//9077 9082//9077 9081//9077 9104//9077
f 9106//9078 9083//9078 9082//9078 9105//9078
f 9107//9079 9084//9079 9083//9079 9106//9079
f 9108//9080 9085//9080 9084//9080 9107//9080
f 9109//9081 9086//9081 9085//9081 9108//9081
f 9110//9082 9087//9082 9086//9082 9109//9082
f 9088//9083 9111//9083 7648//9083 7645//9083
f 9089//9084 9112//9084 9111//9084 9088//9084
f 9090//9085 9113//9085 9112//9085 9089//9085
f 9114//9086 9115//9086 9107//9086 9106//9086
f 9116//9087 9117//9087 9110//9087 9109//9087
f 9119//9088 9118//9088 9112//9088 9113//9088
f 9096//9089 9119//9089 9113//9089 9090//9089
f 9097//9090 9120//9090 9119//9090 9096//9090
f 9098//9091 9121//9091 9120//9091 9097//9091
f 9099//9092 9122//9092 9121//9092 9098//9092
f 9100//9093 9123//9093 9122//9093 9099//9093
f 9101//9094 9124//9094 9123//9094 9100//9094
f 9125//9095 9102//9095 7646//9095 7649//9095
f 9126//9096 9103//9096 9102//9096 9125//9096
f 7650//9097 9128//9097 9125//9097 7649//9097
f 9128//9098 9129//9098 9126//9098 9125//9098
f 9130//9099 9104//9099 9103//9099 9126//9099
f 9131//9100 9130//9100 9126//9100 9127//9100
f 9131//9101 9105//9101 9104//9101 9130//9101
f 9132//9102 9106//9102 9105//9102 9131//9102
f 9134//9103 9108//9103 9107//9103 9133//9103
f 9135//9104 9109//9104 9108//9104 9134//9104
f 7651//9105 9137//9105 9128//9105 7650//9105
f 9111//9106 9137//9106 7651//9106 7648//9106
f 9112//9107 9138//9107 9137//9107 9111//9107
f 9139//9108 9114//9108 9106//9108 9132//9108
f 9140//9109 9139//9109 9132//9109 9133//9109
f 9140//9110 9115//9110 9114//9110 9139//9110
f 9115//9111 9140//9111 9133//9111 9107//9111
f 9141//9112 9142//9112 9134//9112 9133//9112
f 9142//9113 9143//9113 9135//9113 9134//9113
f 9143//9114 9116//9114 9109//9114 9135//9114
f 9144//9115 9117//9115 9116//9115 9143//9115
f 9118//9116 9145//9116 9138//9116 9112//9116
f 9119//9117 9146//9117 9145//9117 9118//9117
f 9120//9118 9147//9118 9146//9118 9119//9118
f 9121//9119 9148//9119 9147//9119 9120//9119
f 9122//9120 9149//9120 9148//9120 9121//9120
f 9123//9121 9150//9121 9149//9121 9122//9121
f 9124//9122 9151//9122 9150//9122 9123//9122
f 9153//9123 9127//9123 9126//9123 9152//9123
f 9155//9124 9129//9124 9128//9124 9154//9124
f 9129//9125 9155//9125 9152//9125 9126//9125
f 9155//9126 9156//9126 9153//9126 9152//9126
f 9156//9127 9131//9127 9127//9127 9153//9127
f 9157//9128 9132//9128 9131//9128 9156//9128
f 9158//9129 9133//9129 9132//9129 9157//9129
f 9137//9130 9162//9130 9154//9130 9128//9130
f 9162//9131 9163//9131 9155//9131 9154//9131
f 9138//9132 9163//9132 9162//9132 9137//9132
f 9165//9133 9141//9133 9133//9133 9158//9133
f 9166//9134 9165//9134 9158//9134 9159//9134
f 9166//9135 9142//9135 9141//9135 9165//9135
f 9167//9136 9166//9136 9159//9136 9160//9136
f 9167//9137 9143//9137 9142//9137 9166//9137
f 9168//9138 9167//9138 9160//9138 9161//9138
f 9168//9139 9144//9139 9143//9139 9167//9139
f 9144//9140 9168//9140 9161//9140 9136//9140
f 9145//9141 9169//9141 9163//9141 9138//9141
f 9169//9142 9170//9142 9164//9142 9163//9142
f 9146//9143 9170//9143 9169//9143 9145//9143
f 9147//9144 9171//9144 9170//9144 9146//9144
f 9148//9145 9172//9145 9171//9145 9147//9145
f 9149//9146 9173//9146 9172//9146 9148//9146
f 9150//9147 9174//9147 9173//9147 9149//9147
f 9151//9148 9175//9148 9174//9148 9150//9148
f 9177//9149 9156//9149 9155//9149 9176//9149
f 9178//9150 9157//9150 9156//9150 9177//9150
f 9179//9151 9158//9151 9157//9151 9178//9151
f 9180//9152 9159//9152 9158//9152 9179//9152
f 9181//9153 9160//9153 9159//9153 9180//9153
f 9182//9154 9161//9154 9160//9154 9181//9154
f 9163//9155 9183//9155 9176//9155 9155//9155
f 9183//9156 9184//9156 9177//9156 9176//9156
f 9164//9157 9184//9157 9183//9157 9163//9157
f 9184//9158 9185//9158 9178//9158 9177//9158
f 9170//9159 9186//9159 9184//9159 9164//9159
f 9186//9160 9187//9160 9185//9160 9184//9160
f 9171//9161 9187//9161 9186//9161 9170//9161
f 9172//9162 9188//9162 9187//9162 9171//9162
f 9173//9163 9189//9163 9188//9163 9172//9163
f 9174//9164 9190//9164 9189//9164 9173//9164
f 9175//9165 9191//9165 9190//9165 9174//9165
f 9003//9166 9192//9166 8987//9166 8983//9166
f 9193//9167 8973//9167 8733//9167 8989//9167
f 8975//9168 9195//9168 9194//9168 8974//9168
f 8976//9169 9196//9169 9195//9169 8975//9169
f 9196//9170 8976//9170 8973//9170 9193//9170
f 8977//9171 9197//9171 9019//9171 8898//9171
f 9197//9172 8977//9172 8974//9172 9194//9172
f 9198//9173 9197//9173 9194//9173 9195//9173
f 9199//9174 9192//9174 9003//9174 9026//9174
f 9192//9175 9199//9175 8990//9175 8987//9175
f 9199//9176 9200//9176 8991//9176 8990//9176
f 9200//9177 9202//9177 8992//9177 8991//9177
f 9201//9178 9193//9178 8989//9178 8992//9178
f 9203//9179 9201//9179 8992//9179 8993//9179
f 9034//9180 9204//9180 9199//9180 9026//9180
f 9196//9181 9206//9181 9205//9181 9195//9181
f 9206//9182 9196//9182 9193//9182 9201//9182
f 9207//9183 9206//9183 9201//9183 9203//9183
f 9197//9184 9208//9184 9039//9184 9019//9184
f 9198//9185 9209//9185 9208//9185 9197//9185
f 9209//9186 9198//9186 9195//9186 9205//9186
f 9210//9187 9209//9187 9205//9187 9206//9187
f 9211//9188 9210//9188 9206//9188 9207//9188
f 9212//9189 9047//9189 9039//9189 9208//9189
f 9213//9190 9212//9190 9208//9190 9209//9190
f 9215//9191 9200//9191 9199//9191 9214//9191
f 9216//9192 9202//9192 9200//9192 9215//9192
f 9202//9193 9216//9193 8994//9193 8992//9193
f 9216//9194 9217//9194 8995//9194 8994//9194
f 9217//9195 9203//9195 8993//9195 8995//9195
f 9218//9196 9204//9196 9034//9196 9056//9196
f 9204//9197 9218//9197 9214//9197 9199//9197
f 9218//9198 9219//9198 9215//9198 9214//9198
f 9220//9199 9207//9199 9203//9199 9217//9199
f 9063//9200 9221//9200 9218//9200 9056//9200
f 9210//9201 9223//9201 9222//9201 9209//9201
f 9211//9202 9224//9202 9223//9202 9210//9202
f 9224//9203 9211//9203 9207//9203 9220//9203
f 9212//9204 9225//9204 9071//9204 9047//9204
f 9213//9205 9226//9205 9225//9205 9212//9205
f 9226//9206 9213//9206 9209//9206 9222//9206
f 9227//9207 9226//9207 9222//9207 9223//9207
f 9229//9208 9216//9208 9215//9208 9228//9208
f 9230//9209 9217//9209 9216//9209 9229//9209
f 9232//9210 9219//9210 9218//9210 9231//9210
f 9219//9211 9232//9211 9228//9211 9215//9211
f 9232//9212 9233//9212 9229//9212 9228//9212
f 9233//9213 9234//9213 9230//9213 9229//9213
f 9234//9214 9220//9214 9217//9214 9230//9214
f 9235//9215 9221//9215 9063//9215 9087//9215
f 9221//9216 9235//9216 9231//9216 9218//9216
f 9235//9217 9236//9217 9232//9217 9231//9217
f 9224//9218 9238//9218 9237//9218 9223//9218
f 9238//9219 9224//9219 9220//9219 9234//9219
f 9225//9220 9239//9220 9095//9220 9071//9220
f 9226//9221 9240//9221 9239//9221 9225//9221
f 9227//9222 9241//9222 9240//9222 9226//9222
f 9241//9223 9227//9223 9223//9223 9237//9223
f 9242//9224 9241//9224 9237//9224 9238//9224
f 9243//9225 9101//9225 9095//9225 9239//9225
f 9244//9226 9243//9226 9239//9226 9240//9226
f 9246//9227 9233//9227 9232//9227 9245//9227
f 9247//9228 9234//9228 9233//9228 9246//9228
f 9248//9229 9235//9229 9087//9229 9110//9229
f 9249//9230 9236//9230 9235//9230 9248//9230
f 9236//9231 9249//9231 9245//9231 9232//9231
f 9250//9232 9238//9232 9234//9232 9247//9232
f 9117//9233 9251//9233 9248//9233 9110//9233
f 9241//9234 9253//9234 9252//9234 9240//9234
f 9242//9235 9254//9235 9253//9235 9241//9235
f 9254//9236 9242//9236 9238//9236 9250//9236
f 9243//9237 9255//9237 9124//9237 9101//9237
f 9244//9238 9256//9238 9255//9238 9243//9238
f 9256//9239 9244//9239 9240//9239 9252//9239
f 9258//9240 9246//9240 9245//9240 9257//9240
f 9259//9241 9247//9241 9246//9241 9258//9241
f 9261//9242 9249//9242 9248//9242 9260//9242
f 9249//9243 9261//9243 9257//9243 9245//9243
f 9262//9244 9250//9244 9247//9244 9259//9244
f 9263//9245 9144//9245 9136//9245 9260//9245
f 9263//9246 9251//9246 9117//9246 9144//9246
f 9251//9247 9263//9247 9260//9247 9248//9247
f 9253//9248 9265//9248 9264//9248 9252//9248
f 9254//9249 9266//9249 9265//9249 9253//9249
f 9266//9250 9254//9250 9250//9250 9262//9250
f 9255//9251 9267//9251 9151//9251 9124//9251
f 9256//9252 9268//9252 9267//9252 9255//9252
f 9268//9253 9256//9253 9252//9253 9264//9253
f 9269//9254 9268//9254 9264//9254 9265//9254
f 9271//9255 9258//9255 9257//9255 9270//9255
f 9272//9256 9259//9256 9258//9256 9271//9256
f 9273//9257 9260//9257 9136//9257 9161//9257
f 9274//9258 9261//9258 9260//9258 9273//9258
f 9261//9259 9274//9259 9270//9259 9257//9259
f 9274//9260 9275//9260 9271//9260 9270//9260
f 9275//9261 9276//9261 9272//9261 9271//9261
f 9276//9262 9262//9262 9259//9262 9272//9262
f 9277//9263 9278//9263 9276//9263 9275//9263
f 9266//9264 9278//9264 9277//9264 9265//9264
f 9278//9265 9266//9265 9262//9265 9276//9265
f 9267//9266 9279//9266 9175//9266 9151//9266
f 9268//9267 9280//9267 9279//9267 9267//9267
f 9269//9268 9281//9268 9280//9268 9268//9268
f 9281//9269 9269//9269 9265//9269 9277//9269
f 9282//9270 9273//9270 9161//9270 9182//9270
f 9283//9271 9274//9271 9273//9271 9282//9271
f 9284//9272 9275//9272 9274//9272 9283//9272
f 9285//9273 9286//9273 9284//9273 9283//9273
f 9286//9274 9277//9274 9275//9274 9284//9274
f 9279//9275 9287//9275 9191//9275 9175//9275
f 9280//9276 9288//9276 9287//9276 9279//9276
f 9288//9277 9289//9277 9286//9277 9285//9277
f 9281//9278 9289//9278 9288//9278 9280//9278
f 9289//9279 9281//9279 9277//9279 9286//9279
f 9291//9280 9179//9280 9178//9280 9290//9280
f 9292//9281 9180//9281 9179//9281 9291//9281
f 9293//9282 9181//9282 9180//9282 9292//9282
f 9294//9283 9182//9283 9181//9283 9293//9283
f 9185//9284 9295//9284 9290//9284 9178//9284
f 9295//9285 9296//9285 9291//9285 9290//9285
f 9296//9286 9297//9286 9292//9286 9291//9286
f 9297//9287 9298//9287 9293//9287 9292//9287
f 9298//9288 9299//9288 9294//9288 9293//9288
f 9187//9289 9300//9289 9295//9289 9185//9289
f 9300//9290 9301//9290 9296//9290 9295//9290
f 9188//9291 9301//9291 9300//9291 9187//9291
f 9301//9292 9302//9292 9297//9292 9296//9292
f 9189//9293 9302//9293 9301//9293 9188//9293
f 9190//9294 9303//9294 9302//9294 9189//9294
f 9191//9295 9304//9295 9303//9295 9190//9295
f 9306//9296 9298//9296 9297//9296 9305//9296
f 9307//9297 9299//9297 9298//9297 9306//9297
f 9302//9298 9308//9298 9305//9298 9297//9298
f 9308//9299 9309//9299 9306//9299 9305//9299
f 9303//9300 9309//9300 9308//9300 9302//9300
f 9309//9301 9310//9301 9307//9301 9306//9301
f 9304//9302 9310//9302 9309//9302 9303//9302
f 9310//9303 9304//9303 9299//9303 9307//9303
f 9311//9304 9282//9304 9182//9304 9294//9304
f 9312//9305 9283//9305 9282//9305 9311//9305
f 9299//9306 9313//9306 9311//9306 9294//9306
f 9313//9307 9314//9307 9312//9307 9311//9307
f 9314//9308 9285//9308 9283//9308 9312//9308
f 9304//9309 9315//9309 9313//9309 9299//9309
f 9287//9310 9315//9310 9304//9310 9191//9310
f 9315//9311 9316//9311 9314//9311 9313//9311
f 9288//9312 9316//9312 9315//9312 9287//9312
f 9316//9313 9288//9313 9285//9313 9314//9313
